ORDER-ID CLASS
49916 0
49918 0
49920 1
49921 0
49922 0
49925 0
49926 0
49932 0
49934 0
49936 0
49948 0
49950 0
49952 1
49954 0
49955 1
49958 0
49961 0
49963 1
49964 0
49966 1
49969 0
49970 0
49971 0
49972 0
49976 0
49977 1
49978 0
49979 0
49980 1
49982 0
49984 1
49988 0
49990 0
49996 0
49628 1
49631 0
49633 1
49634 0
49635 0
49638 1
49639 0
49642 1
49646 0
49647 0
49649 0
49650 0
49652 0
49653 0
49655 1
49662 0
49663 0
49664 0
49666 0
49667 0
49669 0
49672 0
49677 0
49679 1
49680 0
49686 0
49690 0
49692 0
49693 0
49697 0
49700 1
49701 0
49703 0
49706 1
49707 0
49710 0
49713 0
49718 0
49719 0
49723 0
49724 1
49725 0
49726 1
49727 0
49733 0
49736 0
49737 0
49739 0
49741 1
49745 1
49747 0
49748 0
49750 0
49752 1
49754 1
49755 1
49756 0
49757 0
49758 1
49759 0
49764 1
49833 0
49834 0
49836 1
49838 0
49841 0
49847 0
49848 1
49850 0
49851 0
49855 0
49857 0
49858 0
49862 0
49865 0
49867 0
49868 0
49870 0
49871 1
49872 1
49875 0
49879 0
49883 0
49363 0
49364 0
49365 0
49366 0
49367 1
49368 1
49377 0
49381 1
49382 0
49386 1
49394 0
49395 0
49396 0
49398 0
49399 1
49405 0
49407 0
49408 0
49410 0
49412 1
49413 0
49415 1
49416 0
49423 0
49429 0
49433 0
49434 1
49436 0
49438 0
49439 0
49444 1
49445 0
49447 0
49448 0
49454 0
49455 0
49462 0
49464 0
49465 0
49466 0
49468 0
49469 1
49473 1
49474 0
49477 1
49482 0
49483 0
49485 0
49488 0
49490 0
49491 1
49493 0
49494 0
49497 0
49887 1
49889 1
49890 0
49892 0
49893 0
49896 1
49899 0
49901 0
49905 1
49907 0
49908 1
49911 0
49912 1
49913 0
49914 0
49915 0
45647 1
45648 0
45651 0
45653 0
45654 1
45655 0
45656 0
45657 0
45658 0
45659 0
45391 0
45392 0
45395 0
45396 0
45397 0
45404 0
45407 0
45411 0
45414 1
45417 0
45418 0
45425 0
45426 0
45433 0
45434 0
45435 0
45436 0
45437 0
45438 1
45439 0
45442 0
45444 1
45447 0
45453 0
45454 0
45455 0
45456 0
45461 0
45467 0
45468 0
45470 0
45472 1
45473 0
45474 0
45475 0
45477 1
45479 1
45481 0
45484 0
45485 0
45488 0
45491 0
45494 0
45495 0
45504 0
45505 0
45506 0
45508 1
45510 0
45516 1
45517 1
45520 0
45522 0
45523 1
45524 0
45526 0
45529 1
45531 0
45532 0
45533 1
45534 0
45535 0
45537 0
45538 0
45541 0
45542 0
45544 0
45545 1
45551 0
45552 1
45554 0
45559 0
45560 0
45563 0
45565 1
45566 0
45567 0
45569 0
45570 1
45571 0
45572 0
45573 1
45574 0
45576 0
45578 0
45582 0
45585 1
45589 0
45591 1
45594 0
45595 0
45597 0
45598 0
45599 0
45600 1
45601 1
45607 0
45609 0
45611 0
45613 0
45614 0
45615 0
45617 0
45622 0
45623 0
45627 0
45628 0
45632 0
45636 0
45638 0
45642 0
45645 1
45132 0
45135 1
45137 0
45139 1
45141 0
45143 0
45146 0
45150 0
45154 0
45156 0
45158 1
45159 1
45160 0
45162 1
45166 0
45167 0
45168 0
45172 0
45176 0
45178 0
45182 1
45183 1
45186 0
45190 0
45192 1
45195 0
45198 0
45200 0
45208 0
45209 0
45210 1
45211 0
45213 0
45215 0
45218 0
45219 0
45224 0
45225 0
45228 0
45229 0
45231 1
45233 0
45235 0
45237 1
45238 0
45239 1
45245 0
45251 0
45254 0
45259 0
45265 0
45266 0
45267 0
45269 0
45271 0
45273 0
45274 0
45275 0
45276 0
45278 0
45279 1
45280 0
45284 1
45286 0
45287 0
45288 1
45290 0
45293 0
45303 0
45311 0
45312 0
45314 0
45317 0
45318 1
45319 0
45320 1
45323 0
45324 0
45326 0
45327 0
45331 1
45332 1
45333 0
45334 0
45336 1
45337 1
45338 0
45340 0
45341 0
45343 1
45346 0
45348 1
45349 0
45351 1
45353 0
45354 0
45359 0
45360 1
45361 0
45362 0
45365 1
45366 0
45369 0
45373 1
45374 0
45375 0
45380 0
45381 0
45385 0
45386 0
45387 0
44873 0
44876 0
44877 1
44883 0
44885 1
44888 1
44889 0
44891 1
44893 0
44900 0
44902 1
44909 1
44913 0
44915 1
44917 0
44922 0
44925 1
44926 1
44931 0
44932 0
44934 0
44937 0
44938 0
44940 1
44942 1
44946 0
44947 0
44950 1
44952 0
44953 0
44955 0
44958 0
44960 0
44961 1
44965 0
44968 0
44972 0
44974 1
44975 0
44976 0
44978 0
44982 0
44988 0
44993 0
44995 0
45007 1
45008 0
45010 0
45011 0
45012 0
45013 0
45014 0
45016 1
45020 0
45022 1
45025 1
45028 0
45033 0
45034 0
45035 1
45037 0
45038 0
45039 0
45041 0
45043 1
45046 1
45047 1
45049 0
45050 0
45060 0
45065 1
45066 1
45067 1
45069 0
45070 0
45073 1
45077 0
45078 0
45080 0
45081 1
45084 0
45085 0
45090 0
45091 0
45095 0
45100 0
45102 1
45103 0
45104 1
45106 0
45108 0
45109 0
45111 0
45115 0
45118 0
45120 0
45125 1
44615 1
44619 0
44621 0
44623 0
44625 1
44627 0
44628 0
44629 0
44631 0
44638 0
44645 1
44647 0
44648 0
44651 0
44654 0
44658 1
44664 0
44667 0
44668 0
44670 0
44672 0
44673 0
44675 0
44678 0
44682 1
44684 1
44686 0
44691 0
44694 0
44703 1
44704 0
44706 0
44708 0
44709 0
44715 1
44718 0
44720 0
44722 1
44727 0
44731 0
44734 1
44735 1
44736 0
44737 0
44739 0
44742 0
44744 1
44748 0
44749 0
44750 1
44753 1
44757 1
44758 0
44760 0
44762 0
44765 0
44770 1
44771 0
44772 0
44773 0
44774 1
44776 0
44777 0
44780 0
44781 0
44783 0
44786 0
44790 0
44791 0
44792 0
44794 0
44795 0
44796 0
44800 1
44801 0
44804 0
44805 0
44806 0
44815 0
44819 0
44820 0
44824 0
44830 0
44831 0
44833 0
44837 0
44846 0
44852 0
44854 0
44855 0
44856 0
44861 0
44862 0
44863 1
44867 0
44868 1
44870 1
44353 0
44355 0
44357 0
44358 0
44359 1
44361 0
44363 0
44365 0
44366 0
44367 1
44369 0
44370 0
44371 1
44372 0
44374 1
44375 0
44378 1
44380 0
44384 1
44389 0
44396 1
44399 0
44402 0
44408 0
44413 0
44417 0
44419 0
44422 0
44426 0
44427 1
44428 0
44429 1
44430 0
44431 0
44432 0
44433 0
44435 1
44436 0
44439 1
44447 0
44452 0
44454 1
44457 0
44461 0
44463 0
44464 1
44467 0
44469 0
44471 1
44475 0
44477 0
44479 0
44483 0
44485 1
44486 0
44488 0
44489 0
44490 0
44495 0
44496 0
44498 1
44499 0
44501 0
44502 0
44504 0
44506 0
44508 0
44510 0
44512 0
44513 0
44514 0
44516 0
44517 1
44518 0
44521 0
44524 0
44526 0
44531 0
44535 0
44538 0
44539 0
44543 1
44546 1
44549 0
44551 0
44552 0
44553 0
44555 0
44557 0
44558 0
44561 1
44563 0
44565 0
44566 0
44568 1
44572 0
44576 0
44577 1
44580 0
44584 0
44586 0
44587 0
44588 0
44591 0
44593 1
44595 0
44602 1
44603 0
44604 1
44606 0
44607 1
44609 1
44098 0
44100 0
44102 1
44103 0
44104 0
44107 1
44110 0
44113 0
44114 0
44118 1
44121 0
44122 0
44124 0
44128 0
44129 0
44135 0
44137 0
44138 0
44141 0
44143 1
44144 1
44146 0
44147 1
44148 0
44150 0
44155 0
44156 0
44158 0
44159 0
44170 0
44171 0
44172 1
44173 1
44174 0
44177 0
44178 0
44179 0
44181 0
44185 0
44187 1
44189 0
44192 0
44193 0
44195 0
44196 0
44201 0
44203 0
44204 0
44206 0
44207 0
44209 0
44218 0
44219 1
44221 1
44222 0
44223 0
44227 1
44229 0
44230 0
44232 0
44236 0
44237 0
44239 0
44241 0
44242 1
44244 0
44246 1
44251 0
44255 0
44257 0
44259 0
44260 0
44262 0
44264 1
44267 0
44268 1
44269 1
44272 0
44275 0
44277 1
44278 0
44281 0
44282 1
44285 0
44287 1
44292 1
44294 1
44296 0
44298 0
44300 1
44303 0
44304 1
44305 1
44306 0
44310 1
44313 0
44315 0
44316 0
44317 0
44319 0
44322 0
44323 1
44326 0
44329 1
44331 0
44332 0
44336 1
44338 0
44339 1
44342 0
44345 0
44346 0
44349 0
44350 0
43838 0
43839 0
43843 1
43845 1
43846 1
43850 0
43854 0
43856 0
43862 1
43863 0
43865 0
43869 0
43871 0
43881 0
43882 0
43884 0
43889 1
43890 1
43892 0
43893 1
43894 0
43899 1
43900 0
43904 0
43905 1
43907 1
43909 1
43910 0
43911 1
43917 0
43918 0
43919 0
43923 0
43926 1
43928 0
43930 0
43932 0
43933 0
43935 1
43937 0
43938 0
43941 0
43942 0
43947 0
43949 0
43951 0
43952 0
43965 0
43969 0
43971 0
43974 0
43977 0
43979 0
43983 0
43984 0
43985 0
43986 0
43987 0
43990 1
43992 0
43993 0
43994 0
43997 1
44000 0
44001 1
44002 0
44004 0
44005 0
44006 0
44010 0
44012 1
44014 0
44015 0
44018 0
44020 1
44021 0
44023 0
44028 0
44036 0
44037 0
44044 0
44045 0
44051 1
44052 0
44053 0
44055 0
44059 0
44063 0
44064 0
44066 0
44068 0
44070 0
44074 1
44075 0
44078 0
44083 0
44085 0
44086 0
44093 0
44094 0
43578 0
43582 0
43586 0
43587 0
43588 0
43589 1
43597 0
43601 0
43602 0
43603 1
43610 1
43612 0
43614 0
43617 0
43621 0
43624 0
43626 0
43628 1
43631 0
43632 0
43633 0
43634 0
43635 1
43639 1
43643 0
43644 0
43645 0
43653 0
43655 1
43657 0
43659 0
43662 1
43665 0
43672 1
43678 0
43682 0
43683 0
43684 0
43688 0
43689 0
43691 1
43694 1
43698 1
43700 0
43701 0
43702 1
43705 1
43707 1
43711 0
43712 0
43722 1
43723 0
43725 1
43726 1
43728 0
43730 0
43738 0
43739 0
43740 0
43743 1
43744 1
43745 1
43747 1
43749 0
43751 0
43754 1
43756 0
43757 0
43759 0
43766 0
43767 0
43768 0
43771 1
43772 1
43774 0
43778 0
43781 0
43784 0
43785 0
43786 1
43792 0
43797 1
43798 0
43802 0
43808 1
43809 0
43812 0
43815 1
43816 0
43818 1
43822 0
43823 1
43827 0
43830 0
43832 1
43833 0
43836 1
43837 0
43316 0
43317 0
43320 1
43324 0
43325 0
43326 0
43328 1
43330 0
43335 0
43336 0
43338 0
43341 0
43346 0
43349 0
43350 1
43364 0
43375 0
43376 0
43377 1
43380 0
43382 0
43383 0
43384 0
43390 0
43399 0
43400 1
43404 0
43405 0
43406 1
43407 1
43409 0
43410 1
43411 0
43412 0
43413 0
43415 0
43416 1
43417 0
43419 0
43420 0
43423 1
43426 0
43427 0
43428 0
43430 0
43433 1
43437 0
43438 0
43442 0
43444 0
43446 1
43447 0
43451 0
43454 0
43457 0
43460 1
43461 0
43462 0
43465 0
43466 0
43467 0
43469 0
43473 0
43474 0
43478 0
43479 1
43480 1
43484 0
43487 0
43488 1
43491 0
43496 1
43498 0
43500 0
43504 1
43508 0
43516 0
43517 0
43518 1
43520 0
43521 0
43522 0
43523 0
43525 0
43537 0
43538 1
43543 0
43550 0
43551 0
43557 0
43563 0
43568 0
43571 1
43573 0
43574 0
43575 0
43055 0
43056 0
43058 0
43060 0
43061 0
43062 1
43063 0
43066 1
43073 0
43075 1
43076 0
43083 0
43084 0
43090 0
43094 0
43095 1
43096 0
43101 1
43102 0
43104 0
43106 0
43107 0
43109 0
43110 1
43111 0
43112 0
43114 1
43116 0
43124 0
43129 0
43130 1
43133 0
43135 1
43143 0
43144 0
43146 1
43150 0
43152 0
43153 0
43155 1
43157 0
43159 0
43160 0
43172 0
43179 0
43180 0
43183 0
43184 0
43189 1
43192 0
43194 0
43196 1
43197 0
43199 0
43201 1
43202 1
43204 0
43205 0
43207 0
43208 0
43212 1
43215 0
43216 0
43220 0
43225 0
43226 0
43227 0
43232 0
43233 0
43234 0
43235 0
43238 0
43242 0
43244 0
43245 0
43247 1
43250 0
43255 0
43258 0
43263 1
43265 0
43272 0
43276 1
43278 0
43284 0
43285 0
43286 0
43294 0
43296 0
43298 0
43301 1
43303 0
43304 0
43305 0
43306 1
43311 0
43315 0
42795 0
42799 0
42800 0
42803 0
42805 0
42809 0
42813 0
42814 1
42821 0
42825 0
42826 1
42833 0
42835 0
42837 1
42840 0
42842 0
42844 0
42845 1
42846 0
42850 0
42855 0
42860 0
42862 1
42868 0
42872 0
42875 0
42877 0
42879 0
42881 0
42884 0
42886 0
42889 0
42890 0
42891 1
42895 0
42897 0
42898 0
42900 0
42901 0
42902 0
42903 0
42905 0
42909 0
42911 1
42918 1
42921 0
42922 0
42923 0
42925 0
42926 0
42931 1
42934 1
42939 0
42941 0
42944 0
42945 0
42949 0
42951 0
42952 0
42955 1
42959 0
42961 0
42966 0
42968 1
42969 0
42973 0
42974 1
42975 0
42976 0
42979 1
42981 0
42983 0
42985 0
42995 1
42996 0
42999 1
43000 1
43001 0
43002 1
43004 0
43006 0
43007 0
43010 1
43018 0
43022 0
43029 0
43032 0
43034 0
43037 0
43040 0
43042 0
43044 0
43047 0
43048 1
43053 0
42534 0
42538 0
42543 1
42546 0
42547 0
42551 0
42554 0
42555 0
42559 1
42561 0
42563 1
42564 1
42566 0
42574 0
42575 0
42577 0
42582 0
42584 0
42586 0
42588 0
42589 1
42593 0
42604 0
42607 0
42609 1
42611 0
42612 0
42614 0
42615 1
42616 1
42618 1
42619 0
42620 0
42623 0
42625 0
42627 0
42629 0
42631 0
42633 0
42636 0
42639 0
42640 1
42644 0
42648 0
42651 0
42655 0
42656 0
42657 1
42659 0
42661 0
42662 1
42667 0
42668 0
42669 1
42672 0
42673 0
42676 0
42679 0
42680 0
42681 1
42684 0
42686 1
42687 1
42688 1
42690 1
42696 0
42702 0
42703 0
42704 0
42705 0
42708 0
42710 0
42711 1
42713 0
42714 1
42715 0
42717 1
42720 0
42724 0
42725 1
42727 0
42735 0
42736 0
42737 0
42739 0
42744 0
42748 0
42750 0
42755 0
42756 0
42759 0
42761 1
42782 0
42785 0
42786 0
42787 0
42790 1
42793 0
42277 1
42278 1
42279 0
42280 0
42286 0
42290 0
42291 1
42292 0
42293 1
42295 0
42296 0
42297 1
42299 0
42301 1
42305 1
42306 0
42307 0
42313 0
42316 0
42318 0
42319 0
42320 1
42325 1
42326 0
42330 0
42332 0
42334 1
42335 0
42336 0
42337 0
42339 0
42341 0
42343 0
42345 0
42346 1
42350 0
42351 1
42353 0
42355 0
42356 0
42357 0
42362 0
42365 0
42366 0
42367 0
42370 1
42374 0
42380 0
42388 0
42390 1
42392 0
42398 1
42402 0
42404 1
42409 0
42410 1
42413 1
42414 0
42416 0
42418 0
42420 0
42423 0
42424 1
42429 0
42434 0
42435 0
42439 1
42440 0
42442 0
42444 0
42447 0
42448 0
42449 0
42453 1
42457 0
42458 0
42466 0
42467 1
42468 1
42469 1
42470 0
42472 0
42473 0
42477 0
42479 0
42481 0
42483 0
42486 0
42487 0
42490 0
42491 0
42492 1
42493 0
42494 0
42500 0
42504 0
42507 0
42512 1
42513 0
42514 1
42515 0
42516 1
42518 0
42524 1
42527 0
42530 1
42531 0
42532 0
42012 0
42017 0
42018 1
42021 0
42022 0
42026 0
42032 0
42033 0
42034 1
42035 1
42039 1
42040 1
42041 1
42042 1
42043 1
42049 0
42056 1
42059 0
42060 1
42063 0
42065 0
42067 0
42069 1
42070 0
42072 1
42073 1
42079 0
42087 0
42090 1
42091 1
42092 0
42093 1
42098 0
42100 0
42102 1
42105 0
42106 0
42107 0
42110 1
42111 0
42112 0
42115 1
42116 0
42117 0
42119 1
42124 1
42127 0
42128 1
42129 0
42135 0
42137 1
42138 0
42141 1
42143 1
42147 0
42148 1
42150 0
42156 0
42160 1
42162 0
42164 1
42167 0
42169 0
42170 1
42172 0
42176 1
42178 0
42180 0
42182 1
42183 1
42185 1
42189 0
42190 0
42191 1
42193 0
42195 0
42196 1
42197 0
42198 0
42204 0
42208 0
42211 0
42216 0
42218 0
42221 0
42226 1
42228 0
42233 0
42234 1
42235 0
42236 0
42237 0
42243 1
42246 0
42249 0
42250 0
42253 0
42255 0
42256 0
42257 0
42267 1
42269 1
41754 1
41756 1
41758 0
41760 0
41763 1
41766 0
41769 0
41770 1
41772 0
41773 1
41775 0
41778 1
41781 1
41783 0
41784 0
41785 0
41790 0
41791 1
41793 0
41795 0
41796 0
41797 0
41800 1
41806 0
41807 1
41808 0
41812 1
41818 0
41820 1
41822 0
41824 0
41827 0
41828 0
41829 0
41830 1
41833 1
41835 0
41837 1
41838 0
41840 0
41841 0
41842 0
41848 0
41851 1
41854 0
41855 1
41856 0
41862 0
41863 0
41864 1
41868 0
41872 1
41876 1
41877 1
41878 0
41881 1
41885 0
41886 0
41887 0
41893 1
41895 1
41896 0
41898 0
41899 0
41900 0
41905 1
41910 1
41911 0
41912 0
41916 0
41917 1
41918 0
41922 0
41923 0
41924 0
41928 0
41929 1
41931 1
41940 0
41941 0
41946 0
41948 1
41950 1
41954 1
41957 0
41958 0
41960 0
41962 1
41963 0
41964 0
41968 0
41969 0
41970 0
41973 0
41975 0
41977 0
41980 0
41989 0
41991 0
41992 1
41995 0
41998 0
42002 0
42003 0
42004 0
42006 1
42007 1
42009 0
42010 1
42011 0
41491 0
41492 1
41493 0
41495 0
41496 0
41497 0
41498 0
41499 0
41502 1
41503 1
41516 0
41517 0
41519 1
41522 0
41526 0
41533 0
41535 0
41536 0
41538 0
41539 0
41542 1
41544 1
41545 0
41549 1
41550 0
41552 0
41554 0
41555 0
41559 0
41560 0
41562 1
41567 1
41568 1
41569 0
41572 0
41574 0
41575 0
41576 0
41578 0
41580 0
41582 0
41592 0
41593 0
41596 0
41599 0
41601 1
41602 0
41604 0
41605 0
41606 0
41608 1
41609 1
41619 1
41620 0
41624 0
41625 1
41626 1
41627 0
41629 0
41636 0
41637 1
41638 0
41645 0
41646 0
41647 0
41649 0
41650 0
41651 1
41654 1
41655 0
41656 1
41657 1
41661 0
41664 0
41665 0
41667 1
41668 1
41674 0
41679 0
41681 1
41685 0
41687 1
41690 0
41691 1
41692 0
41694 0
41696 0
41698 1
41700 1
41703 0
41705 0
41706 0
41707 0
41709 1
41710 0
41712 0
41713 0
41716 1
41724 0
41725 0
41729 0
41738 0
41740 0
41744 0
41748 1
41235 0
41237 1
41243 0
41245 1
41247 0
41248 1
41249 0
41251 0
41253 1
41254 0
41256 0
41260 0
41261 0
41267 0
41270 1
41273 0
41277 0
41278 0
41279 0
41280 0
41281 1
41283 1
41285 0
41288 0
41290 1
41293 0
41296 0
41299 0
41300 0
41303 0
41304 1
41305 0
41307 0
41309 0
41313 0
41314 0
41315 0
41316 0
41319 0
41320 0
41321 0
41328 1
41329 0
41330 0
41331 0
41332 0
41336 1
41337 0
41341 0
41344 0
41345 0
41347 0
41348 0
41349 0
41360 1
41361 0
41362 0
41367 1
41368 1
41369 0
41371 0
41374 0
41378 0
41389 1
41390 0
41396 0
41404 0
41407 0
41409 0
41411 0
41412 0
41415 1
41418 1
41422 0
41423 0
41428 0
41429 0
41434 0
41435 0
41436 0
41442 1
41443 0
41453 0
41454 0
41456 0
41458 0
41461 0
41463 0
41465 0
41466 1
41467 0
41468 0
41469 0
41470 0
41471 1
41479 0
41480 0
41483 0
41484 0
41485 0
41488 1
41489 0
40970 1
40971 0
40976 0
40979 1
40983 0
40984 0
40986 1
40988 0
40989 0
40990 0
40992 0
40994 0
40996 0
40998 0
40999 0
41002 1
41007 1
41011 0
41013 1
41020 1
41021 0
41023 0
41024 1
41025 1
41030 1
41031 1
41034 0
41035 1
41039 0
41043 0
41044 0
41046 0
41047 1
41049 0
41057 1
41059 0
41060 0
41062 0
41063 1
41065 1
41068 1
41070 1
41072 0
41077 0
41078 0
41079 1
41081 0
41085 0
41086 0
41089 0
41090 1
41094 1
41096 0
41099 0
41100 0
41102 0
41104 0
41106 0
41108 0
41112 0
41115 0
41116 0
41117 0
41120 1
41132 0
41136 0
41139 0
41140 1
41143 0
41147 0
41148 0
41154 0
41158 0
41164 0
41170 0
41174 0
41178 0
41180 1
41181 0
41182 0
41185 1
41186 0
41191 0
41194 1
41197 0
41202 1
41205 0
41207 0
41209 1
41210 0
41215 0
41217 1
41219 0
41221 0
41222 0
41229 0
40708 0
40709 0
40710 1
40712 1
40719 0
40725 0
40727 0
40730 1
40731 1
40732 0
40734 0
40735 1
40736 0
40738 0
40742 0
40743 0
40744 1
40745 0
40751 0
40756 0
40761 1
40762 0
40765 0
40766 1
40768 0
40769 0
40770 1
40772 0
40773 0
40777 0
40780 1
40781 0
40782 1
40788 0
40789 0
40791 0
40794 1
40795 1
40796 0
40799 0
40800 1
40801 1
40806 0
40812 0
40813 1
40815 0
40816 1
40824 1
40827 0
40829 0
40830 0
40832 1
40843 0
40845 0
40847 0
40848 0
40849 0
40854 0
40857 0
40858 0
40860 0
40861 0
40862 0
40866 0
40871 1
40872 0
40873 1
40878 0
40881 0
40889 0
40890 0
40892 0
40898 0
40901 0
40902 0
40904 0
40905 0
40906 1
40907 1
40913 1
40915 0
40917 1
40924 1
40925 0
40926 0
40933 0
40935 0
40936 0
40940 0
40941 0
40942 0
40943 0
40944 0
40945 0
40948 0
40952 0
40954 0
40958 0
40959 0
40961 0
40969 0
40449 0
40454 0
40458 0
40460 0
40461 0
40462 0
40464 0
40465 1
40467 0
40468 0
40471 1
40472 1
40477 0
40478 0
40481 0
40482 0
40486 1
40487 0
40494 1
40495 0
40497 1
40498 0
40503 0
40506 0
40510 1
40514 1
40517 0
40521 1
40526 0
40529 1
40533 0
40537 0
40538 1
40541 0
40542 0
40545 1
40546 0
40548 1
40551 1
40553 0
40554 0
40555 0
40557 1
40562 1
40563 0
40564 0
40566 1
40568 0
40571 0
40575 0
40579 0
40580 0
40584 0
40586 1
40587 0
40589 0
40591 1
40592 0
40595 1
40596 0
40598 1
40599 0
40600 0
40611 1
40612 0
40618 1
40620 1
40621 0
40627 0
40631 1
40634 0
40636 0
40638 0
40642 0
40644 0
40645 0
40646 1
40649 0
40652 0
40654 1
40655 1
40656 0
40665 1
40666 0
40669 0
40671 1
40673 0
40674 0
40677 0
40682 1
40685 0
40688 0
40691 1
40692 0
40696 1
40697 0
40698 0
40701 0
40705 0
40188 0
40189 0
40190 1
40191 0
40194 1
40196 1
40198 0
40204 0
40205 0
40209 0
40210 0
40211 0
40212 0
40214 0
40217 1
40218 0
40219 0
40223 0
40226 1
40227 1
40228 0
40230 0
40231 0
40232 0
40236 0
40240 0
40242 0
40243 0
40247 1
40249 0
40250 0
40251 0
40252 0
40253 0
40256 0
40258 0
40260 0
40262 0
40264 0
40267 0
40268 1
40270 0
40272 0
40274 0
40276 1
40279 0
40280 0
40282 0
40283 0
40287 0
40288 0
40290 0
40296 0
40298 1
40301 0
40303 0
40304 0
40305 0
40307 0
40315 0
40317 0
40319 0
40320 0
40322 0
40323 1
40328 0
40330 0
40332 0
40337 0
40338 0
40342 1
40348 0
40354 1
40355 0
40359 0
40362 0
40364 0
40366 1
40369 0
40371 0
40378 0
40379 0
40381 0
40382 0
40384 0
40385 1
40391 0
40397 0
40402 0
40403 0
40404 0
40412 1
40414 1
40418 1
40423 0
40425 0
40426 0
40427 0
40429 0
40432 0
40433 0
40434 1
40436 1
40437 1
40439 0
40440 0
40441 0
40442 0
39938 0
39939 0
39940 1
39946 0
39947 0
39948 0
39951 0
39957 0
39960 0
39962 0
39963 0
39967 0
39973 0
39974 0
39975 0
39976 0
39978 0
39979 0
39980 0
39982 0
39985 0
39986 0
39987 0
39989 0
39998 1
39999 1
40001 0
40007 0
40008 0
40012 0
40014 1
40018 0
40020 0
40021 0
40031 0
40033 0
40036 0
40037 0
40038 0
40039 1
40041 0
40045 0
40047 0
40052 0
40055 0
40057 1
40060 0
40061 0
40062 0
40066 1
40072 0
40073 0
40076 0
40080 1
40082 0
40084 1
40085 0
40087 1
40089 0
40090 1
40094 0
40095 0
40096 0
40098 1
40101 0
40102 0
40103 0
40104 0
40106 1
40108 0
40109 1
40113 0
40115 0
40116 1
40122 0
40123 1
40125 1
40126 0
40127 0
40134 0
40136 0
40138 0
40139 0
40141 0
40144 0
40146 1
40148 0
40151 1
40156 0
40159 1
40161 0
40162 0
40163 0
40164 0
40166 0
40167 1
40169 0
40171 0
40174 0
40183 1
40184 0
39668 1
39670 0
39671 0
39673 1
39674 1
39675 0
39676 1
39680 1
39685 0
39694 0
39695 0
39698 0
39700 0
39703 1
39711 0
39712 1
39713 0
39715 1
39717 0
39723 0
39725 1
39726 0
39729 0
39730 1
39731 0
39733 0
39734 1
39742 0
39743 0
39744 0
39751 0
39753 1
39756 0
39758 0
39760 1
39764 0
39766 0
39768 0
39770 0
39771 1
39775 0
39776 1
39781 0
39782 1
39783 1
39784 0
39786 0
39787 0
39788 0
39790 0
39792 0
39796 0
39800 0
39803 0
39804 0
39806 1
39808 0
39809 0
39812 1
39814 0
39815 0
39816 0
39819 0
39820 0
39821 0
39822 0
39823 1
39824 0
39827 0
39828 0
39830 0
39832 1
39833 1
39834 0
39837 0
39838 0
39839 0
39840 0
39841 0
39842 0
39843 0
39844 0
39846 0
39850 0
39853 0
39855 0
39864 1
39865 0
39873 1
39874 0
39876 1
39880 1
39884 1
39885 0
39886 0
39887 1
39889 1
39891 1
39892 0
39899 0
39902 0
39910 1
39911 0
39913 1
39914 0
39916 0
39917 0
39919 1
39921 0
39924 0
39925 1
39403 0
39405 0
39407 1
39408 0
39409 1
39412 0
39415 0
39419 1
39424 0
39425 0
39427 0
39428 0
39429 1
39430 0
39431 0
39432 0
39435 0
39439 0
39442 0
39443 0
39449 1
39451 0
39454 0
39457 1
39460 0
39461 1
39463 1
39464 0
39467 0
39468 0
39469 0
39470 0
39473 0
39474 1
39476 1
39477 0
39480 0
39481 0
39484 1
39485 0
39487 1
39488 1
39494 1
39495 0
39496 1
39498 0
39500 0
39501 1
39504 0
39506 1
39508 0
39510 0
39512 0
39514 0
39515 0
39516 1
39517 0
39520 1
39521 1
39525 1
39526 0
39528 0
39533 1
39535 0
39538 0
39540 0
39542 0
39543 0
39546 0
39547 1
39548 0
39549 0
39550 1
39551 1
39552 0
39553 1
39554 1
39557 0
39558 1
39564 0
39565 1
39571 0
39572 0
39574 0
39576 0
39577 0
39579 0
39582 1
39586 0
39589 1
39593 1
39595 0
39596 0
39599 0
39608 0
39610 1
39614 0
39615 0
39617 1
39623 1
39627 0
39629 1
39630 0
39635 0
39639 0
39643 0
39644 0
39646 0
39647 1
39649 0
39650 0
39654 0
39655 0
39659 0
39660 0
39143 0
39147 1
39149 0
39153 1
39158 0
39159 0
39160 0
39163 0
39164 0
39165 0
39166 0
39167 0
39170 0
39174 0
39175 0
39184 0
39186 1
39187 0
39188 0
39190 1
39192 0
39193 0
39198 0
39199 0
39204 0
39210 0
39211 1
39213 0
39214 0
39219 0
39220 1
39221 1
39223 0
39224 0
39226 1
39229 0
39230 1
39233 0
39237 0
39239 1
39241 0
39247 0
39251 1
39252 0
39257 1
39263 0
39273 1
39274 0
39278 0
39280 0
39284 0
39285 1
39294 0
39301 0
39302 0
39314 0
39320 0
39325 0
39328 0
39334 0
39338 1
39342 0
39354 0
39355 0
39356 1
39359 0
39360 0
39361 1
39362 0
39364 1
39371 0
39376 1
39378 0
39379 0
39380 1
39382 0
39383 0
39389 1
39392 0
39393 0
39395 0
39396 0
39397 0
39400 0
38882 0
38886 0
38887 0
38889 1
38890 0
38891 0
38892 0
38894 1
38897 0
38904 0
38906 1
38910 0
38912 1
38919 0
38920 1
38924 1
38925 0
38926 0
38930 0
38932 0
38933 0
38935 0
38937 0
38940 0
38943 0
38947 0
38948 1
38949 1
38950 0
38951 1
38953 1
38954 0
38956 0
38958 1
38962 0
38963 0
38965 0
38967 1
38968 0
38971 1
38976 0
38979 0
38980 0
38981 0
38983 0
38988 1
38989 0
38990 0
38991 0
38995 0
38997 1
39002 0
39003 0
39004 0
39005 1
39009 0
39016 0
39018 0
39021 1
39025 0
39027 1
39031 0
39032 0
39034 0
39039 0
39040 0
39041 0
39044 0
39045 0
39047 1
39050 0
39057 0
39060 0
39061 1
39062 0
39063 0
39064 0
39072 0
39075 0
39080 1
39081 1
39082 1
39091 0
39093 0
39095 1
39096 0
39097 1
39101 1
39103 0
39105 0
39106 1
39108 0
39109 1
39111 0
39117 0
39119 0
39120 1
39127 0
39128 0
39129 1
39131 0
39132 0
39133 0
39138 0
39139 0
39140 0
38622 0
38624 0
38632 0
38636 1
38637 0
38638 0
38642 1
38645 1
38646 0
38650 0
38654 0
38655 0
38656 1
38657 0
38661 1
38662 0
38663 1
38664 0
38667 0
38668 1
38673 0
38675 0
38676 1
38677 0
38679 0
38684 0
38687 0
38688 0
38689 1
38690 0
38692 0
38693 0
38694 1
38696 1
38697 0
38699 0
38701 0
38703 0
38706 1
38707 0
38710 0
38712 0
38717 0
38719 0
38721 1
38725 0
38726 0
38735 0
38736 1
38738 0
38741 1
38746 1
38749 0
38751 0
38754 0
38757 0
38760 0
38761 0
38762 0
38764 0
38765 0
38767 0
38768 0
38771 0
38772 0
38774 0
38775 0
38776 0
38779 0
38781 0
38782 0
38787 0
38799 0
38800 0
38801 0
38804 0
38805 0
38807 1
38808 0
38813 0
38815 0
38817 0
38818 0
38821 0
38823 0
38824 0
38828 0
38833 0
38834 0
38838 0
38841 0
38842 0
38845 1
38846 1
38848 0
38851 0
38852 1
38857 1
38866 1
38867 1
38868 1
38869 0
38870 0
38871 1
38875 1
38878 0
38879 0
38880 0
38364 0
38365 0
38372 0
38376 1
38380 0
38382 0
38383 1
38384 1
38385 0
38386 1
38387 0
38390 1
38391 0
38392 0
38394 1
38396 0
38397 0
38403 0
38404 0
38405 1
38407 0
38408 0
38409 1
38410 0
38417 0
38422 0
38427 0
38431 0
38433 1
38434 0
38435 0
38437 0
38438 1
38455 0
38457 0
38458 1
38459 0
38472 1
38476 0
38479 0
38480 0
38482 0
38483 0
38492 0
38493 0
38496 1
38498 0
38499 1
38503 0
38506 0
38507 0
38510 1
38511 0
38512 0
38520 0
38521 0
38526 0
38530 0
38531 0
38534 0
38539 1
38540 0
38542 0
38546 0
38548 0
38551 0
38552 1
38553 0
38554 0
38557 0
38559 0
38560 1
38561 0
38563 0
38565 1
38570 1
38571 0
38572 0
38574 1
38577 1
38578 0
38580 0
38585 0
38586 0
38588 0
38589 0
38591 1
38592 1
38593 1
38610 0
38613 0
38614 0
38615 0
38619 0
38621 0
38102 0
38106 0
38108 1
38110 1
38113 0
38116 0
38117 0
38118 1
38121 0
38123 0
38125 0
38129 0
38130 0
38132 0
38133 0
38137 0
38143 0
38147 0
38149 0
38155 0
38156 1
38157 1
38163 1
38164 0
38165 1
38166 1
38167 0
38168 0
38169 0
38170 0
38171 0
38173 0
38175 0
38176 1
38179 1
38180 1
38181 0
38182 0
38183 1
38186 1
38188 0
38191 0
38193 0
38195 1
38196 0
38197 0
38198 1
38199 0
38209 1
38211 0
38213 1
38214 0
38216 1
38217 1
38218 1
38219 0
38221 0
38226 0
38229 1
38230 1
38231 1
38234 0
38237 1
38241 1
38246 1
38247 0
38250 0
38251 1
38252 0
38259 1
38270 1
38271 0
38272 1
38273 0
38276 1
38279 1
38281 0
38283 0
38284 0
38286 0
38287 0
38290 0
38295 0
38297 0
38298 0
38299 0
38300 0
38302 0
38308 0
38316 1
38317 0
38319 0
38321 0
38331 0
38334 0
38335 0
38336 0
38338 0
38339 1
38340 0
38341 0
38344 0
38347 0
38352 0
38354 1
38355 1
38356 0
38357 1
38360 1
37844 0
37848 0
37853 0
37854 0
37857 1
37859 0
37860 1
37863 0
37865 0
37869 0
37871 0
37872 1
37873 1
37875 0
37882 1
37884 1
37886 0
37887 0
37890 1
37892 0
37896 1
37897 1
37898 0
37901 0
37902 0
37903 0
37913 1
37919 0
37923 0
37924 0
37926 0
37929 1
37932 0
37935 0
37936 0
37937 0
37940 1
37944 1
37945 0
37954 0
37962 0
37964 0
37968 0
37970 1
37971 0
37973 0
37975 0
37976 0
37977 0
37978 1
37980 1
37982 0
37987 0
37989 0
37993 0
37997 1
37999 1
38002 1
38003 1
38009 1
38010 0
38013 1
38014 1
38015 0
38016 0
38020 1
38021 0
38029 0
38035 0
38037 1
38038 0
38042 1
38043 0
38044 0
38050 1
38052 1
38064 0
38068 0
38070 0
38071 0
38075 0
38077 0
38079 0
38080 0
38082 0
38083 0
38086 1
38087 1
38089 0
38092 0
38096 0
38097 1
38101 1
37580 0
37581 1
37584 0
37588 0
37589 0
37591 0
37596 0
37605 0
37610 1
37614 0
37615 0
37616 0
37617 0
37618 0
37620 0
37627 1
37635 1
37636 0
37639 0
37641 1
37642 1
37648 0
37654 1
37658 0
37663 0
37666 0
37668 1
37669 0
37670 1
37671 1
37672 0
37673 0
37674 0
37676 0
37678 0
37687 1
37688 0
37691 0
37693 0
37696 0
37699 1
37701 1
37703 1
37704 0
37708 1
37710 0
37713 0
37718 0
37724 0
37725 0
37729 0
37730 0
37733 0
37734 1
37736 0
37738 0
37741 0
37743 1
37748 1
37750 1
37751 0
37753 0
37754 0
37760 0
37763 0
37764 0
37765 1
37766 0
37771 0
37775 0
37776 0
37777 1
37778 0
37779 0
37784 0
37787 1
37790 0
37796 0
37798 1
37801 0
37802 0
37809 1
37811 1
37812 0
37813 0
37816 1
37818 1
37822 0
37823 0
37824 0
37827 0
37831 0
37833 0
37836 0
37839 0
37320 1
37324 0
37326 0
37336 0
37341 1
37343 1
37344 0
37346 0
37347 0
37348 0
37351 0
37353 0
37357 0
37358 0
37359 0
37362 0
37363 0
37365 0
37368 0
37369 0
37376 0
37379 0
37380 0
37381 0
37382 0
37383 0
37384 0
37385 1
37386 0
37387 0
37391 1
37393 0
37395 0
37396 0
37398 0
37399 0
37402 1
37405 1
37406 0
37412 0
37413 0
37414 0
37416 0
37417 0
37418 0
37429 0
37432 0
37433 0
37436 0
37443 1
37446 1
37448 0
37452 0
37455 0
37456 0
37461 1
37465 1
37466 0
37468 1
37470 0
37471 0
37474 1
37475 1
37477 1
37482 0
37491 0
37492 0
37497 0
37499 1
37501 0
37502 0
37504 0
37510 0
37511 0
37516 0
37519 0
37525 0
37528 0
37530 0
37531 1
37533 0
37534 0
37535 0
37536 1
37538 0
37539 1
37541 0
37546 1
37547 0
37549 1
37551 0
37555 0
37557 0
37560 0
37561 0
37567 0
37568 0
37571 0
37572 0
37575 1
37576 1
37578 0
37063 1
37064 1
37066 0
37067 1
37068 0
37073 0
37076 0
37078 0
37082 0
37083 0
37084 0
37087 0
37089 0
37097 0
37100 0
37101 0
37102 0
37105 0
37108 0
37111 0
37112 0
37115 0
37119 0
37121 0
37123 1
37125 0
37126 0
37127 0
37129 0
37132 0
37137 0
37139 0
37144 0
37148 0
37149 0
37150 0
37152 0
37155 1
37156 0
37158 1
37159 0
37160 0
37162 0
37163 1
37164 1
37165 0
37166 0
37167 1
37168 0
37173 0
37179 0
37181 0
37183 0
37184 0
37186 1
37189 1
37193 0
37201 0
37206 1
37208 0
37209 0
37214 0
37219 0
37222 1
37223 0
37224 0
37225 1
37226 0
37229 1
37232 1
37235 1
37240 0
37241 0
37243 0
37246 0
37249 0
37252 0
37253 0
37255 1
37257 0
37258 0
37265 1
37266 0
37267 1
37268 1
37270 0
37271 1
37273 1
37274 0
37276 0
37283 0
37284 0
37285 0
37286 0
37288 0
37289 0
37290 0
37292 0
37293 0
37294 0
37311 0
37314 0
37318 0
37319 0
36801 0
36809 0
36812 0
36813 0
36814 0
36815 0
36818 1
36821 1
36822 0
36823 0
36826 0
36827 0
36829 0
36832 0
36835 0
36838 0
36840 0
36843 0
36844 0
36846 1
36847 1
36850 0
36857 0
36859 0
36861 0
36863 1
36866 0
36867 0
36869 1
36870 0
36871 0
36872 1
36873 1
36875 0
36878 0
36882 0
36885 0
36886 1
36887 1
36889 1
36890 0
36892 1
36895 0
36896 0
36897 0
36900 0
36904 0
36905 0
36908 0
36911 1
36912 0
36918 0
36919 0
36924 0
36926 1
36927 1
36930 0
36935 1
36943 1
36946 0
36947 1
36950 0
36953 0
36954 1
36955 0
36957 1
36963 0
36964 1
36973 0
36979 0
36980 0
36982 0
36985 1
36986 0
36989 1
36993 1
36997 0
36998 0
37000 0
37003 0
37005 1
37010 0
37011 0
37012 1
37019 0
37021 0
37025 1
37029 0
37035 0
37036 1
37040 0
37047 0
37052 0
37054 0
36541 1
36543 0
36545 1
36548 0
36550 0
36556 1
36557 0
36558 0
36562 0
36567 0
36571 0
36572 0
36578 0
36580 0
36585 0
36586 1
36589 0
36591 0
36595 0
36597 0
36599 0
36602 0
36605 0
36608 0
36610 0
36615 0
36616 0
36618 0
36619 0
36624 0
36628 0
36631 0
36632 0
36634 0
36635 0
36636 0
36637 0
36638 0
36639 0
36641 0
36642 0
36643 0
36645 0
36646 0
36648 0
36650 0
36652 0
36653 0
36654 0
36661 0
36662 0
36664 0
36667 0
36669 0
36670 1
36672 0
36674 1
36675 0
36679 1
36680 0
36682 1
36684 0
36685 1
36687 0
36688 0
36689 1
36690 0
36691 0
36692 0
36694 0
36697 0
36698 0
36699 0
36701 0
36703 1
36707 1
36709 0
36710 1
36712 1
36714 1
36716 0
36719 0
36720 0
36721 0
36725 1
36726 1
36727 0
36728 0
36729 0
36730 0
36731 0
36732 0
36739 1
36741 0
36742 0
36746 1
36748 0
36749 0
36754 1
36755 0
36759 0
36762 0
36765 0
36766 1
36767 1
36768 1
36769 0
36771 0
36777 0
36778 0
36780 0
36788 0
36789 0
36791 0
36796 0
36797 0
36281 0
36285 0
36286 0
36288 0
36290 0
36291 1
36294 0
36296 0
36299 0
36302 1
36303 0
36304 1
36306 0
36311 0
36313 0
36317 0
36322 0
36324 0
36325 0
36328 0
36331 0
36335 0
36336 1
36339 0
36340 0
36341 1
36342 0
36346 0
36347 0
36352 0
36353 0
36358 1
36363 0
36366 0
36367 0
36368 0
36371 0
36376 0
36377 0
36379 0
36380 1
36383 0
36385 1
36388 0
36389 0
36391 0
36393 0
36395 0
36396 1
36402 0
36408 0
36409 1
36414 1
36418 1
36420 1
36421 1
36426 0
36428 0
36430 0
36431 0
36436 0
36437 0
36439 1
36440 1
36443 0
36447 0
36455 1
36456 1
36461 1
36462 0
36467 0
36469 1
36470 0
36471 1
36472 1
36477 0
36478 0
36483 0
36488 0
36490 0
36491 0
36492 0
36493 0
36494 1
36497 0
36499 0
36501 0
36502 1
36509 0
36510 0
36512 1
36514 0
36517 1
36521 1
36522 1
36524 1
36529 0
36533 0
36535 0
36536 0
36539 0
36020 0
36021 0
36023 0
36025 0
36027 0
36028 0
36031 0
36033 0
36039 0
36042 0
36046 0
36053 0
36054 0
36055 0
36056 0
36058 1
36060 0
36062 0
36063 0
36064 0
36067 0
36072 0
36075 0
36078 0
36080 1
36083 1
36086 0
36088 0
36090 0
36095 0
36097 1
36101 0
36103 0
36108 0
36109 0
36112 0
36114 0
36121 1
36123 0
36124 1
36128 0
36129 0
36130 1
36132 0
36136 0
36139 1
36140 0
36142 0
36143 1
36144 0
36145 1
36146 0
36152 0
36154 1
36155 0
36158 0
36160 0
36161 1
36163 0
36165 0
36169 0
36174 0
36175 0
36176 0
36178 0
36179 1
36183 0
36186 0
36187 0
36188 0
36193 0
36195 1
36197 0
36198 0
36201 0
36207 0
36210 0
36211 0
36212 0
36219 0
36221 0
36222 1
36223 0
36228 1
36231 1
36232 1
36233 0
36234 1
36235 1
36240 0
36241 1
36246 1
36248 1
36249 0
36253 0
36255 0
36257 0
36261 1
36262 0
36264 1
36266 0
36269 0
36270 0
36271 0
36272 0
36276 0
36278 0
35761 0
35764 0
35766 0
35768 0
35769 0
35770 1
35778 0
35779 1
35780 0
35783 1
35786 1
35789 0
35790 0
35791 0
35795 0
35799 1
35800 0
35804 0
35805 0
35806 0
35810 0
35811 0
35815 0
35820 0
35824 0
35825 0
35832 0
35845 0
35850 0
35852 0
35854 1
35855 0
35858 0
35859 0
35860 0
35864 0
35865 1
35868 1
35877 1
35883 1
35885 0
35886 1
35887 0
35888 0
35893 1
35895 0
35899 0
35901 0
35904 0
35907 0
35908 0
35909 0
35913 1
35922 1
35930 0
35931 0
35934 1
35935 0
35936 1
35939 1
35941 0
35951 0
35952 1
35953 0
35956 0
35958 0
35963 1
35970 1
35972 0
35976 0
35977 0
35979 0
35983 0
35987 1
35989 0
35990 0
35994 1
35998 1
36000 0
36004 0
36005 0
36006 0
36011 0
36012 0
36013 1
36015 0
36016 0
35500 0
35502 0
35504 0
35509 0
35521 0
35522 0
35523 1
35527 0
35529 0
35533 0
35534 0
35536 0
35537 1
35538 0
35543 0
35544 0
35548 0
35555 0
35556 1
35557 0
35558 0
35559 1
35560 1
35561 0
35564 0
35565 0
35567 1
35568 0
35569 1
35570 1
35574 0
35578 0
35580 0
35581 1
35582 0
35583 0
35584 0
35585 0
35586 0
35587 1
35592 0
35593 1
35598 1
35599 0
35600 0
35601 1
35603 0
35608 0
35614 0
35617 0
35620 0
35622 0
35623 1
35624 0
35628 1
35630 0
35633 0
35636 0
35641 0
35646 0
35649 0
35652 0
35659 0
35660 0
35663 1
35665 0
35666 0
35668 0
35670 0
35671 0
35674 0
35678 0
35682 0
35689 1
35690 0
35695 1
35696 0
35697 0
35698 0
35700 0
35701 1
35702 0
35703 1
35706 0
35708 0
35710 1
35711 1
35715 1
35718 0
35719 0
35721 0
35722 0
35724 0
35728 0
35729 0
35730 1
35732 0
35737 0
35739 1
35742 1
35744 0
35746 0
35747 0
35748 0
35751 0
35757 0
35760 0
35239 0
35240 1
35241 0
35244 1
35245 0
35247 0
35248 0
35251 0
35254 0
35255 0
35265 0
35267 0
35271 0
35274 1
35275 1
35276 1
35279 0
35280 0
35281 0
35282 0
35284 0
35287 0
35289 0
35294 0
35296 0
35298 0
35301 1
35303 1
35305 0
35309 1
35310 1
35311 0
35312 1
35315 0
35316 0
35317 0
35319 0
35322 1
35324 0
35325 1
35327 0
35328 0
35332 0
35334 0
35335 1
35339 0
35342 0
35343 0
35344 0
35346 0
35350 1
35353 1
35355 1
35358 1
35359 0
35361 0
35362 1
35365 0
35369 0
35370 1
35374 0
35375 0
35376 0
35381 0
35384 0
35386 1
35389 0
35391 0
35393 1
35395 0
35399 0
35400 0
35401 0
35402 0
35405 0
35408 0
35410 0
35411 0
35415 0
35416 1
35419 1
35420 0
35421 0
35423 0
35429 0
35432 0
35433 0
35434 1
35439 1
35440 0
35441 1
35444 0
35446 0
35448 1
35451 0
35452 0
35456 0
35458 1
35459 0
35463 0
35467 0
35468 0
35471 0
35473 0
35474 0
35477 1
35478 1
35479 1
35482 0
35483 0
35486 0
35488 1
35494 0
35495 0
34977 0
34979 1
34982 1
34984 0
34985 0
34986 0
34988 0
34993 0
34996 0
34997 0
34999 0
35001 0
35004 0
35014 1
35019 1
35021 0
35023 0
35032 0
35033 0
35035 0
35036 1
35037 1
35038 0
35040 0
35041 0
35042 0
35044 1
35045 0
35046 0
35054 0
35055 0
35056 1
35057 0
35058 0
35059 0
35061 1
35063 0
35065 0
35066 1
35067 0
35068 0
35069 0
35075 0
35076 0
35078 0
35081 0
35085 0
35091 0
35095 0
35098 0
35099 0
35100 0
35101 0
35109 0
35111 0
35115 0
35117 0
35119 0
35120 0
35125 0
35127 1
35128 0
35129 0
35130 1
35133 0
35135 1
35140 1
35143 0
35145 0
35149 1
35150 0
35151 0
35153 1
35158 0
35163 0
35165 0
35167 0
35171 0
35172 1
35174 0
35175 0
35177 0
35181 0
35184 0
35186 1
35188 0
35189 0
35191 0
35200 0
35205 0
35206 1
35209 0
35211 0
35214 0
35215 0
35216 1
35217 1
35220 0
35224 0
35225 1
35226 1
35229 0
35232 0
35236 0
34724 0
34725 0
34730 1
34735 0
34736 0
34737 0
34739 0
34742 0
34743 0
34745 0
34748 0
34751 0
34753 0
34754 1
34756 1
34757 1
34759 0
34761 1
34762 1
34764 1
34769 0
34770 0
34772 0
34773 0
34774 0
34780 0
34782 0
34786 0
34787 1
34789 1
34791 0
34795 0
34800 0
34802 0
34803 0
34804 0
34808 0
34810 0
34812 0
34819 1
34822 0
34824 1
34825 0
34830 0
34834 0
34835 0
34843 0
34844 0
34851 0
34854 0
34856 1
34859 1
34861 0
34864 0
34866 1
34869 0
34870 0
34872 0
34874 0
34881 0
34883 1
34884 1
34885 0
34887 0
34888 0
34890 0
34892 0
34894 1
34895 1
34896 1
34897 0
34900 0
34901 1
34902 0
34906 0
34907 0
34912 1
34914 0
34916 1
34919 0
34922 0
34924 0
34925 1
34926 0
34929 1
34931 0
34932 1
34933 0
34935 1
34936 1
34937 0
34938 0
34941 0
34942 0
34943 0
34946 0
34947 0
34949 0
34953 0
34955 0
34956 0
34958 1
34959 1
34962 1
34963 0
34968 1
34969 0
34970 0
34971 1
34976 0
34457 0
34458 0
34459 0
34461 1
34466 1
34469 0
34476 0
34477 0
34479 0
34482 1
34484 0
34486 0
34488 0
34495 0
34500 0
34501 0
34506 1
34508 0
34510 0
34514 0
34517 1
34524 0
34528 0
34531 0
34532 0
34534 0
34535 0
34541 1
34545 1
34548 1
34550 0
34552 1
34556 0
34560 0
34561 0
34563 0
34564 0
34565 0
34567 0
34571 1
34574 0
34576 1
34577 0
34579 0
34580 0
34584 0
34585 0
34590 1
34591 0
34593 0
34597 0
34600 0
34604 0
34605 0
34610 0
34615 1
34616 0
34622 0
34623 0
34633 1
34635 1
34638 0
34639 0
34641 1
34642 0
34645 0
34650 1
34651 0
34652 1
34654 0
34655 1
34656 0
34659 1
34661 0
34663 0
34669 1
34675 0
34677 0
34679 0
34680 0
34682 1
34687 0
34689 1
34690 1
34696 1
34697 0
34698 0
34699 0
34704 0
34705 0
34708 0
34710 1
34711 0
34712 0
34714 0
34715 0
34717 1
34199 0
34200 0
34201 0
34203 1
34205 0
34208 0
34210 1
34213 1
34217 0
34222 1
34224 1
34225 0
34227 0
34228 0
34231 0
34238 1
34239 0
34244 1
34245 0
34250 0
34253 1
34255 1
34259 0
34260 0
34261 0
34264 1
34267 0
34273 1
34280 1
34285 0
34290 1
34291 0
34292 0
34293 0
34295 0
34296 1
34298 1
34300 0
34305 0
34306 0
34310 0
34311 0
34315 0
34317 1
34321 0
34322 1
34325 0
34326 0
34327 0
34328 0
34329 0
34335 0
34338 0
34341 1
34351 0
34352 0
34353 1
34355 1
34356 0
34360 1
34362 1
34363 0
34365 1
34366 0
34368 1
34370 1
34376 0
34380 0
34381 0
34384 0
34385 0
34388 0
34390 0
34392 1
34394 0
34401 0
34404 1
34405 0
34416 0
34418 0
34420 0
34422 0
34425 1
34430 1
34431 0
34435 0
34437 1
34441 0
34445 0
34447 1
34452 0
34454 0
34455 1
33941 0
33944 0
33948 0
33949 0
33952 0
33954 1
33956 1
33957 0
33960 1
33968 0
33969 1
33973 0
33980 0
33982 0
33985 0
33996 0
34000 0
34003 0
34004 1
34005 0
34007 0
34010 0
34012 0
34017 1
34023 0
34024 1
34026 1
34028 0
34029 0
34030 0
34031 1
34032 0
34040 0
34042 0
34044 0
34047 0
34050 0
34053 0
34058 0
34059 0
34060 0
34061 0
34063 0
34065 0
34066 0
34067 0
34068 0
34069 0
34070 0
34072 0
34074 0
34075 0
34079 0
34081 0
34083 0
34084 0
34087 1
34089 0
34090 0
34093 0
34096 1
34097 0
34099 0
34101 0
34105 0
34113 1
34118 0
34119 0
34125 0
34126 0
34127 0
34133 0
34135 0
34137 0
34139 0
34140 1
34141 1
34156 1
34159 0
34160 0
34161 0
34163 1
34165 1
34166 0
34168 0
34169 1
34173 1
34175 1
34176 0
34178 1
34179 0
34180 0
34181 0
34182 0
34184 0
34187 0
34189 0
34194 0
34195 0
33680 0
33683 0
33687 0
33689 0
33692 0
33695 0
33703 0
33707 1
33709 0
33718 0
33720 0
33721 0
33722 1
33724 0
33726 0
33727 0
33728 0
33731 0
33732 0
33737 0
33738 1
33741 0
33747 0
33748 0
33752 0
33753 0
33758 0
33759 0
33760 1
33764 0
33768 1
33769 1
33772 0
33774 0
33778 0
33779 0
33783 1
33786 0
33792 1
33797 0
33800 1
33801 0
33802 0
33803 0
33804 0
33805 0
33808 0
33809 0
33811 0
33813 0
33816 0
33818 1
33819 0
33821 0
33822 0
33823 0
33824 1
33827 1
33834 0
33836 0
33841 0
33845 1
33848 1
33849 1
33850 0
33851 1
33854 0
33855 0
33857 1
33858 1
33866 0
33870 0
33871 0
33872 0
33874 1
33877 0
33880 0
33882 0
33886 0
33887 0
33891 0
33892 0
33898 0
33900 0
33901 1
33902 0
33903 1
33904 0
33906 0
33910 0
33912 0
33914 0
33917 0
33918 0
33920 0
33922 0
33923 1
33924 1
33932 1
33937 0
33419 0
33421 1
33422 0
33423 0
33424 0
33425 0
33430 0
33433 0
33435 1
33436 0
33438 0
33444 0
33446 0
33447 0
33448 0
33451 1
33452 1
33456 0
33458 0
33461 0
33462 0
33463 1
33464 0
33465 0
33466 0
33472 0
33473 0
33477 0
33480 0
33481 1
33486 1
33492 1
33493 0
33495 1
33499 0
33506 0
33507 0
33508 0
33509 0
33512 0
33516 0
33520 0
33521 0
33522 0
33526 0
33529 1
33531 0
33532 0
33534 0
33536 0
33537 0
33538 1
33547 0
33548 0
33550 1
33552 0
33555 0
33558 0
33560 0
33562 0
33563 1
33564 1
33569 0
33573 0
33574 0
33575 0
33576 1
33577 0
33581 0
33582 0
33584 0
33585 0
33587 0
33588 0
33590 0
33592 1
33597 1
33599 0
33601 0
33606 0
33608 0
33609 0
33611 0
33619 1
33620 1
33623 1
33626 0
33627 0
33631 0
33635 0
33636 0
33638 0
33640 0
33641 1
33642 1
33644 1
33645 1
33648 0
33651 0
33655 0
33660 0
33663 1
33665 0
33668 0
33670 0
33677 0
33160 0
33163 0
33170 0
33173 0
33174 1
33177 0
33178 0
33181 1
33185 0
33189 0
33191 0
33192 1
33194 1
33196 0
33197 0
33198 0
33199 0
33201 0
33203 0
33205 0
33206 0
33207 1
33208 0
33211 0
33212 0
33216 0
33217 0
33219 0
33220 0
33223 0
33225 0
33227 1
33228 0
33232 1
33233 0
33238 0
33239 1
33241 0
33242 1
33244 0
33245 1
33248 0
33249 0
33252 0
33253 0
33254 1
33255 0
33256 0
33258 0
33260 0
33264 0
33265 1
33269 0
33272 0
33277 1
33282 0
33287 0
33289 1
33290 0
33295 0
33296 0
33298 0
33304 0
33306 0
33307 0
33308 1
33309 0
33311 0
33312 0
33313 0
33315 0
33317 0
33318 1
33320 0
33322 0
33323 0
33329 1
33330 0
33331 0
33332 0
33337 1
33338 0
33341 0
33343 0
33346 0
33352 1
33353 0
33358 0
33362 0
33366 0
33368 1
33370 0
33372 0
33373 0
33375 0
33376 1
33379 0
33380 0
33390 0
33397 1
33398 0
33402 0
33403 1
33404 1
33405 1
33415 0
33417 1
32899 0
32904 1
32905 0
32908 0
32909 0
32915 1
32920 0
32922 0
32923 1
32924 1
32928 1
32930 0
32932 0
32937 0
32938 0
32941 0
32942 0
32946 0
32949 0
32952 0
32957 0
32959 0
32962 0
32965 1
32969 1
32972 1
32974 0
32976 0
32977 0
32979 1
32980 0
32982 0
32989 0
32991 0
32992 0
32993 0
32995 1
32996 0
32998 0
32999 1
33000 1
33001 1
33003 0
33006 0
33008 0
33009 0
33010 1
33011 1
33015 0
33016 1
33021 0
33023 1
33024 1
33030 1
33031 0
33032 0
33034 1
33038 1
33040 0
33043 0
33044 0
33045 0
33046 0
33051 1
33057 0
33060 0
33062 0
33063 0
33066 0
33068 0
33072 0
33078 0
33079 0
33080 0
33081 0
33083 0
33085 0
33087 0
33090 0
33092 0
33096 0
33104 1
33110 1
33112 0
33113 0
33114 0
33115 0
33118 0
33120 0
33121 0
33123 0
33125 1
33128 0
33132 0
33139 1
33140 0
33143 1
33145 1
33150 0
33154 0
33158 0
32638 0
32643 0
32645 0
32646 0
32648 0
32650 1
32654 0
32655 0
32657 0
32659 1
32660 0
32662 0
32664 0
32666 1
32667 0
32669 0
32673 0
32674 0
32678 1
32680 0
32681 0
32685 0
32686 0
32688 0
32689 0
32693 0
32697 1
32699 0
32700 0
32704 0
32705 1
32714 1
32719 1
32720 0
32723 0
32726 0
32728 0
32730 0
32733 0
32734 1
32737 0
32738 0
32740 1
32745 0
32749 0
32755 1
32763 1
32764 1
32765 1
32766 0
32778 0
32779 0
32781 0
32786 1
32787 0
32790 0
32792 1
32793 0
32797 0
32799 0
32801 0
32802 0
32804 0
32808 0
32810 0
32811 0
32812 0
32813 0
32814 0
32815 0
32819 0
32823 0
32825 0
32826 1
32828 0
32832 1
32837 0
32839 0
32841 1
32842 1
32845 0
32847 0
32850 0
32851 0
32852 0
32853 1
32854 1
32856 1
32857 0
32858 0
32859 0
32866 0
32868 0
32871 0
32873 0
32875 0
32876 0
32877 1
32878 0
32879 1
32881 0
32882 0
32889 0
32892 0
32894 0
32895 0
32897 0
32898 0
32374 1
32377 1
32379 0
32386 0
32387 1
32392 0
32394 0
32401 0
32405 0
32412 1
32413 0
32414 1
32417 1
32418 0
32427 0
32428 0
32429 0
32430 0
32431 0
32434 0
32435 0
32441 0
32443 0
32445 0
32446 0
32448 0
32450 0
32456 1
32459 0
32460 0
32461 1
32464 0
32466 1
32470 0
32471 1
32473 0
32475 0
32476 0
32478 1
32480 1
32483 0
32487 0
32489 0
32492 1
32493 0
32495 0
32497 0
32500 1
32502 0
32507 0
32511 0
32516 1
32522 0
32530 0
32531 0
32532 0
32533 0
32538 0
32539 0
32540 0
32542 0
32547 0
32549 0
32550 0
32551 0
32555 1
32556 0
32559 0
32566 0
32568 0
32570 1
32574 0
32577 0
32578 0
32580 0
32582 1
32586 0
32591 0
32594 0
32597 0
32599 0
32603 0
32604 1
32605 0
32606 1
32607 0
32611 0
32612 0
32614 0
32616 0
32618 0
32619 1
32626 0
32630 0
32634 0
32636 0
32637 1
32117 0
32118 0
32119 0
32127 1
32128 0
32129 0
32133 0
32134 0
32136 0
32148 1
32150 0
32152 0
32155 1
32158 0
32159 0
32160 0
32163 1
32165 1
32171 1
32175 1
32178 0
32183 0
32184 0
32185 0
32189 0
32191 0
32194 0
32195 0
32196 0
32197 0
32198 0
32201 1
32202 0
32203 0
32204 1
32205 1
32206 1
32210 0
32213 0
32215 0
32226 1
32228 1
32230 0
32232 0
32236 0
32238 1
32239 0
32241 0
32244 1
32245 0
32246 0
32247 0
32248 1
32251 1
32254 1
32256 0
32263 0
32265 0
32266 0
32269 0
32270 0
32272 0
32274 1
32277 0
32280 0
32289 0
32293 0
32296 0
32298 0
32299 0
32304 1
32305 1
32306 0
32307 0
32309 0
32312 0
32313 1
32315 1
32317 0
32321 0
32322 1
32324 0
32325 0
32326 0
32328 1
32331 0
32333 0
32334 0
32336 0
32341 0
32342 0
32345 1
32347 0
32349 0
32357 1
32366 1
32370 1
32371 1
32372 0
31853 0
31862 0
31868 1
31872 0
31875 0
31878 0
31880 0
31883 1
31884 0
31889 0
31892 0
31893 0
31897 0
31898 0
31901 0
31908 1
31912 0
31915 1
31917 0
31918 0
31921 1
31922 0
31924 0
31925 0
31926 0
31927 1
31928 0
31929 1
31930 1
31936 0
31937 0
31944 1
31946 0
31949 0
31950 1
31951 1
31953 0
31955 0
31956 0
31957 1
31961 0
31962 0
31968 0
31971 0
31972 1
31973 1
31974 0
31975 0
31980 0
31982 0
31987 0
31988 0
31989 0
31994 1
31996 0
31998 0
31999 0
32000 0
32004 0
32009 0
32012 0
32015 1
32017 0
32018 1
32019 0
32020 0
32021 0
32024 0
32026 0
32027 0
32030 0
32031 0
32032 1
32034 1
32036 0
32037 0
32039 1
32043 0
32044 1
32045 0
32047 0
32050 1
32052 0
32053 1
32055 0
32056 0
32057 0
32058 0
32062 1
32071 0
32073 0
32077 0
32081 0
32086 0
32091 0
32092 1
32094 1
32095 0
32099 1
32100 0
32103 0
32106 1
32107 0
32113 0
31595 0
31597 0
31605 0
31608 0
31609 0
31610 1
31611 0
31620 0
31624 0
31625 0
31630 0
31632 0
31635 0
31644 1
31647 1
31648 0
31653 1
31655 0
31659 1
31661 0
31664 0
31666 1
31669 1
31672 0
31680 1
31681 0
31682 0
31683 0
31685 1
31689 0
31692 0
31693 0
31701 1
31704 0
31705 1
31706 0
31707 0
31710 1
31711 0
31713 1
31717 0
31718 0
31723 0
31724 0
31725 0
31726 1
31728 0
31729 0
31730 0
31734 0
31735 1
31737 0
31746 0
31748 0
31754 0
31755 0
31756 1
31768 0
31771 1
31778 1
31781 1
31782 1
31784 0
31786 0
31788 1
31791 0
31792 0
31797 0
31800 0
31806 0
31811 0
31818 0
31825 0
31826 1
31828 0
31830 0
31833 1
31838 1
31840 0
31842 0
31843 1
31845 0
31846 1
31849 1
31850 0
31852 1
31335 0
31336 0
31337 1
31338 0
31340 0
31341 0
31346 0
31348 0
31350 0
31351 0
31352 0
31354 0
31355 1
31359 0
31363 1
31365 0
31368 0
31369 0
31370 0
31373 1
31374 0
31377 0
31379 1
31381 1
31386 0
31388 0
31389 0
31393 0
31398 0
31399 1
31401 1
31402 0
31403 0
31404 0
31405 1
31407 0
31411 0
31415 0
31418 1
31419 0
31424 1
31426 0
31427 0
31430 0
31433 0
31434 0
31436 1
31437 1
31438 0
31439 1
31441 0
31443 0
31445 0
31446 0
31448 0
31449 0
31452 1
31459 0
31460 0
31462 0
31463 1
31464 0
31466 0
31470 0
31471 0
31476 0
31481 0
31482 0
31483 0
31484 0
31486 0
31487 0
31489 0
31491 1
31492 0
31494 0
31496 0
31499 0
31500 0
31501 0
31502 0
31509 0
31510 1
31512 0
31514 0
31516 0
31520 0
31525 0
31528 0
31530 0
31534 0
31536 0
31537 0
31539 1
31543 0
31549 0
31550 1
31551 0
31553 0
31554 0
31557 0
31563 0
31566 0
31567 0
31569 1
31570 0
31571 1
31573 1
31574 0
31575 0
31580 0
31581 0
31582 0
31590 1
31070 0
31071 0
31076 1
31079 0
31080 1
31085 0
31088 0
31090 0
31093 1
31095 0
31096 1
31097 1
31099 1
31103 1
31109 0
31115 0
31117 0
31118 0
31121 0
31128 0
31133 0
31135 0
31139 0
31145 1
31146 0
31157 0
31162 0
31164 0
31166 0
31167 1
31168 0
31169 0
31170 0
31175 1
31177 1
31179 0
31180 0
31187 0
31190 0
31191 0
31193 0
31194 0
31199 1
31200 0
31204 0
31206 0
31217 1
31218 0
31221 1
31227 0
31229 0
31234 1
31235 0
31240 0
31241 1
31243 0
31248 0
31250 0
31251 1
31256 1
31258 1
31260 0
31262 0
31263 1
31266 0
31269 0
31271 1
31272 0
31274 0
31275 0
31278 0
31281 0
31283 1
31286 0
31288 1
31289 0
31290 0
31291 1
31292 0
31293 0
31294 0
31302 0
31303 0
31304 0
31305 1
31307 0
31308 0
31310 0
31314 1
31315 0
31317 0
31320 1
31326 0
31327 0
31328 0
30811 0
30812 0
30818 1
30820 0
30825 0
30826 1
30827 0
30828 1
30829 0
30830 0
30835 0
30837 0
30842 1
30845 0
30847 0
30850 1
30852 1
30853 0
30854 0
30856 1
30857 0
30860 0
30863 0
30868 0
30873 0
30874 0
30875 0
30877 0
30878 0
30885 1
30887 0
30891 0
30893 0
30894 0
30895 1
30899 0
30900 0
30902 1
30906 0
30907 1
30908 1
30909 1
30910 0
30921 1
30926 0
30930 1
30933 0
30934 1
30935 1
30937 0
30939 0
30942 0
30947 0
30949 0
30952 0
30953 1
30954 1
30955 1
30956 0
30959 0
30961 0
30963 0
30964 0
30965 0
30966 0
30971 0
30973 0
30975 1
30976 0
30977 0
30982 0
30986 0
30987 0
30988 0
30989 1
30991 0
30997 1
30998 1
30999 0
31001 0
31003 0
31004 1
31005 0
31007 0
31010 0
31012 0
31013 0
31016 0
31017 0
31019 0
31020 0
31025 0
31027 0
31028 0
31036 0
31037 0
31038 1
31039 0
31040 0
31041 0
31042 0
31046 1
31049 0
31051 0
31052 1
31055 0
31058 0
31064 1
31065 0
31068 0
30551 0
30556 0
30561 0
30564 1
30565 1
30569 0
30570 0
30575 0
30577 0
30578 1
30580 0
30585 1
30586 0
30588 1
30589 0
30593 0
30598 0
30604 0
30610 1
30614 0
30617 0
30620 0
30624 0
30625 0
30629 1
30632 0
30634 0
30635 0
30640 0
30642 1
30649 0
30652 0
30655 0
30657 0
30658 0
30672 0
30674 0
30675 0
30676 0
30678 0
30679 1
30681 0
30682 0
30683 0
30684 1
30685 0
30694 0
30698 1
30699 0
30700 0
30702 0
30703 0
30704 1
30706 1
30708 1
30711 0
30714 0
30715 0
30717 1
30719 0
30720 1
30721 0
30724 1
30725 1
30726 0
30730 1
30731 0
30733 0
30734 0
30737 0
30739 0
30743 0
30747 0
30749 0
30753 0
30755 0
30759 0
30760 0
30763 0
30765 0
30770 1
30772 0
30775 1
30780 1
30782 0
30788 0
30791 0
30792 1
30794 0
30795 0
30796 0
30797 0
30802 0
30804 1
30805 1
30807 0
30291 1
30296 1
30299 0
30303 0
30306 0
30311 1
30312 0
30314 0
30317 0
30319 0
30320 0
30321 0
30322 0
30323 1
30324 1
30327 0
30331 0
30332 0
30334 1
30335 0
30336 0
30338 0
30339 1
30341 0
30345 0
30346 0
30351 1
30352 0
30356 0
30363 0
30364 1
30367 1
30369 0
30373 1
30377 0
30378 0
30384 0
30385 0
30386 0
30389 0
30393 0
30397 0
30401 0
30402 0
30405 0
30408 0
30410 0
30412 0
30413 1
30415 0
30416 0
30419 0
30420 0
30421 0
30422 0
30425 0
30428 1
30429 0
30431 1
30442 0
30450 1
30453 0
30454 0
30457 1
30458 1
30462 0
30465 1
30466 0
30470 1
30473 0
30476 0
30481 0
30484 0
30486 0
30487 0
30488 0
30492 1
30494 0
30496 0
30497 0
30502 0
30503 0
30505 0
30506 1
30507 0
30508 0
30511 1
30515 0
30516 0
30518 0
30522 0
30523 0
30530 1
30532 1
30534 0
30537 1
30538 1
30539 0
30540 0
30543 0
30546 0
30030 0
30034 0
30039 0
30040 1
30045 0
30046 0
30047 0
30051 0
30055 0
30059 0
30062 0
30063 0
30064 0
30065 0
30066 0
30070 0
30071 0
30072 1
30074 1
30076 0
30079 0
30081 0
30082 1
30083 1
30086 0
30087 0
30089 0
30093 1
30097 0
30102 1
30103 0
30110 0
30112 1
30113 0
30114 0
30119 0
30120 0
30123 1
30124 0
30128 0
30130 0
30133 0
30134 0
30136 0
30137 1
30141 0
30144 0
30145 1
30153 0
30154 0
30157 1
30158 0
30160 1
30167 1
30169 1
30171 0
30178 0
30181 0
30183 0
30185 1
30186 1
30187 0
30189 1
30195 0
30197 1
30198 0
30199 1
30200 0
30201 0
30202 0
30203 0
30206 0
30207 0
30209 0
30211 0
30215 1
30216 0
30217 0
30219 0
30222 1
30226 0
30227 0
30229 0
30231 0
30233 0
30236 0
30239 0
30240 0
30241 0
30245 1
30248 1
30254 0
30255 0
30256 0
30259 0
30264 0
30272 1
30273 1
30274 1
30278 0
30280 0
30281 0
30284 0
30286 1
30287 1
29773 0
29776 0
29778 0
29779 1
29780 1
29782 0
29783 1
29784 0
29785 1
29786 1
29788 1
29790 0
29794 0
29796 0
29800 1
29802 0
29815 0
29816 0
29818 0
29819 0
29821 0
29822 1
29825 0
29829 0
29831 0
29832 0
29834 0
29835 0
29838 0
29839 0
29840 0
29843 0
29846 0
29851 1
29852 0
29855 0
29857 0
29860 0
29861 0
29862 0
29867 0
29868 0
29871 0
29879 0
29881 0
29885 0
29886 1
29887 0
29888 0
29889 0
29890 1
29893 0
29895 1
29897 1
29905 1
29906 0
29907 0
29909 0
29917 1
29923 0
29926 0
29927 0
29929 0
29930 0
29931 0
29932 0
29937 0
29941 1
29942 0
29948 0
29950 0
29951 0
29952 0
29953 0
29962 0
29963 0
29964 0
29968 1
29971 0
29977 1
29980 0
29982 0
29984 0
29986 0
29987 0
29990 0
29991 0
29992 0
29994 0
29997 0
30000 0
30006 0
30007 0
30011 0
30012 0
30014 0
30016 1
30018 1
30021 0
30022 1
30025 0
30028 0
29509 1
29512 1
29515 1
29516 0
29517 0
29518 0
29519 1
29522 1
29524 1
29528 0
29531 1
29535 0
29539 1
29551 1
29552 1
29557 1
29564 0
29566 0
29569 0
29570 0
29573 1
29574 0
29575 0
29580 0
29585 1
29586 0
29590 1
29591 0
29592 1
29595 0
29601 0
29602 0
29603 0
29604 0
29606 1
29608 0
29609 0
29610 0
29620 1
29623 1
29625 0
29628 0
29629 0
29636 0
29637 0
29642 0
29643 0
29646 0
29647 1
29649 0
29650 0
29651 1
29652 0
29653 0
29655 0
29656 0
29657 0
29659 1
29660 0
29661 1
29664 0
29666 0
29667 0
29668 0
29669 0
29670 1
29674 0
29678 0
29682 0
29683 1
29684 0
29685 0
29686 1
29690 0
29692 0
29693 0
29698 0
29699 0
29700 0
29702 0
29710 1
29712 0
29714 0
29716 0
29723 0
29727 0
29730 1
29731 1
29732 0
29734 0
29736 0
29738 0
29742 0
29744 0
29752 1
29753 0
29762 0
29763 0
29769 0
29249 0
29254 0
29261 0
29262 1
29263 0
29264 0
29266 0
29271 0
29272 0
29279 0
29280 0
29282 0
29284 0
29285 0
29288 0
29289 0
29291 0
29293 0
29300 0
29301 0
29304 1
29306 0
29308 0
29311 0
29314 0
29321 0
29323 0
29324 0
29327 1
29329 1
29331 1
29334 0
29335 1
29342 1
29343 0
29346 0
29347 1
29351 0
29354 0
29356 0
29357 0
29360 0
29362 0
29363 0
29364 0
29366 0
29372 0
29376 1
29379 0
29381 0
29383 1
29385 1
29386 0
29387 1
29390 1
29399 0
29400 1
29401 1
29404 0
29407 0
29408 0
29411 0
29412 0
29413 1
29414 0
29415 0
29418 0
29419 1
29420 0
29423 0
29424 1
29425 1
29426 0
29428 1
29431 1
29433 0
29437 0
29443 0
29444 0
29445 0
29446 1
29448 0
29450 0
29452 0
29455 0
29457 0
29459 1
29460 0
29463 0
29464 1
29474 0
29479 0
29481 1
29485 1
29487 0
29488 0
29492 0
29498 0
29499 1
29501 0
29503 0
29504 0
29505 0
28987 1
28989 1
28990 0
28991 0
28992 0
28993 0
28994 0
29000 0
29001 0
29005 1
29006 0
29009 0
29010 1
29012 0
29016 1
29018 0
29024 0
29025 0
29027 0
29028 0
29030 0
29032 0
29034 0
29035 1
29036 0
29038 0
29041 0
29043 0
29044 0
29045 0
29048 1
29049 0
29050 0
29055 0
29060 1
29061 0
29067 1
29069 0
29070 0
29074 0
29076 0
29079 0
29080 1
29083 0
29085 0
29087 1
29088 1
29089 1
29093 0
29094 1
29097 0
29098 1
29100 0
29101 1
29109 1
29113 0
29120 0
29121 0
29124 0
29127 1
29134 0
29141 1
29142 0
29146 1
29147 0
29148 1
29149 0
29150 0
29151 0
29152 0
29153 1
29155 0
29156 0
29157 0
29162 0
29165 0
29166 0
29169 1
29172 0
29175 0
29183 0
29185 0
29186 0
29187 0
29189 1
29191 0
29192 1
29193 0
29197 1
29204 0
29205 0
29208 0
29209 0
29210 0
29211 1
29215 0
29216 0
29217 1
29218 0
29219 0
29223 0
29224 0
29226 0
29230 1
29232 0
29234 0
29235 1
29238 0
29240 1
29242 1
29244 0
29245 0
28727 0
28729 0
28731 1
28732 1
28733 0
28734 0
28739 0
28741 1
28742 0
28743 1
28745 1
28746 1
28747 0
28748 1
28749 0
28756 1
28760 1
28762 0
28764 0
28766 0
28775 0
28778 0
28779 0
28780 0
28787 0
28795 0
28797 0
28800 0
28802 0
28803 0
28806 0
28807 0
28810 0
28814 0
28815 0
28816 0
28817 0
28819 0
28822 0
28823 0
28827 0
28830 1
28831 0
28834 0
28836 0
28837 0
28838 0
28843 0
28845 0
28848 0
28850 0
28854 0
28855 1
28857 1
28858 0
28861 0
28862 0
28869 0
28872 1
28874 1
28877 1
28880 1
28886 0
28888 1
28889 0
28891 0
28896 0
28897 1
28903 0
28906 1
28907 1
28908 0
28918 1
28925 0
28928 0
28929 0
28931 0
28934 0
28937 0
28944 1
28945 0
28948 1
28952 0
28956 0
28961 0
28965 0
28970 0
28972 0
28975 0
28976 0
28977 0
28978 1
28980 0
28982 0
28983 0
28984 1
28985 0
28470 0
28472 0
28474 0
28478 0
28481 1
28482 0
28484 1
28488 0
28489 0
28490 0
28494 0
28495 0
28499 0
28500 1
28501 0
28502 0
28503 0
28505 0
28506 1
28508 0
28509 0
28510 0
28513 0
28516 0
28518 1
28520 0
28521 1
28522 1
28524 0
28527 0
28528 0
28529 0
28532 0
28535 1
28536 1
28537 1
28538 1
28539 0
28542 0
28544 1
28545 0
28547 0
28549 0
28550 0
28551 0
28552 0
28564 0
28566 0
28567 0
28569 0
28572 1
28574 0
28580 1
28581 1
28584 0
28587 0
28590 0
28592 1
28594 0
28598 0
28600 1
28608 0
28613 0
28616 0
28617 0
28619 1
28625 1
28627 0
28632 0
28634 0
28636 0
28637 0
28639 0
28642 1
28643 1
28647 0
28648 0
28654 0
28655 0
28656 0
28657 0
28661 0
28662 0
28664 0
28665 0
28668 0
28671 0
28673 0
28675 0
28677 0
28679 0
28680 0
28681 0
28682 0
28685 0
28686 0
28689 0
28691 0
28694 0
28697 0
28699 1
28704 0
28707 0
28708 0
28709 0
28710 1
28711 0
28716 0
28718 0
28720 1
28724 0
28725 0
28726 0
28209 1
28210 0
28212 1
28213 1
28216 1
28217 1
28218 0
28220 1
28225 1
28227 0
28229 0
28232 1
28237 0
28241 1
28243 0
28244 1
28249 0
28253 0
28254 0
28255 0
28257 0
28259 0
28265 0
28268 0
28269 0
28271 0
28275 0
28276 0
28278 0
28279 0
28280 0
28284 0
28288 0
28290 0
28293 0
28294 0
28298 0
28299 1
28300 1
28302 0
28306 0
28307 0
28308 1
28310 0
28311 1
28312 0
28314 1
28315 0
28316 0
28317 1
28319 0
28321 0
28329 0
28331 0
28332 1
28333 0
28335 0
28338 0
28343 0
28345 0
28348 1
28351 0
28353 0
28354 1
28360 0
28362 0
28365 0
28366 0
28367 0
28369 1
28374 1
28375 0
28380 1
28381 0
28382 1
28384 0
28387 0
28389 0
28390 1
28391 0
28392 0
28394 0
28402 0
28403 0
28404 1
28405 0
28407 0
28413 1
28415 1
28417 0
28421 0
28423 0
28426 0
28427 1
28428 1
28429 0
28432 1
28434 0
28436 0
28437 0
28438 1
28439 1
28440 0
28442 1
28443 0
28447 0
28450 0
28451 1
28453 0
28455 0
28462 1
27945 1
27949 0
27950 0
27953 1
27956 0
27960 0
27964 1
27965 0
27967 0
27968 0
27971 1
27972 0
27973 0
27974 0
27979 0
27981 0
27983 0
27988 1
27989 0
27990 0
27991 0
27992 0
27996 1
28002 0
28003 1
28004 0
28006 1
28008 0
28011 0
28013 0
28018 0
28019 0
28022 0
28023 0
28024 0
28026 0
28027 1
28028 0
28029 0
28030 0
28031 0
28032 0
28033 1
28035 0
28036 1
28038 0
28042 0
28044 0
28045 0
28052 0
28058 0
28059 1
28062 1
28063 1
28064 1
28067 0
28068 0
28069 0
28075 0
28077 0
28080 1
28081 0
28082 1
28083 0
28087 0
28090 1
28091 1
28092 0
28093 1
28096 1
28100 0
28104 0
28105 0
28115 1
28117 0
28118 0
28123 1
28128 1
28135 0
28136 0
28137 0
28139 1
28140 0
28141 0
28142 1
28145 0
28151 0
28152 1
28153 0
28157 0
28160 0
28168 0
28169 0
28173 1
28177 0
28178 0
28179 0
28180 0
28182 0
28183 0
28184 1
28186 0
28188 1
28190 0
28193 0
28194 0
28195 1
28198 0
28201 0
28203 0
28206 1
27688 0
27689 0
27696 0
27697 0
27698 0
27702 1
27703 1
27704 0
27708 0
27709 1
27710 0
27714 0
27716 0
27717 1
27720 1
27721 1
27722 0
27724 1
27726 1
27727 0
27728 0
27729 0
27732 0
27734 0
27735 0
27736 0
27740 1
27742 1
27744 0
27746 1
27747 0
27749 0
27750 1
27756 0
27758 0
27759 1
27760 0
27761 0
27767 0
27768 0
27769 1
27772 1
27776 0
27779 0
27782 0
27783 0
27784 0
27786 0
27788 1
27789 1
27793 0
27794 0
27795 1
27796 1
27799 0
27801 0
27803 0
27804 0
27809 1
27810 0
27811 1
27813 0
27817 0
27823 0
27825 0
27827 1
27829 0
27832 0
27833 0
27835 1
27836 0
27842 0
27845 0
27849 0
27855 0
27856 0
27857 0
27859 0
27860 0
27864 1
27866 0
27867 0
27871 1
27872 1
27873 0
27875 0
27877 1
27880 0
27883 0
27884 0
27885 0
27886 0
27889 1
27890 0
27891 1
27892 0
27893 0
27899 0
27906 0
27909 0
27912 0
27914 1
27917 0
27919 0
27922 0
27928 0
27931 0
27932 1
27936 0
27938 0
27939 1
27941 0
27943 0
27426 0
27427 0
27438 1
27440 1
27441 0
27445 1
27447 0
27449 0
27456 1
27457 1
27459 0
27460 0
27462 0
27464 0
27467 0
27470 1
27474 0
27475 0
27480 1
27488 0
27489 0
27490 1
27492 0
27493 0
27496 0
27498 0
27499 1
27500 1
27502 0
27504 0
27505 0
27506 0
27509 0
27516 0
27517 0
27518 1
27526 0
27527 1
27528 0
27531 0
27532 1
27533 0
27534 1
27535 0
27537 0
27543 0
27548 0
27550 0
27552 0
27556 0
27557 0
27563 1
27566 1
27570 0
27572 0
27580 0
27582 0
27583 1
27584 0
27585 0
27593 0
27596 0
27597 0
27605 0
27607 0
27611 1
27613 1
27618 0
27622 0
27625 0
27628 1
27632 0
27636 0
27637 0
27638 0
27639 0
27641 0
27643 0
27644 1
27651 1
27657 0
27663 0
27665 1
27666 1
27669 0
27670 0
27671 0
27672 1
27674 0
27679 0
27681 0
27167 0
27168 0
27171 1
27173 0
27174 0
27177 0
27180 1
27181 1
27182 1
27186 0
27188 0
27194 0
27200 0
27201 0
27202 0
27207 0
27208 0
27210 0
27211 1
27212 0
27213 0
27217 1
27219 0
27223 0
27230 0
27232 0
27233 0
27234 0
27235 0
27236 1
27237 0
27240 0
27246 0
27247 0
27249 0
27250 0
27259 0
27260 0
27264 0
27265 0
27275 0
27279 1
27284 0
27290 0
27295 0
27296 0
27300 0
27301 0
27303 0
27305 0
27307 0
27308 0
27314 1
27316 0
27317 0
27318 1
27319 0
27320 1
27323 1
27332 1
27334 1
27338 0
27339 0
27340 0
27341 0
27342 0
27345 0
27348 0
27349 0
27351 0
27353 0
27354 0
27359 0
27363 0
27365 1
27368 0
27369 1
27372 0
27378 0
27380 0
27381 0
27384 0
27386 0
27389 0
27392 0
27393 1
27394 1
27397 1
27398 0
27404 1
27406 0
27408 0
27410 0
27411 1
27413 0
27415 1
27416 0
27419 0
27422 0
27425 0
26903 1
26904 1
26909 0
26912 0
26914 0
26918 0
26921 1
26922 0
26929 0
26931 0
26932 0
26934 0
26935 0
26937 0
26938 0
26942 1
26943 0
26945 0
26947 0
26953 1
26954 1
26956 0
26959 0
26966 0
26969 0
26973 1
26974 1
26977 0
26978 0
26980 0
26984 1
26986 0
26989 0
26990 0
26992 0
26993 1
26995 0
26996 0
27000 0
27001 1
27003 0
27004 1
27005 0
27013 0
27017 0
27019 1
27024 0
27026 0
27027 0
27032 0
27036 1
27037 1
27039 1
27042 0
27043 0
27044 0
27047 0
27050 0
27051 0
27053 0
27055 0
27058 1
27061 1
27065 0
27067 1
27069 1
27074 1
27075 0
27078 0
27081 0
27083 0
27084 1
27086 0
27087 1
27088 0
27091 0
27092 1
27098 0
27099 1
27101 0
27104 0
27110 0
27112 0
27114 0
27115 0
27118 0
27122 0
27123 1
27126 0
27129 0
27130 0
27131 0
27133 0
27135 0
27137 0
27138 0
27142 0
27145 1
27147 0
27148 0
27149 0
27150 1
27151 0
27153 1
27158 0
27160 1
27163 1
27164 0
27166 0
26644 0
26645 1
26648 0
26649 0
26650 0
26652 0
26654 0
26657 0
26662 1
26671 0
26674 1
26678 1
26679 0
26682 0
26684 0
26686 0
26689 0
26690 0
26692 1
26700 0
26702 0
26704 1
26707 0
26711 0
26712 1
26714 1
26715 0
26718 0
26727 0
26728 0
26730 1
26734 0
26740 0
26741 0
26743 0
26747 0
26749 0
26750 0
26751 0
26752 1
26756 0
26758 1
26765 0
26768 1
26770 1
26772 1
26773 0
26774 0
26775 0
26778 1
26779 1
26783 0
26784 0
26786 1
26789 1
26793 0
26794 0
26795 1
26799 0
26800 1
26802 0
26806 0
26808 0
26809 0
26810 0
26811 0
26813 0
26815 0
26818 0
26819 0
26820 0
26823 0
26825 1
26827 1
26833 0
26835 0
26836 1
26837 0
26840 0
26841 0
26843 1
26844 0
26846 0
26849 0
26850 0
26852 0
26857 0
26858 0
26864 0
26865 0
26867 1
26869 0
26870 0
26872 1
26875 0
26878 0
26880 0
26881 0
26883 0
26884 0
26886 0
26889 1
26891 0
26896 1
26897 0
26898 0
26902 0
26398 0
26400 0
26402 0
26403 1
26411 0
26413 0
26416 0
26418 0
26419 0
26422 0
26423 0
26425 1
26427 0
26429 0
26430 0
26431 0
26433 0
26434 0
26436 0
26438 0
26441 0
26442 0
26446 0
26450 1
26455 0
26456 0
26457 0
26458 0
26460 1
26461 0
26464 0
26465 0
26466 0
26467 0
26468 0
26474 1
26475 1
26478 1
26479 0
26481 0
26489 1
26491 0
26495 0
26499 0
26501 0
26503 0
26505 1
26507 1
26510 0
26513 0
26516 0
26519 0
26521 0
26522 0
26523 0
26533 0
26539 0
26540 0
26541 1
26542 0
26543 0
26544 1
26545 0
26546 0
26547 1
26548 0
26554 1
26557 0
26559 0
26564 0
26565 0
26566 0
26568 1
26569 1
26583 1
26584 1
26586 0
26588 0
26594 0
26595 0
26600 0
26602 0
26604 0
26607 0
26611 0
26615 1
26616 0
26621 1
26631 0
26633 1
26635 0
26637 1
26639 1
26640 0
26642 1
26643 0
26131 0
26132 0
26135 1
26138 0
26146 0
26149 1
26150 0
26151 0
26154 1
26155 0
26157 0
26158 0
26159 0
26160 0
26166 0
26171 0
26173 0
26174 0
26177 0
26180 0
26181 1
26182 0
26183 0
26185 1
26186 0
26190 0
26193 0
26194 1
26197 0
26199 0
26201 0
26202 0
26203 1
26204 0
26205 1
26206 0
26212 0
26214 0
26216 0
26217 0
26218 0
26222 1
26224 0
26226 1
26229 0
26230 1
26233 0
26236 0
26241 0
26243 0
26244 0
26247 0
26248 1
26249 0
26254 0
26256 0
26258 1
26260 0
26261 0
26268 0
26270 0
26272 0
26273 1
26278 0
26279 0
26283 1
26286 0
26289 0
26290 0
26293 0
26294 1
26295 1
26296 0
26297 0
26299 1
26303 0
26305 0
26307 0
26308 1
26309 0
26312 0
26317 0
26319 1
26323 0
26329 1
26330 0
26333 1
26334 1
26336 0
26337 0
26338 0
26339 0
26343 0
26344 0
26345 0
26346 0
26350 0
26351 1
26354 0
26357 0
26362 1
26363 0
26364 1
26365 1
26377 0
26382 0
25866 0
25870 0
25874 0
25877 1
25879 0
25882 0
25885 0
25891 0
25894 0
25897 0
25898 0
25902 0
25904 0
25906 1
25910 0
25911 1
25915 0
25920 1
25921 1
25926 0
25931 1
25940 0
25942 0
25945 1
25946 0
25947 0
25956 0
25958 0
25959 0
25960 0
25961 0
25963 0
25965 0
25968 1
25969 0
25972 1
25973 0
25974 0
25976 0
25977 1
25981 0
25982 1
25985 1
25987 1
25989 0
25990 1
25992 0
25993 0
25994 0
25998 0
25999 0
26005 1
26006 1
26011 1
26012 0
26014 0
26016 1
26020 0
26023 0
26025 0
26028 1
26031 1
26032 0
26033 0
26035 0
26037 0
26040 0
26049 1
26050 0
26052 0
26058 0
26060 0
26062 0
26063 1
26064 0
26065 0
26071 0
26074 0
26076 0
26080 1
26081 0
26082 1
26083 0
26084 1
26087 1
26088 0
26099 0
26103 0
26108 0
26109 0
26110 0
26111 0
26113 0
26114 0
26115 0
26116 0
26117 1
26121 0
26123 0
26125 0
26126 0
25607 0
25612 0
25613 0
25614 0
25616 1
25618 0
25621 1
25622 1
25623 0
25624 0
25630 0
25637 0
25639 0
25642 0
25643 0
25644 0
25646 0
25647 1
25649 1
25650 0
25656 0
25661 0
25662 0
25664 0
25665 0
25669 0
25673 1
25674 1
25675 1
25684 0
25685 0
25689 0
25691 0
25695 0
25698 0
25700 0
25701 0
25708 0
25709 0
25712 1
25716 1
25717 1
25719 0
25720 1
25723 0
25728 1
25731 0
25734 0
25737 0
25739 1
25744 0
25745 0
25749 0
25751 0
25753 0
25756 1
25758 1
25759 0
25760 1
25763 0
25769 0
25773 1
25774 1
25778 0
25780 1
25787 1
25788 0
25790 0
25794 0
25801 1
25805 1
25806 1
25808 0
25809 0
25814 1
25815 0
25816 0
25818 0
25821 0
25822 0
25826 0
25829 0
25830 1
25836 0
25837 1
25838 0
25839 0
25840 0
25842 0
25843 1
25845 1
25846 1
25848 0
25854 1
25857 0
25858 0
25860 0
25346 1
25347 0
25353 0
25354 0
25358 0
25359 1
25360 0
25361 1
25363 1
25364 0
25369 1
25370 0
25371 0
25372 1
25373 0
25375 1
25379 1
25381 0
25385 0
25388 0
25393 1
25394 1
25399 0
25401 0
25402 1
25403 0
25404 0
25406 1
25408 0
25410 1
25417 0
25418 0
25422 0
25427 1
25428 0
25430 0
25433 0
25435 1
25436 0
25438 0
25445 0
25446 0
25448 0
25449 1
25451 1
25454 0
25457 0
25462 0
25467 0
25468 0
25469 0
25470 0
25473 1
25476 0
25479 1
25482 0
25484 1
25489 0
25493 0
25494 0
25495 0
25496 0
25497 1
25498 0
25499 0
25501 1
25507 0
25509 1
25510 0
25511 0
25512 1
25513 0
25514 1
25515 0
25516 1
25520 0
25523 1
25524 0
25525 1
25529 0
25532 0
25534 0
25535 0
25538 1
25539 0
25540 0
25541 0
25542 0
25544 0
25546 0
25550 0
25554 0
25555 1
25556 0
25558 0
25559 1
25561 1
25562 0
25563 0
25565 0
25569 0
25576 0
25579 0
25588 0
25593 0
25595 0
25596 1
25597 0
25598 0
25601 0
25602 0
25089 0
25093 0
25095 0
25096 0
25098 0
25102 0
25104 0
25106 0
25111 1
25112 0
25116 0
25122 1
25127 1
25129 1
25130 0
25131 0
25132 0
25136 1
25137 0
25138 0
25145 0
25146 1
25147 1
25151 0
25153 0
25160 0
25161 1
25163 0
25164 0
25166 0
25167 0
25168 0
25169 0
25170 1
25171 0
25172 0
25173 0
25174 0
25178 1
25180 1
25184 1
25186 0
25189 0
25194 0
25205 0
25208 0
25212 0
25213 0
25215 1
25216 0
25220 1
25223 0
25224 0
25225 0
25226 0
25227 0
25228 1
25231 0
25232 0
25234 0
25235 0
25236 0
25238 0
25241 1
25242 0
25243 0
25247 0
25253 0
25255 1
25257 0
25263 0
25264 0
25266 0
25267 0
25269 1
25271 1
25274 0
25281 0
25282 1
25283 0
25284 0
25286 1
25287 0
25290 0
25292 0
25293 1
25295 0
25296 0
25297 1
25302 1
25305 1
25306 0
25307 0
25309 1
25310 1
25312 0
25313 1
25315 1
25317 0
25320 1
25321 0
25326 1
25327 0
25329 0
25332 0
25333 1
25335 0
25338 1
25341 0
25344 0
25345 1
24826 0
24827 1
24828 0
24831 0
24835 0
24838 1
24839 1
24843 1
24844 1
24845 0
24846 1
24851 1
24854 0
24856 0
24858 0
24859 0
24863 0
24864 0
24867 0
24868 0
24870 0
24872 1
24874 1
24877 0
24880 0
24881 0
24883 0
24884 0
24885 0
24886 1
24888 0
24890 0
24892 0
24893 0
24895 0
24896 0
24898 0
24900 1
24903 1
24905 1
24906 0
24908 0
24909 0
24910 1
24911 0
24914 0
24915 0
24917 0
24921 0
24922 0
24923 0
24927 1
24936 0
24938 0
24941 0
24942 1
24943 0
24947 0
24948 0
24950 1
24952 0
24955 0
24958 0
24960 0
24961 1
24965 0
24968 1
24970 1
24974 1
24975 0
24977 1
24978 0
24982 0
24983 0
24984 1
24985 0
24988 0
24990 0
24994 0
24995 0
24997 0
25004 0
25005 0
25008 0
25009 0
25012 0
25015 0
25016 0
25018 0
25019 0
25028 0
25029 0
25033 1
25034 0
25035 0
25036 0
25038 0
25039 0
25040 0
25044 0
25046 0
25047 0
25048 0
25052 0
25053 0
25058 1
25062 1
25066 0
25068 0
25070 0
25076 0
25077 0
25078 1
25080 0
25081 0
25083 0
24566 1
24576 0
24578 1
24579 0
24582 0
24583 0
24589 0
24590 0
24593 1
24594 0
24596 0
24599 0
24600 1
24602 0
24605 1
24606 0
24607 0
24608 1
24610 1
24611 1
24612 0
24615 0
24616 0
24618 0
24621 0
24627 0
24630 1
24631 0
24633 1
24634 1
24640 0
24641 1
24645 1
24648 0
24650 1
24652 0
24653 0
24655 0
24657 1
24658 0
24660 1
24666 0
24673 1
24674 0
24676 0
24678 0
24679 0
24685 0
24687 0
24688 0
24690 0
24692 0
24696 0
24698 0
24700 0
24702 1
24705 0
24717 0
24721 1
24722 0
24723 1
24726 0
24727 0
24729 0
24731 0
24732 1
24734 1
24736 0
24738 0
24739 0
24745 0
24748 0
24753 1
24759 0
24760 0
24770 0
24775 0
24776 0
24780 0
24785 0
24787 1
24790 0
24794 0
24798 0
24799 0
24806 1
24811 1
24816 1
24817 0
24820 0
24825 1
24305 0
24306 1
24310 1
24314 1
24315 0
24323 0
24325 0
24327 1
24330 1
24331 0
24332 1
24334 0
24335 0
24337 0
24338 0
24340 1
24345 1
24346 0
24348 0
24349 0
24350 0
24352 0
24355 0
24358 1
24362 0
24363 0
24364 0
24365 1
24366 0
24367 0
24369 0
24373 0
24375 0
24376 1
24379 0
24380 0
24384 1
24385 0
24389 0
24390 1
24391 0
24392 1
24393 1
24396 1
24398 0
24400 0
24404 1
24405 0
24407 0
24409 0
24410 1
24415 0
24416 0
24422 0
24423 0
24427 0
24431 0
24433 1
24434 1
24439 0
24441 0
24442 1
24448 1
24451 1
24454 0
24456 1
24461 0
24466 0
24472 0
24473 1
24474 0
24475 0
24476 1
24477 0
24481 1
24484 0
24489 0
24492 0
24493 0
24495 0
24496 0
24500 0
24502 1
24506 0
24513 0
24521 1
24522 0
24523 0
24527 0
24528 0
24531 0
24533 0
24537 0
24542 1
24543 0
24547 1
24551 0
24553 0
24556 1
24558 0
24559 1
24564 1
24044 0
24048 0
24049 0
24050 0
24051 0
24054 0
24055 1
24062 0
24063 0
24064 0
24066 0
24068 1
24069 1
24070 0
24071 1
24074 0
24075 0
24077 0
24081 1
24084 0
24087 0
24089 0
24090 0
24095 1
24101 0
24103 0
24105 0
24106 0
24109 0
24110 0
24111 0
24112 1
24113 1
24115 1
24116 1
24118 0
24121 1
24124 0
24127 1
24129 0
24131 0
24134 0
24136 1
24138 1
24140 0
24141 0
24143 0
24144 1
24148 0
24149 0
24154 0
24160 0
24162 0
24163 0
24172 0
24173 0
24175 0
24177 0
24180 0
24183 0
24185 1
24186 0
24187 0
24188 0
24191 0
24193 0
24194 1
24198 0
24201 0
24204 0
24206 0
24212 0
24213 0
24214 0
24215 0
24217 0
24219 1
24222 0
24226 0
24229 0
24230 0
24231 0
24232 1
24234 0
24238 0
24239 0
24242 1
24243 0
24245 0
24249 1
24252 1
24253 0
24254 0
24255 1
24256 0
24258 0
24259 0
24261 1
24262 0
24265 0
24266 0
24268 0
24269 0
24270 0
24271 0
24273 0
24275 0
24276 0
24277 1
24278 0
24279 0
24281 0
24282 0
24284 1
24285 0
24288 0
24291 1
24299 0
24300 0
24303 0
23782 0
23790 0
23791 1
23799 1
23803 0
23806 0
23812 0
23819 0
23822 1
23824 0
23825 0
23834 0
23835 0
23836 0
23843 0
23844 0
23845 1
23846 1
23848 0
23849 1
23850 0
23853 0
23862 0
23867 0
23869 0
23871 0
23873 0
23874 0
23877 1
23878 0
23887 0
23892 0
23894 0
23897 1
23898 0
23901 0
23902 0
23904 0
23911 0
23921 0
23922 1
23924 0
23926 0
23928 0
23931 0
23932 0
23939 1
23940 0
23945 0
23953 0
23960 1
23961 0
23963 0
23964 0
23966 0
23968 1
23969 0
23971 1
23975 1
23976 0
23978 1
23979 0
23980 0
23982 0
23985 0
23987 1
23988 0
23989 1
23995 0
23997 1
23999 0
24000 0
24001 0
24011 0
24013 0
24014 0
24017 1
24019 1
24020 0
24023 0
24026 0
24027 0
24029 1
24036 0
24041 0
23521 0
23522 0
23526 0
23527 0
23530 1
23536 1
23538 0
23539 0
23540 0
23542 0
23547 1
23548 0
23550 1
23554 0
23555 0
23565 1
23570 1
23571 0
23574 1
23578 1
23579 0
23582 1
23583 0
23585 0
23586 1
23588 0
23593 0
23594 1
23595 1
23603 0
23613 0
23615 0
23617 0
23625 1
23626 0
23630 0
23638 0
23640 0
23643 0
23646 0
23648 0
23651 0
23653 0
23656 1
23657 1
23662 1
23666 1
23667 0
23668 1
23670 0
23671 0
23672 0
23673 0
23674 0
23675 0
23678 1
23680 0
23687 0
23689 0
23690 1
23692 0
23693 0
23694 1
23704 0
23706 0
23707 0
23708 0
23712 0
23715 0
23719 1
23721 0
23722 0
23723 0
23724 1
23727 1
23728 0
23729 0
23730 0
23732 1
23734 1
23737 1
23738 0
23739 0
23741 1
23747 0
23749 1
23750 1
23751 0
23755 0
23757 1
23762 1
23765 0
23769 0
23770 0
23771 0
23772 0
23773 0
23774 1
23776 0
23777 0
23781 0
23257 1
23258 0
23263 0
23265 0
23266 0
23270 0
23273 0
23275 0
23276 0
23278 1
23280 0
23283 0
23291 0
23296 0
23299 0
23301 1
23302 1
23304 0
23305 0
23309 1
23310 0
23318 0
23322 1
23325 0
23329 0
23330 0
23331 0
23332 0
23333 0
23336 0
23337 0
23339 0
23340 1
23341 1
23346 0
23347 0
23349 1
23351 0
23357 0
23359 0
23360 1
23361 0
23362 1
23365 0
23368 0
23370 0
23373 0
23375 0
23379 0
23384 1
23385 1
23387 1
23388 1
23389 0
23390 0
23393 1
23395 0
23403 0
23404 1
23405 0
23407 1
23410 0
23412 0
23415 0
23418 0
23420 0
23424 0
23425 1
23426 1
23429 0
23430 0
23432 0
23433 0
23436 0
23439 0
23447 0
23448 1
23449 1
23451 1
23452 0
23456 0
23457 0
23458 0
23460 0
23461 0
23464 0
23467 0
23470 0
23471 1
23474 0
23476 1
23477 0
23479 0
23481 0
23484 0
23486 0
23487 1
23488 0
23489 1
23491 0
23494 0
23495 0
23496 0
23497 0
23498 1
23499 0
23500 1
23501 0
23503 0
23000 1
23004 0
23010 1
23011 0
23015 0
23017 0
23021 0
23029 1
23031 0
23033 0
23036 1
23038 1
23039 0
23041 0
23043 0
23045 0
23046 0
23052 0
23053 1
23056 0
23057 0
23058 0
23060 0
23062 0
23064 0
23065 1
23068 0
23072 1
23074 1
23075 0
23076 0
23085 1
23088 0
23093 0
23094 0
23096 1
23097 0
23098 0
23105 1
23107 0
23108 0
23117 0
23125 1
23127 0
23133 0
23135 1
23136 1
23137 0
23138 1
23139 0
23140 0
23143 1
23146 0
23150 0
23151 0
23152 0
23153 0
23155 0
23162 1
23163 0
23164 0
23169 0
23170 0
23176 1
23178 0
23181 0
23184 0
23186 0
23188 0
23191 0
23192 0
23193 0
23195 0
23199 0
23202 1
23204 0
23205 0
23206 0
23207 0
23209 0
23211 1
23212 0
23215 0
23221 0
23222 0
23224 0
23226 0
23229 0
23231 1
23232 0
23233 0
23234 0
23238 1
23241 0
23242 1
23243 0
23244 0
23246 0
23253 0
23255 0
22741 1
22743 0
22744 1
22746 0
22747 0
22748 1
22750 0
22751 0
22753 1
22756 1
22760 0
22761 1
22763 1
22765 0
22767 0
22771 1
22774 0
22777 1
22778 1
22779 0
22781 1
22782 0
22783 0
22784 1
22785 0
22787 0
22788 0
22791 0
22794 0
22795 1
22798 1
22799 1
22800 0
22803 0
22805 0
22807 0
22808 0
22809 0
22810 0
22812 0
22813 1
22818 0
22819 0
22820 0
22824 0
22829 0
22830 0
22833 0
22834 0
22837 0
22842 0
22843 1
22847 1
22852 0
22854 0
22856 0
22859 0
22860 0
22862 0
22867 0
22870 0
22871 0
22873 1
22875 1
22877 0
22879 0
22884 1
22886 0
22899 0
22900 0
22901 0
22902 1
22904 0
22905 0
22906 0
22908 1
22913 0
22914 0
22915 0
22918 0
22920 1
22923 0
22929 1
22933 1
22936 0
22938 0
22941 0
22942 0
22943 0
22945 0
22946 0
22949 0
22950 1
22951 0
22952 1
22954 0
22957 0
22958 0
22959 1
22962 0
22964 0
22965 0
22970 1
22971 0
22973 0
22975 1
22977 0
22980 0
22981 0
22982 0
22986 0
22987 0
22990 0
22479 1
22480 1
22481 0
22492 0
22493 0
22496 1
22498 1
22500 1
22501 0
22502 0
22510 0
22512 0
22515 0
22516 0
22519 1
22521 0
22522 1
22525 0
22527 0
22528 0
22530 0
22531 0
22534 0
22538 0
22539 1
22558 0
22560 0
22564 0
22565 0
22569 0
22576 1
22579 1
22580 0
22581 0
22583 0
22584 0
22587 1
22595 1
22597 0
22598 0
22601 0
22602 0
22606 0
22608 1
22611 0
22612 0
22616 0
22620 0
22623 0
22624 0
22625 1
22627 1
22628 0
22642 1
22648 1
22649 0
22652 0
22653 0
22654 0
22656 1
22658 0
22661 0
22662 1
22665 0
22666 0
22676 1
22677 0
22680 0
22681 1
22682 1
22685 0
22686 1
22689 0
22696 0
22698 1
22699 0
22705 0
22711 1
22712 1
22715 0
22716 0
22717 0
22720 0
22721 0
22726 0
22727 0
22728 0
22730 0
22735 0
22738 0
22221 0
22223 1
22227 0
22228 1
22233 0
22234 0
22236 0
22239 0
22241 1
22243 1
22248 1
22251 0
22252 1
22254 0
22255 1
22257 1
22258 0
22259 1
22263 1
22264 0
22268 0
22274 0
22275 0
22282 0
22285 0
22287 0
22288 1
22292 0
22299 0
22301 0
22313 0
22320 0
22321 0
22323 0
22324 1
22327 0
22329 1
22333 0
22334 0
22336 0
22337 0
22340 0
22343 1
22345 0
22346 1
22347 0
22356 1
22358 1
22360 1
22361 1
22363 0
22364 0
22365 0
22369 1
22370 1
22373 0
22374 0
22376 0
22377 0
22380 0
22381 0
22383 0
22389 0
22390 0
22391 0
22393 0
22395 0
22403 0
22404 1
22405 1
22406 1
22407 1
22410 1
22421 0
22422 0
22423 0
22429 1
22433 1
22437 0
22441 0
22442 1
22443 0
22445 0
22451 0
22455 0
22457 0
22465 0
22466 0
22469 1
22471 0
22472 0
22476 1
22477 0
21958 0
21959 1
21962 0
21966 0
21974 0
21979 0
21985 0
21987 1
21989 0
21990 1
21996 0
21998 0
21999 0
22000 0
22001 1
22002 0
22005 0
22006 0
22020 0
22024 1
22025 0
22026 1
22031 0
22032 0
22033 1
22037 1
22041 0
22043 0
22044 0
22045 0
22052 0
22053 1
22054 1
22055 0
22059 0
22064 0
22067 0
22069 0
22073 0
22076 0
22078 1
22082 0
22083 1
22086 0
22087 0
22088 1
22089 1
22091 0
22094 0
22095 0
22096 0
22097 0
22108 1
22110 0
22111 0
22118 0
22120 0
22121 0
22123 1
22125 1
22128 1
22129 0
22136 0
22137 0
22138 1
22139 0
22140 0
22141 1
22143 0
22145 0
22146 1
22150 0
22153 0
22154 1
22156 1
22162 1
22164 1
22173 0
22174 1
22176 1
22177 0
22178 1
22179 0
22180 0
22183 1
22184 1
22186 1
22187 0
22190 0
22194 1
22195 0
22196 1
22202 1
22203 1
22204 1
22205 0
22209 1
22212 0
22213 1
22215 1
21696 0
21698 0
21701 0
21705 1
21711 0
21712 1
21715 0
21719 0
21720 0
21722 0
21723 0
21724 0
21725 0
21729 0
21731 0
21732 0
21736 1
21747 0
21749 0
21750 0
21754 1
21757 0
21758 1
21759 1
21760 1
21761 0
21762 0
21767 0
21769 0
21770 0
21772 1
21773 1
21774 0
21776 0
21777 0
21782 1
21784 0
21785 1
21786 0
21790 0
21791 0
21793 1
21794 0
21795 0
21796 0
21797 0
21802 0
21805 1
21807 1
21808 0
21810 0
21815 0
21819 0
21824 0
21825 0
21830 1
21831 0
21833 0
21835 1
21836 1
21837 0
21840 0
21842 0
21843 0
21844 0
21845 0
21846 0
21847 0
21849 0
21851 0
21852 0
21854 0
21855 0
21857 0
21861 1
21862 1
21863 0
21865 0
21866 0
21869 0
21870 0
21871 1
21872 0
21878 1
21881 0
21882 0
21884 0
21885 0
21886 0
21889 0
21891 0
21897 0
21899 1
21902 0
21905 1
21907 0
21908 1
21909 1
21912 1
21913 1
21914 0
21915 0
21919 0
21920 1
21925 0
21926 1
21927 0
21928 0
21929 1
21930 1
21932 0
21933 0
21934 0
21937 0
21938 0
21941 0
21945 0
21950 0
21437 0
21441 0
21443 0
21444 0
21445 0
21446 0
21450 0
21454 0
21456 0
21459 0
21466 0
21470 1
21471 0
21481 1
21482 0
21483 0
21484 1
21494 0
21498 0
21502 0
21503 0
21504 0
21506 0
21507 0
21508 0
21510 1
21512 1
21513 0
21520 0
21525 0
21526 0
21528 0
21540 0
21542 0
21544 1
21551 1
21554 1
21557 0
21559 0
21564 0
21568 1
21570 0
21571 1
21572 0
21576 0
21583 0
21585 0
21586 1
21589 0
21591 1
21593 0
21595 0
21599 0
21602 0
21613 0
21616 0
21620 1
21621 0
21622 0
21623 1
21625 0
21629 0
21630 0
21631 0
21634 1
21638 0
21640 1
21641 0
21642 0
21643 0
21644 1
21645 0
21646 1
21648 0
21652 0
21653 0
21658 1
21662 0
21664 0
21665 0
21667 0
21673 0
21675 1
21676 0
21681 0
21688 0
21689 0
21691 0
21692 0
21694 0
21172 0
21175 0
21176 1
21177 0
21180 1
21184 1
21185 0
21194 0
21196 0
21200 1
21202 0
21204 0
21205 1
21206 0
21208 0
21209 1
21211 0
21213 0
21214 1
21215 0
21221 0
21227 0
21228 0
21231 1
21232 0
21234 0
21235 0
21236 0
21239 0
21243 0
21246 0
21250 0
21253 1
21255 1
21260 0
21262 0
21264 0
21268 1
21269 0
21274 1
21276 0
21280 0
21283 0
21286 0
21288 0
21289 0
21291 0
21292 1
21293 0
21295 0
21296 0
21297 1
21298 0
21300 0
21301 0
21303 0
21304 0
21307 0
21308 1
21313 0
21315 0
21316 1
21317 0
21319 0
21320 0
21321 1
21324 0
21325 0
21329 1
21331 0
21332 0
21333 0
21334 1
21335 1
21337 0
21338 1
21339 0
21340 1
21341 1
21343 1
21346 0
21347 0
21350 1
21351 0
21354 0
21356 0
21358 1
21359 0
21362 0
21365 0
21367 0
21369 0
21372 0
21379 0
21384 0
21389 0
21393 0
21394 1
21395 1
21398 0
21402 0
21406 0
21407 0
21408 0
21411 0
21412 0
21414 0
21415 0
21416 0
21422 0
21424 0
21426 0
21431 0
20918 1
20921 1
20922 0
20925 1
20926 0
20927 0
20933 0
20935 0
20937 0
20938 0
20939 1
20940 0
20941 0
20943 0
20945 1
20949 1
20950 0
20953 0
20955 0
20957 0
20961 1
20962 0
20963 0
20964 1
20965 0
20966 0
20968 0
20970 0
20971 0
20974 1
20978 0
20981 0
20985 1
20986 0
20991 0
20998 0
21001 0
21002 0
21005 0
21006 0
21010 1
21012 1
21018 0
21020 1
21024 0
21028 0
21031 0
21035 0
21037 0
21040 0
21042 0
21054 0
21055 0
21058 0
21062 0
21066 0
21069 0
21071 0
21075 0
21076 0
21078 1
21080 0
21081 0
21082 0
21088 1
21092 0
21094 0
21095 0
21098 0
21103 0
21106 0
21110 0
21111 1
21113 0
21115 0
21116 0
21117 0
21118 0
21121 0
21124 0
21126 0
21127 1
21129 0
21131 0
21132 1
21135 0
21138 0
21140 1
21144 0
21152 1
21153 1
21156 1
21158 1
21159 1
21160 0
21163 0
21164 1
21165 1
21166 0
21170 0
21171 0
20651 0
20652 0
20654 0
20657 0
20660 0
20662 0
20663 0
20664 1
20670 0
20672 0
20676 0
20678 1
20679 0
20680 1
20681 0
20682 0
20688 0
20689 0
20692 0
20693 0
20694 0
20696 0
20699 0
20700 0
20702 0
20704 0
20706 0
20713 0
20714 0
20715 0
20716 0
20718 0
20719 0
20722 0
20728 0
20730 0
20733 1
20734 0
20736 1
20737 0
20739 1
20741 0
20743 0
20744 0
20749 1
20752 0
20753 0
20754 0
20756 0
20759 1
20761 0
20762 0
20764 1
20765 0
20766 0
20769 1
20771 1
20772 1
20777 0
20778 0
20785 0
20786 0
20787 1
20788 1
20790 0
20791 0
20795 0
20798 1
20802 0
20803 1
20804 1
20805 0
20806 0
20809 0
20810 0
20812 0
20817 0
20818 0
20819 0
20820 0
20821 0
20824 0
20826 0
20827 1
20828 1
20833 1
20836 0
20837 0
20838 0
20840 0
20842 0
20843 1
20845 0
20846 0
20849 1
20852 1
20853 0
20854 0
20865 0
20866 1
20867 0
20869 0
20872 0
20873 1
20874 0
20878 1
20883 0
20885 1
20894 0
20895 0
20903 0
20906 1
20910 0
20911 0
20913 0
20392 1
20393 0
20394 0
20396 0
20397 0
20402 0
20404 0
20414 1
20416 0
20419 0
20420 1
20422 0
20424 0
20427 0
20432 0
20434 0
20437 0
20438 0
20442 1
20443 0
20444 0
20446 1
20448 0
20449 0
20451 0
20455 1
20458 0
20462 1
20463 0
20465 0
20467 0
20468 0
20470 0
20473 0
20476 1
20477 0
20482 0
20483 0
20488 0
20491 0
20495 1
20496 0
20498 1
20499 0
20500 0
20502 0
20504 0
20505 0
20506 0
20508 0
20515 0
20517 0
20518 0
20519 0
20520 0
20521 0
20523 0
20530 0
20535 1
20537 0
20541 0
20542 0
20546 1
20550 0
20551 1
20555 0
20556 0
20562 0
20565 0
20566 1
20568 1
20570 0
20575 1
20578 0
20583 0
20584 0
20586 0
20595 0
20596 0
20602 0
20604 0
20607 0
20612 1
20613 0
20615 0
20617 1
20619 0
20620 0
20623 0
20624 0
20625 0
20628 0
20633 1
20634 0
20641 1
20643 0
20645 1
20646 0
20647 0
20649 0
20132 1
20136 0
20137 0
20139 0
20141 0
20142 0
20144 0
20145 1
20149 0
20150 1
20153 1
20155 0
20156 0
20160 0
20166 0
20167 0
20173 0
20174 0
20181 0
20182 0
20183 1
20191 1
20192 0
20194 1
20196 1
20204 0
20205 1
20207 1
20209 0
20210 0
20211 0
20217 0
20220 0
20221 0
20223 0
20224 1
20227 0
20232 0
20239 0
20241 0
20245 0
20246 1
20249 0
20252 0
20256 0
20258 0
20259 0
20261 0
20263 1
20264 1
20266 1
20267 0
20268 0
20276 0
20278 0
20279 0
20280 1
20283 0
20288 0
20291 0
20294 1
20296 1
20300 1
20301 0
20305 0
20307 1
20314 1
20318 0
20321 0
20325 0
20329 0
20330 0
20331 1
20335 0
20336 0
20337 0
20339 0
20341 1
20344 1
20347 1
20348 0
20352 0
20354 0
20357 0
20358 0
20359 0
20363 0
20365 0
20366 0
20367 0
20368 0
20369 1
20372 0
20373 1
20377 0
20381 0
20385 0
20386 0
20388 0
20391 0
19874 0
19875 1
19877 0
19879 1
19881 0
19883 0
19884 0
19888 0
19891 0
19894 1
19895 1
19896 0
19897 0
19899 0
19900 1
19904 1
19905 0
19908 0
19909 0
19910 1
19912 0
19914 1
19917 0
19918 1
19919 0
19922 1
19925 0
19929 0
19934 0
19939 1
19940 0
19946 1
19949 1
19950 0
19952 1
19955 0
19957 0
19960 1
19964 1
19968 1
19970 1
19978 0
19979 0
19980 0
19981 0
19985 0
19987 1
19991 0
19992 0
19995 1
19997 0
19998 0
20002 0
20005 0
20008 0
20009 0
20010 1
20013 1
20015 0
20021 0
20023 0
20038 0
20042 0
20044 1
20045 0
20049 0
20050 0
20056 0
20058 0
20059 0
20064 0
20070 0
20071 0
20075 1
20079 1
20081 1
20082 1
20083 0
20086 0
20088 0
20090 1
20095 0
20097 0
20098 1
20100 0
20102 0
20103 0
20104 0
20114 1
20115 0
20117 0
20120 0
20121 0
20125 0
20126 0
20127 0
20129 0
19610 0
19611 1
19612 0
19620 0
19621 1
19624 0
19625 1
19628 0
19629 0
19631 0
19634 0
19636 1
19644 0
19649 0
19650 0
19651 0
19657 0
19658 0
19660 0
19665 0
19666 1
19671 0
19672 0
19676 0
19681 0
19683 0
19686 0
19689 1
19691 0
19695 1
19697 1
19699 0
19701 0
19705 0
19708 1
19712 0
19713 0
19715 0
19716 0
19719 0
19721 0
19722 1
19723 0
19724 0
19727 0
19731 0
19732 0
19738 0
19739 1
19746 0
19748 0
19751 1
19754 0
19756 0
19759 1
19766 0
19774 0
19776 1
19777 0
19778 0
19782 0
19784 1
19785 1
19786 0
19790 0
19791 0
19792 0
19794 0
19797 0
19799 0
19800 0
19801 1
19803 1
19804 0
19808 1
19812 0
19814 0
19818 0
19821 0
19822 1
19827 0
19829 0
19837 1
19838 0
19840 1
19845 1
19846 0
19849 0
19852 0
19856 0
19862 0
19866 1
19868 0
19351 1
19355 0
19357 0
19360 0
19365 0
19367 0
19369 1
19371 0
19372 0
19375 0
19376 0
19377 0
19378 1
19379 0
19382 0
19383 0
19390 0
19392 0
19393 0
19394 1
19396 0
19397 0
19398 0
19402 0
19405 0
19408 0
19411 0
19412 0
19413 0
19415 0
19421 0
19422 0
19423 0
19424 0
19427 0
19430 0
19432 0
19435 0
19438 0
19439 0
19440 0
19445 0
19446 0
19450 0
19451 0
19452 1
19455 1
19456 0
19458 0
19459 0
19461 0
19462 0
19463 1
19465 0
19471 1
19472 0
19474 0
19476 0
19477 0
19479 0
19481 0
19482 1
19484 1
19486 1
19487 0
19490 1
19491 0
19492 1
19498 1
19499 0
19504 0
19508 0
19511 1
19512 0
19513 0
19515 0
19516 0
19517 0
19518 1
19521 1
19522 1
19524 0
19525 0
19526 0
19527 0
19528 1
19530 0
19531 0
19535 0
19538 0
19539 0
19540 1
19544 1
19545 0
19546 1
19548 0
19550 0
19551 0
19553 0
19555 0
19559 1
19561 0
19562 0
19563 0
19564 0
19567 1
19568 0
19573 0
19575 0
19577 0
19582 0
19583 1
19584 0
19586 0
19590 0
19591 0
19593 0
19594 0
19596 0
19601 1
19602 1
19603 0
19604 0
19608 1
19092 0
19094 0
19099 0
19102 0
19107 0
19109 0
19110 0
19112 1
19113 0
19115 1
19116 1
19117 0
19122 0
19126 0
19127 1
19128 0
19135 0
19136 1
19137 1
19141 1
19144 1
19145 0
19146 0
19148 0
19151 0
19152 1
19153 0
19154 0
19156 1
19157 0
19158 0
19161 0
19169 0
19171 0
19172 0
19173 0
19175 0
19177 0
19183 0
19184 0
19195 0
19200 0
19201 0
19204 0
19212 1
19215 1
19216 0
19219 0
19223 0
19224 1
19225 1
19229 1
19232 0
19233 0
19235 0
19237 0
19241 0
19242 1
19246 0
19254 0
19258 0
19261 0
19264 0
19265 0
19266 0
19269 1
19270 0
19274 0
19277 0
19279 1
19283 0
19287 1
19288 0
19290 1
19291 1
19293 0
19294 0
19295 0
19298 1
19300 0
19301 0
19303 0
19308 0
19311 0
19313 1
19317 0
19323 0
19326 0
19328 0
19331 0
19332 0
19333 1
19337 0
19340 0
19342 0
19343 0
19344 1
19347 0
19348 0
19349 1
18832 0
18836 0
18837 0
18843 0
18844 0
18846 0
18849 0
18858 0
18860 0
18868 0
18869 0
18873 0
18879 1
18881 0
18886 0
18893 0
18898 0
18899 0
18902 0
18903 0
18904 0
18905 1
18912 1
18915 0
18918 0
18919 1
18920 0
18924 0
18925 0
18926 1
18929 0
18930 0
18932 0
18933 1
18936 0
18937 0
18938 0
18939 0
18940 1
18943 0
18944 0
18949 0
18951 0
18954 0
18955 0
18956 0
18957 1
18958 0
18959 0
18961 1
18963 0
18965 0
18968 0
18970 0
18971 1
18973 0
18974 0
18982 0
18983 1
18989 0
18990 0
18998 0
18999 0
19000 1
19001 0
19008 1
19009 1
19017 0
19019 0
19021 1
19024 0
19027 0
19030 0
19042 0
19043 0
19046 0
19053 1
19054 0
19056 0
19058 0
19064 0
19065 0
19066 1
19074 1
19075 1
19079 0
19080 0
19083 0
18571 1
18572 0
18573 0
18575 0
18578 0
18579 1
18580 1
18581 0
18583 0
18584 0
18590 1
18593 0
18598 0
18601 0
18602 1
18605 0
18610 0
18612 1
18614 0
18617 0
18618 0
18620 1
18621 0
18623 1
18624 0
18626 0
18627 0
18628 1
18630 0
18634 0
18635 1
18638 0
18640 0
18641 1
18643 0
18644 0
18645 0
18648 0
18649 0
18650 1
18654 0
18655 0
18657 0
18658 0
18659 1
18660 0
18661 0
18662 0
18663 1
18664 1
18667 0
18670 0
18671 1
18673 0
18675 1
18685 0
18689 0
18690 0
18692 1
18693 0
18695 0
18699 0
18700 0
18702 0
18705 0
18706 0
18707 0
18710 0
18712 0
18713 0
18715 0
18716 0
18717 0
18721 1
18723 0
18726 0
18728 0
18729 0
18731 0
18734 0
18736 0
18737 0
18738 0
18741 0
18742 0
18745 0
18746 0
18748 0
18749 0
18751 0
18752 0
18754 0
18760 0
18770 0
18774 0
18780 0
18783 1
18784 0
18786 0
18793 0
18794 0
18795 0
18796 0
18800 0
18801 0
18803 0
18811 1
18818 0
18819 1
18820 0
18821 0
18823 0
18824 0
18829 0
18831 1
18313 0
18316 1
18317 0
18318 0
18325 1
18327 0
18329 1
18335 0
18337 0
18339 0
18340 0
18342 0
18343 0
18344 0
18345 0
18346 0
18348 0
18349 0
18350 0
18351 0
18353 0
18355 0
18357 1
18364 1
18366 0
18367 0
18369 0
18370 1
18372 1
18375 0
18378 0
18380 0
18381 0
18382 0
18383 1
18384 0
18385 0
18392 0
18394 0
18395 0
18398 1
18399 0
18402 0
18404 0
18406 0
18407 0
18413 1
18415 1
18416 1
18419 0
18420 0
18421 0
18425 0
18427 1
18428 0
18429 0
18433 0
18435 0
18436 0
18437 0
18438 1
18439 0
18441 0
18443 0
18446 0
18447 0
18450 1
18452 1
18455 0
18456 0
18457 0
18458 0
18459 0
18460 0
18461 0
18464 0
18465 0
18468 0
18471 1
18477 0
18481 0
18483 1
18484 0
18485 0
18490 1
18491 1
18497 0
18502 1
18503 0
18506 0
18510 1
18511 0
18513 1
18516 0
18520 1
18524 1
18529 0
18541 1
18542 0
18545 0
18548 0
18552 0
18553 0
18554 0
18555 1
18558 0
18560 1
18561 1
18563 0
18564 1
18565 0
18567 0
18568 0
18054 0
18056 0
18057 0
18058 1
18059 0
18060 0
18063 0
18069 0
18071 0
18078 0
18080 0
18081 1
18082 0
18085 0
18086 0
18094 0
18096 0
18097 0
18099 0
18100 1
18103 0
18104 0
18105 0
18106 0
18108 1
18109 0
18111 0
18114 0
18117 0
18118 1
18121 0
18122 0
18123 0
18126 0
18128 1
18130 0
18131 0
18132 1
18135 0
18136 1
18137 1
18138 0
18139 0
18140 0
18144 0
18147 0
18148 1
18151 0
18153 1
18154 1
18155 0
18156 0
18157 0
18158 0
18159 0
18162 1
18163 0
18164 1
18168 0
18171 0
18177 0
18178 0
18181 1
18184 0
18187 0
18188 1
18189 0
18193 0
18197 1
18202 0
18204 1
18205 1
18207 0
18208 0
18210 0
18213 0
18216 0
18219 0
18220 0
18224 0
18226 0
18228 0
18231 1
18232 0
18234 0
18236 0
18237 0
18241 0
18242 0
18244 1
18250 1
18252 0
18253 0
18254 1
18256 1
18257 1
18263 0
18265 0
18266 0
18271 0
18273 0
18274 0
18275 0
18276 1
18279 0
18283 0
18288 0
18289 0
18290 1
18292 0
18295 0
18296 0
18298 1
18301 0
18306 0
18307 1
18311 0
17794 0
17796 0
17798 0
17799 0
17802 0
17804 0
17806 0
17812 0
17813 1
17819 0
17820 0
17824 0
17826 0
17830 0
17832 0
17833 0
17835 0
17847 0
17850 0
17851 0
17854 0
17856 0
17857 0
17859 0
17862 0
17871 0
17874 0
17875 0
17876 0
17878 0
17881 1
17882 0
17886 0
17888 0
17890 1
17893 0
17894 1
17896 0
17902 1
17903 1
17907 1
17909 0
17910 0
17911 0
17915 0
17916 0
17919 0
17920 0
17923 0
17924 0
17926 0
17929 0
17932 0
17939 0
17940 0
17941 0
17943 0
17948 0
17952 0
17954 0
17955 1
17957 0
17960 0
17966 0
17969 1
17970 1
17975 0
17976 0
17979 1
17980 1
17990 1
17992 1
17994 0
17998 0
17999 1
18000 0
18003 0
18004 1
18007 0
18011 0
18015 0
18018 0
18019 0
18026 1
18028 0
18030 0
18032 0
18033 1
18038 0
18039 0
18043 0
18045 1
18046 0
18049 0
18052 1
17536 1
17537 0
17539 0
17540 1
17548 0
17549 1
17557 0
17558 0
17561 0
17566 0
17568 0
17569 1
17571 0
17572 0
17576 0
17577 0
17578 0
17579 1
17584 0
17586 0
17587 0
17588 0
17589 0
17591 1
17592 0
17597 0
17598 0
17603 0
17605 0
17606 0
17607 0
17608 0
17613 0
17614 0
17615 0
17616 0
17618 0
17620 1
17624 1
17626 0
17629 0
17630 1
17633 0
17634 0
17636 1
17637 0
17639 1
17645 1
17651 0
17654 0
17655 1
17658 0
17660 0
17663 0
17666 0
17668 0
17676 0
17679 0
17683 0
17685 0
17687 1
17688 0
17690 0
17691 1
17692 0
17695 1
17696 0
17697 1
17699 0
17701 0
17703 0
17706 1
17711 0
17712 0
17714 0
17716 0
17717 0
17720 1
17723 0
17728 0
17731 0
17733 0
17734 0
17736 0
17737 1
17739 0
17744 0
17745 1
17755 0
17757 0
17759 0
17764 0
17766 0
17767 0
17768 0
17769 0
17770 0
17771 0
17775 0
17776 1
17785 0
17786 1
17788 0
17790 0
17791 0
17792 0
17274 0
17276 1
17278 0
17279 0
17284 1
17288 0
17290 1
17291 1
17292 0
17293 1
17294 0
17296 0
17297 0
17300 0
17303 0
17304 0
17305 0
17308 0
17309 0
17310 1
17311 0
17313 0
17315 1
17317 0
17319 0
17321 0
17324 0
17326 0
17329 0
17330 0
17333 0
17334 0
17335 1
17338 1
17342 0
17346 0
17348 0
17350 0
17358 0
17359 0
17361 1
17363 1
17364 0
17368 0
17369 0
17370 1
17372 0
17373 0
17375 1
17376 0
17382 0
17383 0
17390 0
17395 0
17396 1
17400 0
17403 1
17409 0
17414 0
17417 1
17418 1
17423 0
17425 0
17426 0
17428 0
17431 0
17432 0
17435 0
17436 1
17439 0
17441 0
17442 0
17443 1
17446 0
17453 0
17455 0
17458 0
17463 0
17465 0
17469 0
17470 0
17473 0
17474 1
17476 1
17477 0
17480 1
17482 0
17483 0
17488 0
17490 0
17493 1
17494 0
17495 0
17498 0
17501 1
17502 1
17503 0
17504 0
17506 0
17507 0
17509 0
17510 0
17511 0
17513 0
17514 1
17515 1
17517 0
17518 0
17519 1
17522 1
17523 0
17527 0
17528 0
17532 0
17534 0
17022 1
17025 0
17027 0
17029 0
17033 0
17034 0
17035 0
17037 0
17048 1
17053 0
17056 1
17058 0
17060 0
17061 0
17063 0
17065 0
17071 0
17073 0
17077 0
17079 0
17081 0
17083 0
17084 0
17086 0
17087 0
17090 0
17093 0
17096 0
17100 0
17101 1
17102 1
17105 0
17107 0
17109 0
17110 0
17112 0
17113 0
17116 0
17120 1
17121 1
17122 0
17123 0
17126 0
17131 0
17133 1
17138 1
17141 1
17142 1
17143 1
17145 0
17147 0
17151 0
17152 0
17155 0
17156 0
17160 1
17162 0
17165 0
17166 1
17167 0
17171 1
17173 1
17176 0
17180 0
17186 0
17187 1
17189 0
17191 0
17192 0
17196 0
17197 0
17199 0
17204 1
17210 0
17214 0
17215 1
17219 1
17220 0
17223 0
17224 0
17225 0
17226 0
17227 0
17229 1
17236 0
17237 0
17238 0
17240 0
17242 0
17247 0
17248 0
17249 0
17255 0
17257 0
17260 0
17263 0
17264 0
17265 0
17269 0
17272 0
16754 0
16756 0
16759 0
16764 0
16765 0
16766 0
16767 0
16770 0
16777 0
16778 1
16779 0
16780 1
16783 1
16785 0
16786 0
16788 1
16789 0
16791 0
16796 0
16799 0
16800 1
16802 0
16803 0
16807 1
16809 0
16813 0
16814 1
16816 0
16818 1
16820 0
16823 0
16824 0
16826 1
16830 0
16831 0
16832 0
16837 0
16842 0
16845 0
16851 1
16852 1
16853 1
16854 0
16860 1
16863 0
16868 0
16871 0
16872 0
16875 0
16881 0
16882 1
16883 0
16884 0
16885 0
16887 0
16893 0
16896 0
16897 1
16899 1
16902 0
16903 0
16907 0
16908 0
16909 1
16910 0
16913 0
16917 1
16926 0
16927 0
16929 1
16930 0
16934 0
16939 0
16944 0
16945 0
16948 1
16949 0
16950 1
16954 0
16955 0
16956 0
16958 0
16961 0
16962 1
16964 0
16966 0
16970 0
16971 0
16972 1
16973 0
16975 0
16977 0
16978 0
16980 0
16984 0
16985 0
16988 0
16989 1
16990 0
16993 0
16996 0
17001 0
17002 0
17003 0
17005 0
17012 0
17013 1
16495 0
16496 0
16499 0
16501 0
16503 0
16506 0
16512 0
16513 0
16514 0
16515 0
16516 0
16519 1
16522 0
16524 0
16526 0
16527 0
16528 1
16530 0
16531 0
16533 0
16534 0
16535 0
16538 0
16539 0
16541 0
16543 0
16545 1
16547 0
16553 0
16554 0
16555 1
16557 0
16559 0
16567 0
16568 0
16570 0
16575 0
16585 0
16586 0
16587 0
16590 0
16592 1
16595 0
16596 0
16603 0
16605 1
16607 0
16608 0
16611 0
16612 1
16616 1
16617 1
16619 0
16620 0
16622 1
16623 0
16624 0
16633 1
16634 0
16648 0
16652 1
16654 0
16656 1
16661 0
16666 0
16667 1
16669 0
16671 1
16673 0
16679 0
16691 1
16693 0
16694 1
16695 1
16699 0
16701 1
16704 0
16708 1
16709 0
16712 0
16715 1
16717 0
16719 0
16720 0
16722 1
16725 1
16730 0
16733 0
16736 0
16738 0
16743 0
16745 0
16747 0
16750 0
16752 0
16236 0
16238 0
16239 0
16241 0
16243 0
16247 0
16248 0
16250 0
16251 0
16252 1
16253 0
16256 1
16259 1
16260 1
16261 0
16262 0
16263 0
16264 1
16268 0
16270 0
16273 1
16274 0
16275 0
16276 0
16277 1
16278 0
16279 0
16282 0
16284 1
16286 0
16288 1
16290 0
16292 0
16293 0
16294 1
16296 0
16307 0
16313 0
16314 0
16315 1
16317 0
16319 0
16321 0
16329 0
16330 0
16332 0
16333 1
16338 1
16339 0
16340 0
16342 0
16343 0
16344 1
16347 1
16348 0
16352 0
16357 0
16359 0
16360 0
16364 0
16368 0
16370 0
16372 0
16373 1
16375 1
16376 0
16379 0
16383 0
16389 0
16390 0
16393 1
16394 0
16396 0
16397 0
16398 0
16401 0
16402 1
16404 1
16407 1
16410 0
16413 0
16415 0
16416 1
16418 1
16419 0
16421 1
16422 1
16425 0
16426 0
16427 1
16428 0
16429 0
16431 0
16442 0
16444 0
16446 1
16448 0
16450 1
16451 0
16452 0
16453 0
16456 0
16457 0
16458 0
16459 1
16460 1
16461 0
16463 0
16465 0
16468 0
16470 0
16472 1
16474 0
16477 0
16480 0
16481 0
16483 0
16487 0
16488 0
16489 0
16491 1
15975 0
15976 0
15980 0
15983 0
15986 0
15987 0
15988 1
15990 0
15991 0
15992 1
15994 0
15999 1
16004 0
16007 0
16008 0
16009 0
16014 0
16015 0
16017 0
16019 0
16020 0
16021 1
16022 1
16028 0
16029 0
16031 1
16032 1
16033 0
16034 0
16035 0
16038 0
16039 0
16040 0
16041 0
16044 0
16049 0
16052 0
16053 0
16056 0
16057 0
16064 0
16065 0
16067 1
16068 0
16070 0
16071 0
16073 0
16076 1
16079 0
16081 0
16082 0
16084 0
16085 0
16088 0
16089 0
16090 1
16092 0
16095 1
16100 0
16103 0
16106 1
16108 0
16111 0
16113 0
16115 1
16116 0
16117 0
16118 0
16127 1
16130 1
16131 1
16132 0
16133 1
16134 0
16135 0
16139 0
16140 0
16144 0
16146 0
16147 0
16149 1
16151 0
16152 0
16153 1
16155 0
16157 0
16158 0
16159 0
16164 0
16165 0
16167 0
16168 1
16169 0
16176 0
16178 0
16180 1
16181 0
16182 0
16185 0
16186 0
16191 0
16193 0
16194 0
16195 0
16196 0
16198 0
16199 1
16200 0
16202 0
16203 1
16204 1
16205 0
16206 0
16209 0
16217 1
16220 1
16221 0
16222 0
16223 0
16226 0
16228 0
16229 0
16233 0
15719 0
15720 1
15723 1
15724 0
15725 0
15726 1
15731 0
15732 0
15733 0
15737 0
15739 1
15744 0
15745 0
15747 0
15753 0
15757 0
15758 0
15760 0
15767 0
15768 0
15769 0
15770 1
15771 1
15772 0
15777 0
15778 0
15780 0
15782 0
15783 0
15785 0
15786 1
15789 0
15790 0
15795 1
15803 0
15804 0
15805 0
15808 0
15815 0
15818 0
15822 0
15825 0
15826 0
15827 1
15830 0
15832 0
15834 0
15837 0
15838 0
15839 0
15841 0
15843 0
15844 1
15848 0
15856 0
15858 0
15867 0
15868 1
15869 1
15871 1
15875 0
15878 1
15879 0
15888 0
15898 0
15900 0
15901 1
15903 1
15904 0
15905 0
15909 1
15910 0
15911 0
15914 0
15915 0
15919 0
15924 0
15925 0
15926 0
15931 1
15932 0
15935 0
15937 0
15938 0
15940 0
15942 1
15943 0
15944 0
15946 0
15947 0
15948 0
15949 0
15950 1
15952 0
15953 0
15957 0
15960 0
15961 0
15964 0
15970 0
15459 0
15460 0
15462 1
15465 0
15467 1
15468 0
15469 0
15474 0
15481 0
15482 0
15489 0
15491 0
15492 1
15493 1
15498 1
15499 0
15503 0
15506 0
15511 0
15514 0
15518 0
15519 0
15521 1
15526 0
15530 1
15531 0
15533 0
15534 0
15535 0
15537 0
15541 0
15543 1
15546 1
15549 0
15551 0
15552 0
15553 0
15556 0
15559 0
15563 1
15564 0
15567 0
15568 0
15570 0
15575 1
15576 0
15577 0
15578 1
15579 0
15581 0
15583 0
15585 0
15587 0
15591 0
15595 0
15600 0
15607 0
15608 1
15616 0
15618 0
15623 0
15630 0
15631 0
15634 1
15635 0
15638 0
15643 0
15647 0
15652 0
15653 0
15657 0
15659 0
15661 1
15666 1
15669 1
15671 0
15672 0
15673 0
15676 0
15677 0
15678 0
15680 1
15684 0
15693 0
15694 1
15695 0
15697 0
15699 0
15701 1
15703 1
15705 1
15708 0
15709 1
15714 0
15203 0
15205 0
15207 0
15209 0
15210 1
15211 0
15214 0
15215 0
15216 1
15219 1
15221 0
15222 0
15227 0
15231 0
15234 0
15239 0
15242 0
15243 1
15244 0
15245 0
15248 0
15249 0
15259 1
15260 0
15261 0
15265 0
15266 0
15267 0
15268 0
15271 0
15277 0
15278 0
15282 0
15284 0
15285 0
15289 0
15290 1
15293 0
15297 1
15298 0
15301 1
15303 0
15304 1
15306 0
15307 0
15315 0
15316 1
15317 0
15320 0
15322 0
15324 1
15326 0
15327 0
15330 0
15334 0
15335 0
15337 0
15341 0
15343 0
15345 0
15350 0
15351 0
15355 1
15358 0
15359 0
15360 1
15361 0
15363 0
15364 1
15365 1
15367 0
15368 0
15369 0
15370 0
15372 1
15373 1
15375 0
15377 1
15378 0
15379 1
15380 0
15381 0
15387 0
15389 0
15393 0
15397 1
15399 0
15401 0
15402 0
15404 0
15405 1
15409 0
15411 1
15419 0
15420 0
15421 0
15422 0
15423 0
15424 0
15430 0
15432 0
15434 0
15437 0
15438 0
15441 1
15442 0
15444 1
15449 0
15453 0
15455 0
14941 0
14944 0
14947 0
14949 0
14950 1
14956 0
14957 0
14958 0
14959 0
14963 1
14967 0
14971 0
14973 0
14974 0
14975 1
14976 0
14978 0
14980 0
14984 0
14985 0
14986 0
14992 1
14993 0
14994 0
14998 0
14999 0
15005 0
15015 0
15020 0
15021 1
15026 0
15028 1
15029 0
15031 1
15032 0
15035 0
15036 0
15037 0
15039 0
15042 0
15043 0
15047 0
15048 1
15052 0
15053 0
15054 0
15057 0
15058 0
15065 1
15068 0
15073 0
15074 0
15078 0
15079 1
15083 1
15084 0
15086 1
15088 0
15091 0
15094 0
15097 0
15104 0
15107 0
15114 0
15116 0
15119 0
15120 0
15124 0
15130 1
15132 1
15134 0
15137 0
15138 1
15140 0
15142 1
15151 0
15157 0
15159 0
15163 0
15164 0
15170 0
15171 1
15178 0
15179 0
15182 0
15185 0
15187 0
15188 0
15189 0
15191 0
15192 0
15195 0
15196 0
14676 0
14679 0
14682 0
14685 0
14692 1
14694 0
14700 0
14704 1
14705 0
14706 0
14708 0
14709 0
14713 0
14714 1
14715 1
14716 0
14717 0
14718 1
14723 0
14724 0
14728 1
14729 0
14735 0
14744 0
14745 0
14748 1
14749 1
14750 0
14751 0
14752 0
14760 0
14761 0
14762 0
14764 0
14768 0
14769 0
14770 1
14772 1
14775 0
14777 0
14780 0
14783 1
14784 0
14785 0
14788 0
14790 0
14791 1
14793 0
14794 0
14796 0
14797 0
14798 0
14801 0
14808 0
14809 1
14810 0
14812 0
14815 0
14816 0
14817 0
14819 1
14821 1
14822 1
14824 0
14828 0
14829 0
14832 0
14833 0
14838 1
14840 1
14848 1
14850 1
14851 1
14853 0
14855 0
14857 0
14861 0
14862 1
14863 0
14866 0
14869 1
14872 0
14873 0
14874 0
14877 0
14878 0
14879 0
14884 1
14887 0
14888 0
14891 0
14895 0
14897 1
14899 1
14904 0
14906 1
14908 0
14910 0
14913 0
14914 0
14915 0
14922 1
14923 1
14934 0
14935 1
14936 0
14937 1
14423 0
14425 1
14426 1
14435 0
14436 0
14440 0
14441 0
14445 0
14451 1
14457 1
14458 0
14459 1
14462 0
14464 0
14465 0
14466 0
14469 0
14472 0
14474 1
14477 0
14478 1
14479 0
14483 0
14484 1
14490 0
14493 0
14496 1
14497 1
14498 1
14509 0
14510 0
14511 1
14512 0
14513 1
14516 1
14517 0
14518 0
14520 0
14521 1
14524 1
14525 1
14527 1
14528 0
14529 1
14530 0
14533 0
14534 0
14537 0
14539 1
14540 1
14541 0
14544 1
14546 1
14549 0
14551 1
14552 0
14553 0
14557 1
14559 0
14563 0
14565 1
14567 1
14568 0
14569 0
14570 0
14572 0
14573 0
14574 0
14577 0
14584 1
14585 0
14588 1
14589 0
14590 0
14591 0
14593 0
14596 0
14597 0
14600 0
14605 1
14608 1
14610 0
14616 1
14617 0
14619 0
14621 1
14629 1
14631 0
14632 1
14633 0
14639 0
14640 0
14641 0
14643 0
14645 0
14646 0
14647 1
14649 0
14652 0
14653 0
14655 1
14656 0
14659 0
14660 1
14663 1
14668 0
14672 0
14158 1
14159 0
14160 0
14162 1
14165 0
14168 0
14169 0
14171 1
14174 0
14175 1
14176 0
14178 0
14180 1
14182 0
14184 0
14190 0
14191 1
14194 0
14196 0
14198 0
14199 0
14200 1
14201 0
14203 0
14204 0
14210 0
14211 0
14216 0
14221 0
14226 0
14229 0
14232 0
14235 0
14237 0
14238 0
14241 0
14248 0
14251 1
14254 0
14256 0
14259 0
14262 0
14263 0
14270 1
14271 0
14273 0
14277 1
14282 0
14283 0
14284 0
14290 0
14291 0
14297 0
14301 1
14302 0
14303 1
14304 0
14307 0
14309 0
14312 0
14316 0
14317 1
14320 1
14323 0
14328 0
14330 0
14332 0
14333 0
14337 0
14338 0
14341 0
14345 1
14346 1
14347 0
14350 0
14351 0
14355 1
14364 0
14366 0
14369 1
14371 0
14374 1
14375 0
14380 1
14383 0
14384 0
14387 0
14391 0
14394 0
14395 0
14396 0
14397 1
14398 0
14399 0
14400 1
14402 0
14403 1
14404 0
14407 0
14409 0
14413 1
13894 0
13896 0
13898 0
13899 1
13901 0
13904 0
13905 1
13907 1
13908 0
13909 0
13912 1
13914 0
13916 1
13919 0
13921 1
13923 0
13933 0
13935 0
13936 0
13937 1
13938 0
13939 0
13940 0
13943 1
13944 1
13946 0
13947 0
13949 0
13952 0
13953 0
13954 0
13956 0
13957 0
13959 0
13960 0
13962 0
13967 1
13969 1
13970 0
13971 0
13974 0
13976 0
13978 0
13981 0
13984 0
13985 0
13986 0
13987 0
13989 0
13991 0
13992 0
13993 1
13994 0
13997 0
14000 0
14001 1
14003 0
14010 0
14011 0
14013 0
14014 0
14019 1
14020 1
14021 1
14024 1
14026 0
14027 0
14030 0
14031 0
14033 1
14036 0
14043 0
14049 0
14050 0
14052 1
14055 0
14056 0
14057 1
14058 0
14061 0
14063 0
14064 1
14065 0
14066 1
14067 0
14068 0
14069 1
14071 0
14072 0
14077 1
14083 0
14084 0
14090 0
14091 0
14094 0
14095 0
14096 0
14097 1
14099 0
14102 0
14105 0
14106 0
14107 0
14108 0
14113 0
14115 0
14116 0
14122 0
14123 0
14124 0
14125 0
14126 0
14127 0
14129 0
14131 0
14135 1
14136 1
14138 1
14141 0
14142 0
14143 1
14146 0
14147 0
14149 1
14150 0
14151 0
14152 0
14154 0
14156 0
13634 0
13635 1
13639 0
13640 0
13642 1
13644 1
13646 0
13648 0
13650 1
13652 0
13654 0
13656 0
13658 0
13664 0
13666 0
13669 0
13670 0
13673 1
13675 1
13677 1
13678 0
13681 0
13682 0
13683 0
13686 0
13688 0
13691 0
13692 0
13693 0
13694 0
13695 0
13696 0
13697 0
13698 0
13702 0
13703 0
13705 1
13706 0
13707 0
13709 1
13710 0
13713 1
13715 0
13722 1
13726 1
13730 0
13734 0
13739 0
13740 0
13741 0
13747 0
13748 0
13750 1
13751 1
13752 0
13753 1
13757 0
13760 0
13761 0
13762 1
13765 0
13766 0
13771 0
13772 0
13774 0
13776 0
13781 0
13782 1
13783 0
13786 0
13792 0
13793 0
13794 1
13795 0
13797 0
13799 0
13801 1
13802 0
13803 0
13805 0
13806 1
13807 0
13810 0
13812 1
13813 0
13815 0
13817 0
13821 0
13823 0
13824 1
13830 0
13832 0
13836 0
13837 1
13840 1
13849 0
13850 0
13851 0
13852 0
13855 1
13856 0
13861 0
13863 0
13865 0
13868 1
13870 0
13871 0
13874 0
13879 0
13880 0
13882 0
13885 0
13886 0
13888 0
13890 1
13892 1
13373 0
13374 0
13375 0
13377 0
13378 1
13379 0
13386 0
13389 0
13392 0
13397 0
13404 1
13406 0
13407 0
13409 0
13410 0
13411 0
13412 0
13417 0
13424 0
13429 0
13430 0
13436 0
13438 0
13446 1
13447 1
13449 1
13451 0
13461 1
13462 0
13464 0
13468 0
13470 1
13472 0
13475 0
13476 0
13483 0
13489 1
13491 1
13493 0
13494 0
13499 0
13502 0
13504 0
13510 0
13511 1
13516 1
13517 0
13518 0
13519 0
13523 0
13524 1
13526 0
13528 0
13529 1
13540 1
13545 1
13548 0
13549 0
13550 0
13554 0
13555 0
13559 0
13563 1
13564 0
13568 0
13573 1
13574 0
13577 0
13579 0
13583 0
13587 0
13591 1
13592 0
13594 0
13595 1
13596 1
13603 0
13607 0
13609 0
13611 0
13616 0
13618 1
13621 0
13625 0
13626 0
13629 0
13114 1
13116 0
13117 0
13118 1
13120 0
13125 0
13126 0
13127 0
13128 1
13131 0
13132 0
13133 0
13135 0
13138 1
13139 1
13140 0
13148 0
13149 0
13150 0
13151 0
13152 1
13153 0
13154 0
13155 0
13156 1
13158 0
13161 0
13162 0
13166 0
13167 0
13169 0
13173 0
13178 0
13183 0
13189 0
13190 0
13192 0
13195 0
13196 0
13203 0
13206 0
13210 1
13211 0
13212 1
13213 1
13215 0
13218 0
13219 1
13220 1
13221 1
13222 0
13226 0
13227 0
13229 0
13231 0
13233 0
13235 0
13236 0
13237 1
13238 0
13248 0
13252 0
13255 0
13257 1
13260 1
13261 1
13262 1
13263 1
13264 0
13265 0
13266 1
13268 0
13269 0
13270 0
13271 0
13275 1
13278 0
13279 0
13283 0
13284 0
13287 0
13291 1
13292 1
13293 0
13294 1
13295 0
13297 0
13303 0
13304 0
13310 0
13315 0
13317 0
13325 1
13326 0
13327 0
13330 0
13332 0
13334 1
13335 0
13337 0
13338 0
13341 1
13342 0
13344 1
13345 0
13352 0
13354 0
13357 0
13359 0
13360 1
13362 0
13363 0
13367 0
12851 1
12852 0
12853 0
12855 0
12857 0
12862 0
12865 0
12867 0
12868 1
12873 0
12874 1
12875 0
12877 1
12885 0
12886 0
12890 0
12892 0
12895 0
12896 1
12902 0
12904 0
12905 0
12906 0
12917 1
12919 0
12923 1
12925 0
12926 0
12927 0
12929 0
12930 0
12936 0
12938 0
12939 0
12940 0
12942 0
12947 1
12948 0
12950 1
12951 0
12952 0
12953 1
12958 0
12960 0
12963 0
12968 0
12969 1
12972 1
12973 1
12975 0
12976 0
12978 0
12981 1
12983 1
12984 0
12985 0
12986 0
12988 0
12994 0
13000 0
13001 1
13002 1
13003 0
13007 0
13008 0
13016 1
13017 0
13018 0
13021 0
13023 0
13024 1
13025 0
13026 0
13031 0
13033 1
13035 0
13037 0
13038 0
13041 0
13044 0
13045 1
13046 0
13052 0
13053 0
13055 0
13057 0
13065 0
13066 1
13067 1
13068 1
13069 0
13077 0
13080 0
13082 0
13085 0
13086 0
13087 0
13088 1
13091 1
13093 0
13097 0
13098 1
13101 0
13103 0
13108 0
12590 0
12593 0
12594 0
12598 0
12600 1
12601 1
12602 0
12604 1
12607 0
12608 0
12610 0
12611 1
12616 0
12619 0
12626 0
12627 1
12628 1
12631 0
12632 0
12633 1
12634 1
12638 1
12640 0
12642 0
12643 1
12645 1
12646 1
12647 0
12648 0
12649 0
12650 0
12654 0
12656 0
12658 0
12659 1
12660 0
12662 0
12663 1
12664 0
12665 0
12668 0
12671 0
12673 1
12676 0
12678 0
12679 0
12680 0
12681 0
12682 1
12685 0
12686 0
12688 1
12689 0
12690 1
12693 0
12695 0
12696 0
12697 0
12698 0
12699 0
12702 0
12703 0
12705 1
12707 0
12708 1
12710 0
12711 1
12712 0
12714 1
12716 0
12719 0
12729 1
12731 1
12734 1
12736 1
12745 1
12747 1
12754 0
12755 0
12756 0
12763 0
12767 1
12769 1
12773 0
12775 0
12776 0
12777 0
12780 0
12784 0
12788 1
12790 0
12792 0
12797 0
12798 0
12800 0
12807 0
12809 0
12811 0
12813 0
12815 1
12816 1
12817 0
12820 0
12823 0
12824 0
12825 0
12826 0
12828 0
12833 0
12835 0
12838 1
12840 0
12842 0
12844 0
12846 0
12848 0
12332 1
12333 0
12335 0
12336 0
12339 0
12343 0
12344 0
12348 0
12352 0
12353 0
12359 0
12361 0
12364 1
12365 0
12370 1
12371 0
12373 1
12374 1
12376 0
12379 0
12385 0
12386 1
12387 1
12389 0
12393 0
12398 1
12399 0
12401 1
12402 0
12404 0
12405 0
12411 0
12413 0
12416 0
12417 0
12421 0
12423 1
12424 0
12425 0
12427 1
12434 0
12436 0
12437 0
12439 0
12440 1
12442 0
12445 1
12446 0
12448 1
12449 0
12451 0
12453 0
12458 0
12463 0
12464 0
12465 0
12468 0
12469 0
12472 0
12475 0
12476 0
12480 0
12483 1
12484 0
12489 1
12492 0
12493 0
12494 0
12495 0
12499 0
12500 0
12508 0
12509 1
12510 0
12515 1
12520 1
12523 0
12524 0
12526 1
12527 1
12528 0
12531 0
12535 0
12536 0
12538 0
12539 0
12541 0
12542 1
12543 0
12544 1
12547 0
12554 0
12555 0
12556 0
12558 1
12559 0
12562 0
12568 1
12569 0
12577 0
12578 0
12579 0
12580 0
12582 0
12584 0
12586 1
12072 0
12074 1
12077 0
12079 1
12081 0
12082 0
12084 1
12085 0
12090 0
12092 0
12094 1
12098 0
12102 0
12103 1
12104 0
12105 0
12106 1
12110 0
12111 0
12119 0
12121 1
12122 0
12123 0
12125 0
12127 1
12130 1
12133 0
12136 0
12137 0
12140 0
12145 0
12151 0
12154 0
12155 0
12158 1
12159 1
12160 0
12166 0
12167 0
12169 1
12177 0
12179 1
12183 0
12184 1
12186 0
12188 0
12189 1
12190 0
12194 0
12195 0
12196 1
12197 0
12198 0
12199 0
12200 0
12203 0
12205 0
12214 1
12215 0
12216 1
12219 0
12221 0
12223 0
12224 0
12226 0
12227 0
12228 1
12229 0
12230 1
12231 0
12234 0
12235 0
12239 0
12243 1
12248 0
12252 0
12254 0
12256 0
12258 1
12260 0
12261 0
12262 0
12266 0
12267 1
12271 0
12280 0
12283 0
12284 0
12286 0
12287 0
12289 1
12291 1
12292 0
12293 0
12296 0
12298 0
12299 0
12300 0
12302 0
12304 0
12305 0
12307 1
12309 0
12310 0
12313 0
12315 1
12320 0
12322 0
12325 0
11806 1
11808 0
11809 0
11811 0
11816 0
11818 0
11819 1
11820 0
11821 0
11823 0
11824 1
11826 0
11831 0
11832 0
11833 0
11834 0
11836 0
11837 0
11839 0
11846 0
11847 0
11848 1
11851 0
11860 0
11862 0
11866 0
11867 1
11869 1
11871 0
11875 0
11876 1
11879 0
11881 0
11882 0
11885 0
11887 0
11889 0
11890 0
11892 0
11894 0
11895 1
11899 0
11904 0
11906 1
11912 1
11913 0
11922 1
11923 0
11924 0
11926 0
11927 1
11928 0
11931 0
11932 1
11935 0
11939 0
11942 0
11945 0
11947 0
11948 0
11956 0
11957 0
11961 0
11963 1
11964 0
11965 0
11968 0
11970 0
11971 1
11972 1
11974 0
11976 1
11977 0
11979 0
11980 0
11981 0
11983 1
11986 1
11988 0
11989 0
11990 0
11991 0
11994 0
11996 0
12006 0
12010 0
12013 1
12014 1
12018 0
12019 0
12021 0
12025 0
12032 0
12035 0
12040 1
12042 0
12043 0
12046 0
12047 0
12050 1
12051 0
12052 0
12054 0
12055 0
12056 0
12057 0
12058 0
12060 1
12063 0
12065 1
12066 0
11544 0
11548 0
11549 0
11551 0
11552 0
11554 0
11555 0
11556 0
11567 1
11568 0
11569 0
11570 0
11577 0
11578 0
11580 0
11582 0
11589 0
11590 0
11592 1
11593 0
11594 1
11595 1
11597 1
11599 0
11602 1
11603 0
11604 0
11606 1
11607 1
11611 0
11613 0
11616 1
11620 0
11621 1
11623 0
11625 0
11628 0
11629 0
11630 0
11632 0
11634 0
11638 0
11639 0
11641 1
11642 0
11643 1
11645 0
11646 0
11656 0
11661 1
11665 0
11668 0
11670 0
11671 0
11672 0
11674 0
11679 1
11680 0
11681 0
11682 0
11685 0
11689 0
11690 0
11692 0
11693 0
11695 0
11699 0
11700 0
11706 1
11710 0
11713 1
11714 0
11717 0
11720 0
11721 0
11723 1
11727 0
11731 0
11732 0
11734 0
11736 0
11738 1
11739 1
11740 0
11742 0
11744 1
11748 0
11749 1
11750 0
11754 0
11755 1
11758 0
11761 0
11762 0
11764 1
11766 0
11767 0
11770 0
11771 0
11774 1
11775 0
11777 0
11778 0
11779 0
11780 0
11783 1
11784 0
11786 0
11787 0
11788 0
11790 0
11795 1
11798 0
11799 0
11800 0
11802 0
11803 0
11804 0
11287 0
11289 0
11290 0
11295 1
11296 0
11297 0
11299 0
11300 0
11301 0
11304 0
11309 0
11311 0
11313 0
11314 1
11315 0
11316 0
11318 0
11319 1
11321 0
11324 0
11325 1
11328 0
11332 1
11333 0
11335 1
11338 1
11339 0
11340 0
11342 0
11343 0
11344 0
11347 0
11349 0
11350 0
11355 0
11360 0
11366 0
11367 0
11368 0
11370 0
11374 0
11375 0
11378 0
11380 0
11382 0
11383 1
11384 1
11386 1
11388 0
11389 0
11390 1
11393 1
11394 1
11395 0
11397 0
11409 0
11412 1
11414 0
11417 1
11418 0
11420 0
11421 0
11424 1
11426 1
11427 1
11429 1
11430 0
11431 1
11432 1
11439 0
11440 0
11443 0
11445 0
11446 0
11448 0
11449 0
11451 0
11453 0
11455 0
11456 0
11460 0
11461 1
11462 1
11466 0
11467 0
11468 0
11470 0
11472 0
11473 1
11476 0
11478 1
11480 0
11487 1
11488 1
11490 0
11491 0
11495 0
11496 0
11497 1
11498 0
11501 1
11502 1
11505 0
11508 0
11509 0
11511 1
11515 1
11516 0
11518 0
11520 0
11521 0
11522 0
11529 0
11534 0
11538 1
11540 0
11542 0
11023 1
11024 0
11029 1
11030 0
11031 1
11038 0
11040 0
11045 1
11049 0
11050 0
11053 1
11055 1
11059 0
11060 0
11065 0
11069 0
11071 0
11076 0
11079 0
11080 1
11083 0
11084 0
11100 0
11101 1
11103 0
11108 1
11109 0
11110 1
11113 0
11115 0
11116 0
11122 0
11123 0
11126 0
11127 0
11131 1
11132 0
11133 0
11134 0
11135 0
11138 0
11142 0
11143 1
11145 1
11146 0
11147 1
11154 0
11155 1
11158 1
11160 0
11161 1
11163 0
11165 0
11167 0
11169 0
11173 0
11180 0
11182 1
11187 0
11190 0
11191 0
11192 0
11194 0
11198 0
11199 0
11200 0
11202 0
11204 0
11207 0
11208 1
11209 0
11210 0
11212 0
11214 0
11215 0
11217 1
11220 1
11222 0
11223 1
11225 0
11230 0
11232 0
11236 0
11237 1
11238 0
11240 0
11246 1
11247 0
11249 0
11251 0
11255 0
11257 0
11259 0
11264 1
11265 1
11266 0
11269 0
11271 0
11275 0
11276 1
11282 0
11283 0
10763 0
10766 0
10768 0
10769 1
10770 0
10771 0
10773 1
10779 1
10780 0
10781 0
10785 1
10788 0
10793 1
10795 1
10796 0
10801 0
10807 1
10814 0
10815 1
10817 0
10820 0
10824 1
10825 0
10827 0
10828 0
10829 1
10830 1
10832 0
10833 0
10840 0
10846 1
10850 0
10856 1
10860 1
10868 0
10870 0
10871 0
10873 0
10875 0
10876 1
10878 0
10880 0
10884 0
10886 0
10887 0
10888 0
10889 0
10893 0
10896 0
10898 0
10899 0
10900 0
10901 0
10903 0
10906 0
10910 0
10911 0
10912 0
10914 0
10916 0
10920 0
10923 0
10929 1
10931 1
10933 0
10935 0
10937 0
10942 0
10943 1
10949 1
10951 0
10953 1
10956 0
10957 0
10961 0
10963 0
10966 0
10968 0
10970 1
10971 1
10973 0
10974 0
10975 0
10978 0
10983 0
10987 0
10991 0
10992 0
10994 0
10998 0
11001 0
11002 1
11003 0
11007 0
11008 0
11012 1
11014 0
11015 0
11016 0
11020 0
11021 0
10503 0
10506 0
10511 0
10513 0
10518 0
10520 0
10522 0
10523 1
10525 0
10526 0
10527 0
10535 1
10536 0
10538 0
10539 0
10546 0
10548 1
10551 0
10552 0
10555 0
10558 1
10563 1
10566 0
10567 0
10568 0
10573 0
10576 0
10577 0
10584 0
10585 0
10590 0
10591 0
10593 0
10594 0
10596 0
10599 0
10601 0
10605 0
10608 0
10611 0
10612 1
10613 0
10616 0
10619 1
10621 0
10623 0
10625 0
10626 0
10627 1
10635 0
10638 1
10645 1
10647 0
10649 1
10653 0
10654 1
10656 0
10662 1
10663 1
10665 0
10667 0
10668 1
10669 0
10671 1
10672 0
10678 1
10683 0
10687 0
10689 1
10691 0
10692 0
10698 1
10699 0
10701 1
10703 1
10707 0
10709 0
10710 0
10713 1
10714 1
10718 0
10720 0
10724 0
10725 0
10726 1
10729 0
10734 0
10735 0
10737 0
10738 1
10740 0
10741 0
10743 0
10751 0
10753 1
10754 0
10756 0
10757 0
10758 0
10761 1
10242 0
10243 0
10249 0
10252 0
10253 0
10254 0
10256 0
10258 0
10264 0
10267 0
10268 0
10274 0
10281 1
10285 0
10290 0
10291 1
10292 0
10297 0
10298 0
10303 0
10305 0
10309 0
10312 0
10313 0
10322 0
10323 0
10324 0
10325 0
10329 1
10331 0
10333 0
10334 0
10335 1
10338 1
10339 0
10342 0
10348 1
10351 1
10356 1
10359 0
10361 0
10363 0
10367 0
10368 0
10371 0
10373 0
10374 1
10376 1
10380 0
10383 1
10384 1
10385 0
10387 0
10388 0
10394 0
10395 0
10398 0
10401 0
10403 1
10406 0
10407 1
10410 1
10415 1
10416 0
10421 0
10425 0
10427 0
10428 0
10430 0
10434 0
10436 0
10438 1
10439 1
10441 1
10444 0
10445 0
10446 0
10449 0
10456 1
10459 0
10461 1
10462 0
10464 0
10465 1
10468 0
10470 0
10473 0
10474 0
10477 0
10478 1
10482 0
10484 0
10485 0
10486 0
10487 0
10488 1
10490 0
10492 0
10494 1
10496 0
10498 0
10499 0
9982 0
9984 1
9989 1
9996 0
9999 1
10002 0
10003 0
10006 1
10008 0
10012 0
10013 1
10016 1
10017 1
10018 0
10020 0
10022 0
10027 1
10029 0
10031 0
10032 0
10033 0
10035 0
10037 1
10038 1
10039 0
10040 0
10043 0
10050 0
10053 0
10056 0
10059 0
10061 1
10069 0
10071 0
10074 0
10079 1
10082 1
10083 0
10086 0
10089 0
10096 1
10107 0
10108 0
10109 0
10111 0
10112 1
10113 0
10116 1
10117 0
10118 0
10119 1
10124 0
10125 0
10128 0
10130 0
10131 0
10135 0
10137 0
10142 0
10144 1
10148 1
10151 1
10154 0
10155 1
10157 0
10162 0
10163 1
10164 0
10167 0
10169 0
10177 0
10179 0
10181 1
10189 0
10190 0
10197 1
10198 0
10199 1
10200 0
10201 0
10202 0
10205 1
10206 0
10213 1
10217 0
10226 0
10229 0
10230 0
10233 1
10237 0
10238 1
10239 1
9723 1
9724 0
9728 1
9732 0
9733 0
9735 0
9736 0
9737 0
9740 0
9741 0
9745 0
9746 0
9748 0
9754 0
9757 0
9759 0
9762 0
9763 0
9765 0
9767 0
9768 1
9769 0
9770 1
9775 0
9776 0
9778 0
9779 1
9780 1
9783 0
9787 0
9788 0
9793 0
9796 1
9797 1
9798 0
9800 1
9802 0
9803 0
9804 0
9806 0
9809 0
9812 0
9815 1
9816 1
9818 0
9821 0
9825 0
9826 0
9828 0
9829 0
9830 0
9831 0
9836 0
9837 0
9838 1
9841 1
9842 0
9843 0
9846 0
9847 0
9849 0
9850 0
9851 1
9853 0
9854 1
9855 0
9856 0
9861 0
9862 1
9863 0
9866 1
9870 0
9873 0
9874 0
9875 0
9876 0
9878 1
9880 1
9881 1
9885 1
9891 0
9898 0
9900 0
9901 0
9903 1
9905 1
9907 0
9910 0
9913 0
9916 0
9923 0
9926 0
9928 0
9930 1
9931 1
9932 0
9934 0
9936 0
9940 0
9941 0
9943 1
9945 0
9950 0
9952 0
9956 1
9959 0
9961 0
9962 0
9963 1
9966 0
9970 0
9972 0
9973 0
9974 0
9975 0
9976 0
9977 0
9979 0
9460 1
9464 0
9470 1
9472 1
9478 0
9482 0
9485 0
9486 0
9487 0
9493 1
9495 0
9500 1
9504 0
9505 0
9506 0
9509 0
9510 0
9512 0
9513 0
9514 1
9516 0
9518 0
9519 0
9521 0
9523 0
9524 0
9527 0
9529 1
9530 0
9531 0
9533 1
9534 1
9536 0
9538 0
9539 0
9540 1
9541 0
9543 1
9544 1
9545 0
9548 0
9552 0
9558 0
9560 1
9562 0
9564 0
9565 0
9568 0
9569 1
9571 0
9572 1
9575 0
9577 1
9586 0
9589 1
9590 0
9591 0
9593 0
9594 0
9602 1
9610 1
9612 1
9613 0
9617 0
9618 0
9620 0
9625 1
9626 0
9627 0
9628 0
9629 1
9631 1
9633 0
9642 0
9643 0
9645 1
9646 0
9650 0
9652 0
9653 0
9659 1
9660 1
9661 0
9662 0
9664 0
9666 0
9670 0
9671 0
9673 0
9679 0
9682 0
9687 0
9695 0
9697 0
9699 0
9701 0
9704 1
9706 1
9707 0
9709 0
9716 0
9719 0
9199 0
9204 0
9207 1
9209 0
9214 0
9217 0
9220 0
9222 0
9223 0
9224 0
9228 1
9231 0
9235 0
9236 1
9238 0
9239 0
9242 0
9243 1
9246 0
9251 0
9253 1
9254 0
9255 0
9259 0
9260 0
9262 1
9265 1
9269 0
9273 0
9274 0
9278 1
9281 1
9282 0
9289 1
9290 0
9291 1
9292 1
9293 0
9296 0
9298 0
9299 0
9300 0
9301 0
9302 0
9304 0
9305 1
9308 0
9314 0
9315 0
9317 0
9318 0
9320 0
9321 0
9322 0
9324 0
9329 1
9331 0
9332 1
9333 0
9334 0
9336 0
9338 0
9340 1
9341 0
9343 0
9344 0
9345 0
9350 1
9351 0
9355 0
9356 0
9357 0
9362 1
9364 0
9368 1
9371 0
9375 0
9377 1
9380 0
9382 0
9385 1
9387 0
9388 0
9393 1
9394 1
9396 0
9398 0
9400 1
9402 0
9403 0
9405 0
9409 0
9410 0
9411 0
9413 0
9415 1
9417 1
9424 0
9425 1
9432 0
9433 0
9435 0
9437 0
9438 0
9439 0
9442 1
9444 0
9445 0
9450 0
9451 0
9454 0
9455 1
8942 0
8946 0
8951 1
8954 0
8955 1
8956 1
8959 0
8961 1
8966 1
8967 1
8969 0
8971 0
8972 0
8973 0
8975 0
8988 0
8995 1
8996 0
8998 0
9000 0
9005 0
9006 0
9009 0
9010 0
9011 0
9012 0
9016 0
9022 0
9023 1
9024 0
9028 0
9033 1
9034 0
9035 1
9037 1
9038 0
9039 1
9042 1
9045 0
9046 1
9047 0
9048 1
9051 1
9052 0
9054 0
9058 0
9059 1
9062 0
9067 0
9071 0
9073 0
9076 0
9083 0
9084 0
9085 0
9087 1
9089 1
9093 0
9095 0
9096 0
9098 1
9102 0
9103 0
9105 0
9106 1
9107 1
9110 0
9116 1
9118 0
9124 0
9128 0
9131 0
9135 0
9136 0
9137 0
9140 0
9143 0
9144 0
9148 0
9152 0
9155 1
9156 0
9158 0
9160 0
9165 1
9167 0
9168 0
9172 1
9174 0
9176 1
9177 1
9179 0
9180 0
9182 0
9184 0
9186 0
9189 0
9191 0
9196 0
9197 0
9198 0
8679 0
8680 0
8681 1
8683 1
8684 0
8685 1
8686 1
8688 1
8689 0
8691 1
8692 0
8693 0
8695 0
8698 0
8700 0
8701 1
8703 0
8708 0
8709 1
8710 0
8712 1
8713 0
8715 0
8721 0
8723 0
8725 0
8731 0
8733 0
8740 0
8743 0
8748 0
8749 0
8750 0
8752 0
8765 0
8767 0
8772 0
8773 0
8777 1
8778 0
8786 1
8787 0
8791 1
8795 1
8796 1
8800 0
8801 0
8802 0
8803 1
8805 0
8807 0
8812 0
8814 0
8820 0
8823 1
8825 0
8827 1
8829 0
8831 1
8833 1
8836 0
8837 1
8839 1
8846 0
8847 0
8848 0
8849 0
8855 1
8861 0
8863 0
8865 1
8866 0
8867 0
8877 1
8878 0
8884 0
8886 0
8893 0
8894 0
8895 0
8896 0
8900 0
8901 0
8903 1
8906 0
8911 0
8912 0
8914 1
8915 0
8917 1
8919 0
8920 0
8922 0
8923 1
8931 0
8933 0
8937 0
8939 0
8418 1
8419 0
8420 0
8422 0
8428 0
8429 1
8432 0
8433 1
8437 0
8438 1
8442 0
8443 0
8445 0
8446 0
8448 0
8449 0
8453 1
8454 1
8455 0
8457 0
8461 0
8464 0
8466 0
8472 0
8474 0
8480 0
8483 0
8486 0
8488 0
8489 0
8492 1
8495 1
8496 1
8499 0
8500 1
8505 0
8507 0
8508 0
8509 1
8510 1
8515 1
8519 0
8521 1
8526 0
8528 0
8530 0
8532 0
8533 0
8534 0
8537 1
8540 0
8541 0
8547 0
8549 0
8550 1
8552 0
8553 1
8554 1
8560 0
8562 1
8567 1
8568 0
8569 0
8570 0
8572 0
8574 0
8577 0
8579 0
8584 0
8586 0
8588 1
8590 1
8598 1
8605 1
8607 1
8612 1
8616 1
8617 0
8622 0
8625 0
8626 1
8627 0
8628 0
8631 0
8632 0
8633 0
8636 0
8642 1
8644 1
8645 1
8646 0
8647 0
8650 0
8652 1
8653 0
8658 0
8659 0
8661 1
8663 1
8666 1
8668 1
8673 0
8675 1
8161 1
8164 0
8173 1
8175 0
8178 0
8179 0
8184 0
8185 0
8187 0
8188 0
8189 0
8191 0
8192 1
8193 0
8194 0
8197 0
8203 0
8208 1
8209 0
8210 0
8212 0
8215 1
8218 0
8222 0
8223 0
8224 0
8225 0
8227 0
8229 1
8230 1
8231 0
8232 0
8233 0
8234 0
8245 1
8246 0
8249 0
8251 0
8252 0
8254 0
8257 0
8262 0
8263 0
8265 0
8267 0
8268 0
8269 1
8270 0
8276 0
8278 0
8280 0
8283 0
8284 0
8289 1
8293 0
8294 0
8295 0
8297 0
8301 0
8302 0
8304 0
8309 0
8317 0
8319 0
8321 0
8324 1
8327 0
8328 1
8334 0
8335 1
8337 0
8341 0
8345 0
8346 0
8347 0
8360 0
8364 0
8366 0
8367 0
8370 0
8372 0
8373 1
8377 0
8379 0
8380 1
8381 0
8386 0
8389 1
8390 0
8392 0
8393 0
8399 0
8400 1
8404 0
8405 0
8406 1
8407 0
8409 1
8410 1
8412 0
8415 0
8416 1
8417 1
7898 0
7904 1
7907 0
7908 1
7909 0
7913 0
7914 1
7917 1
7919 0
7921 0
7923 0
7926 0
7928 1
7932 1
7933 1
7937 1
7940 0
7941 0
7942 0
7947 1
7954 0
7955 0
7956 0
7957 1
7960 0
7961 1
7964 0
7969 0
7976 1
7978 1
7980 0
7983 0
7991 1
7993 0
7995 0
7996 1
7997 0
8001 0
8002 0
8003 0
8005 0
8006 0
8009 1
8010 0
8012 0
8016 0
8021 0
8022 0
8025 1
8027 0
8028 0
8029 0
8033 0
8035 0
8040 1
8041 1
8042 0
8046 0
8048 1
8049 0
8050 0
8052 1
8053 0
8059 1
8062 1
8075 0
8076 0
8078 1
8082 0
8091 1
8098 0
8100 1
8102 0
8105 1
8107 0
8109 0
8110 1
8124 0
8125 1
8126 0
8127 0
8130 0
8133 0
8135 0
8136 0
8137 1
8139 0
8140 1
8141 0
8142 0
8144 0
8146 0
8147 0
8150 0
8151 0
8155 0
8156 0
7640 0
7641 1
7657 0
7658 1
7665 0
7673 1
7676 0
7677 1
7679 1
7680 0
7684 0
7685 0
7686 0
7687 0
7688 1
7693 1
7695 0
7697 1
7698 0
7699 0
7705 0
7706 0
7707 1
7709 0
7711 0
7720 1
7722 0
7726 0
7728 0
7731 0
7732 0
7734 0
7736 0
7739 0
7740 1
7744 0
7746 0
7749 0
7750 0
7753 0
7756 0
7757 1
7758 1
7759 0
7762 1
7763 0
7764 0
7765 1
7766 0
7767 0
7770 0
7772 0
7774 1
7777 0
7780 1
7783 0
7784 1
7787 0
7788 0
7789 1
7791 1
7793 0
7796 0
7797 0
7798 0
7805 0
7806 0
7808 0
7809 1
7815 1
7817 0
7819 1
7822 0
7829 0
7838 0
7842 1
7846 0
7847 0
7853 0
7854 0
7855 0
7857 0
7860 0
7861 1
7865 0
7870 0
7871 0
7874 0
7875 0
7879 1
7883 0
7885 1
7889 0
7890 1
7891 0
7893 0
7894 1
7895 0
7382 0
7392 0
7393 0
7396 1
7397 0
7398 0
7399 0
7400 0
7402 1
7403 0
7405 0
7409 1
7415 1
7417 0
7419 0
7423 0
7424 0
7425 0
7429 0
7430 0
7432 0
7433 0
7434 0
7435 0
7438 0
7439 0
7442 0
7445 0
7446 0
7451 1
7456 0
7462 1
7463 0
7464 0
7467 0
7470 0
7473 0
7475 0
7477 0
7478 0
7483 0
7484 0
7485 0
7490 1
7491 0
7492 0
7494 1
7495 0
7496 0
7497 0
7498 0
7502 1
7509 0
7510 0
7514 0
7515 0
7516 1
7519 1
7522 0
7523 0
7525 1
7526 1
7527 1
7529 0
7530 0
7532 0
7538 1
7541 0
7542 0
7546 0
7547 0
7549 0
7550 0
7552 0
7554 0
7555 1
7556 0
7557 0
7563 0
7565 0
7566 0
7568 0
7570 0
7571 0
7572 0
7574 0
7578 1
7579 1
7580 0
7583 0
7589 0
7590 0
7591 0
7593 1
7594 0
7595 0
7597 0
7598 0
7605 0
7607 1
7608 0
7610 0
7611 0
7612 1
7615 0
7616 1
7620 0
7621 0
7622 0
7624 0
7625 0
7627 0
7633 0
7635 0
7638 0
7126 0
7127 0
7129 1
7131 1
7132 0
7134 0
7136 0
7138 0
7142 1
7144 1
7147 0
7149 1
7150 0
7157 0
7158 0
7160 0
7163 0
7164 1
7165 0
7170 1
7172 0
7173 0
7177 0
7179 0
7181 1
7182 1
7183 1
7186 0
7187 1
7189 1
7193 0
7202 0
7207 0
7208 0
7209 0
7211 0
7217 0
7225 0
7226 0
7231 0
7233 0
7234 0
7235 1
7237 0
7238 0
7242 0
7248 0
7249 1
7250 1
7257 0
7258 0
7259 0
7260 1
7262 0
7270 0
7276 0
7280 0
7281 0
7282 0
7283 0
7284 1
7285 1
7294 0
7295 1
7296 1
7297 0
7299 0
7304 0
7305 1
7306 0
7307 0
7312 0
7313 0
7318 0
7321 1
7324 0
7325 0
7327 1
7329 1
7330 0
7331 0
7333 0
7334 0
7335 1
7337 0
7339 0
7340 0
7343 0
7345 0
7346 1
7347 1
7348 0
7349 0
7352 0
7354 0
7357 1
7358 0
7360 0
7361 0
7364 1
7366 0
7368 0
7371 0
7375 0
7377 0
6864 1
6865 0
6869 0
6870 0
6872 1
6875 0
6876 1
6877 0
6878 0
6879 0
6881 0
6882 0
6886 0
6887 0
6890 0
6893 1
6896 0
6897 1
6898 0
6899 0
6900 0
6901 0
6903 0
6904 0
6905 0
6906 1
6911 0
6915 0
6916 0
6917 1
6919 0
6920 1
6925 0
6926 0
6928 0
6929 0
6930 1
6931 0
6932 0
6933 1
6935 0
6936 0
6943 0
6944 0
6948 1
6951 0
6952 0
6953 0
6954 1
6955 0
6957 1
6958 0
6960 0
6961 1
6962 1
6965 1
6969 0
6979 1
6980 0
6984 0
6988 0
6992 0
7003 0
7004 0
7005 0
7007 0
7008 1
7014 1
7016 0
7018 0
7021 1
7025 0
7027 0
7031 0
7033 0
7034 1
7035 0
7037 0
7043 1
7044 0
7048 0
7049 1
7053 0
7054 1
7055 0
7060 1
7061 1
7063 0
7064 0
7065 1
7068 0
7069 0
7079 1
7080 0
7081 0
7084 1
7087 1
7089 0
7090 0
7093 0
7094 0
7097 0
7098 0
7101 0
7103 1
7104 1
7106 0
7108 0
7115 1
7121 0
6604 0
6609 0
6613 0
6615 0
6616 1
6618 1
6619 0
6622 1
6623 0
6624 0
6625 0
6628 1
6629 0
6632 0
6635 0
6637 1
6643 0
6646 1
6647 0
6651 0
6653 0
6654 1
6655 0
6657 0
6661 0
6665 1
6668 0
6671 1
6673 0
6675 0
6679 0
6681 0
6682 1
6692 0
6693 0
6694 0
6703 0
6704 1
6707 0
6709 0
6712 1
6716 0
6717 0
6718 0
6720 1
6723 1
6724 0
6725 1
6728 1
6732 0
6733 0
6737 0
6745 0
6747 1
6753 1
6755 0
6758 1
6762 0
6764 0
6765 1
6768 0
6770 0
6773 0
6774 0
6777 0
6780 0
6781 0
6785 1
6786 0
6789 0
6790 0
6792 0
6795 0
6797 0
6801 0
6804 1
6808 1
6812 0
6813 0
6817 0
6820 0
6822 1
6823 0
6824 0
6826 0
6829 0
6831 0
6837 0
6841 0
6843 0
6848 1
6852 0
6853 1
6855 0
6857 0
6860 0
6861 1
6344 1
6348 1
6349 0
6351 0
6353 0
6359 0
6365 0
6367 0
6377 0
6380 1
6381 1
6384 0
6385 0
6386 1
6387 0
6394 0
6399 0
6400 0
6401 0
6405 1
6408 0
6409 0
6410 0
6414 1
6415 1
6416 1
6417 0
6419 0
6420 1
6424 1
6428 1
6429 1
6431 0
6433 0
6435 0
6436 0
6439 0
6442 0
6443 0
6445 0
6450 0
6452 0
6454 0
6455 1
6457 0
6458 1
6460 0
6464 0
6465 0
6468 0
6473 0
6474 1
6475 1
6477 0
6478 1
6480 0
6482 0
6483 1
6484 0
6486 1
6487 1
6488 0
6490 0
6495 0
6499 0
6501 0
6502 0
6503 1
6507 0
6509 0
6510 0
6512 0
6513 0
6514 0
6517 1
6520 0
6522 1
6523 0
6524 1
6528 1
6540 1
6543 0
6548 0
6550 1
6551 1
6554 0
6555 0
6556 0
6557 0
6558 0
6565 1
6566 0
6568 0
6569 0
6570 1
6573 0
6574 1
6575 0
6576 0
6578 0
6579 0
6584 1
6585 0
6586 0
6589 0
6596 0
6597 0
6599 0
6083 0
6086 0
6087 0
6088 0
6091 1
6095 0
6096 0
6097 0
6104 0
6115 1
6116 1
6117 1
6118 1
6119 1
6120 0
6121 0
6122 0
6126 0
6128 0
6134 0
6136 0
6137 0
6140 0
6141 1
6152 0
6155 0
6157 0
6158 0
6159 1
6160 0
6164 0
6166 0
6167 0
6172 0
6173 1
6175 0
6176 0
6181 0
6183 0
6184 0
6186 0
6187 0
6188 0
6194 0
6195 1
6198 1
6199 0
6201 1
6202 1
6203 0
6204 0
6215 0
6217 0
6218 0
6224 0
6227 1
6235 1
6239 0
6240 0
6252 0
6259 0
6260 0
6261 0
6262 0
6263 1
6266 1
6269 0
6270 0
6272 0
6273 1
6277 1
6278 0
6280 0
6283 0
6284 0
6285 1
6288 0
6289 0
6291 0
6293 0
6295 0
6296 0
6301 0
6303 0
6304 0
6305 0
6306 1
6311 1
6313 0
6314 0
6316 1
6321 0
6329 0
6332 1
6333 0
6334 1
6335 1
6337 0
5818 0
5819 1
5820 1
5825 0
5828 1
5831 1
5833 0
5834 0
5835 0
5836 0
5839 0
5840 0
5843 0
5845 0
5849 0
5853 0
5855 0
5864 0
5867 0
5869 0
5873 1
5877 0
5880 0
5883 0
5888 0
5892 0
5895 0
5897 0
5899 0
5900 0
5902 0
5907 0
5909 1
5913 0
5914 0
5915 0
5916 1
5922 1
5925 0
5927 1
5928 0
5930 0
5932 0
5933 0
5934 0
5936 0
5940 0
5941 0
5947 0
5949 0
5950 1
5953 0
5956 0
5957 0
5958 1
5962 1
5966 0
5969 0
5970 0
5971 0
5973 0
5979 0
5981 0
5982 0
5983 1
5985 0
5988 0
5991 0
5994 0
5995 0
5999 0
6003 1
6004 1
6005 0
6008 0
6010 0
6011 0
6012 1
6017 0
6020 0
6021 1
6024 0
6026 0
6028 0
6032 0
6035 0
6036 0
6044 1
6045 1
6047 0
6048 0
6049 0
6050 0
6051 0
6053 0
6054 0
6057 0
6063 0
6067 0
6068 0
6070 1
6071 1
6074 0
6076 0
5561 1
5563 0
5565 0
5568 0
5570 0
5571 0
5573 1
5574 0
5576 0
5578 1
5580 0
5582 0
5586 0
5589 0
5590 0
5591 0
5594 0
5595 1
5598 0
5601 0
5602 1
5604 0
5605 0
5606 0
5610 0
5615 0
5616 0
5617 0
5621 1
5624 0
5625 0
5627 0
5629 0
5632 0
5633 1
5637 1
5638 0
5641 1
5642 0
5643 1
5644 1
5648 0
5651 0
5652 0
5658 0
5659 1
5660 0
5661 1
5662 0
5664 1
5668 0
5671 0
5674 0
5680 0
5681 0
5682 1
5683 0
5690 0
5691 0
5696 1
5697 0
5699 0
5700 0
5708 0
5714 0
5715 1
5716 0
5723 0
5724 1
5727 0
5730 0
5731 1
5732 1
5738 0
5740 0
5744 0
5747 1
5750 0
5751 0
5752 0
5753 0
5754 0
5755 1
5756 0
5757 1
5759 0
5760 0
5762 1
5768 0
5769 0
5772 0
5773 0
5778 0
5780 0
5784 1
5791 0
5792 0
5794 0
5796 0
5798 0
5801 0
5806 0
5807 1
5808 0
5814 0
5295 0
5297 0
5299 1
5301 1
5304 1
5307 0
5308 1
5310 0
5312 0
5315 0
5318 1
5321 0
5323 0
5324 0
5327 0
5329 0
5331 0
5332 1
5336 1
5337 0
5339 0
5341 0
5342 0
5343 1
5346 0
5348 1
5349 0
5351 1
5353 1
5357 0
5359 0
5360 1
5365 0
5366 0
5370 0
5371 0
5374 1
5375 0
5381 0
5386 0
5389 0
5390 0
5392 0
5398 0
5401 0
5408 1
5409 1
5411 0
5412 1
5418 1
5421 0
5422 0
5423 0
5430 0
5434 0
5436 0
5437 0
5438 0
5441 1
5446 0
5448 0
5450 1
5451 0
5452 0
5453 0
5459 0
5466 0
5467 0
5468 0
5471 0
5472 0
5475 0
5476 0
5480 0
5484 0
5487 1
5490 1
5492 0
5493 0
5497 0
5506 0
5509 0
5513 0
5514 0
5515 1
5516 0
5519 0
5520 0
5521 0
5522 0
5523 0
5528 0
5532 0
5541 1
5542 0
5543 0
5545 0
5546 0
5548 0
5549 1
5552 0
5555 0
5035 0
5036 0
5039 0
5041 0
5043 0
5045 1
5048 1
5051 0
5056 1
5058 0
5059 0
5062 0
5064 0
5071 0
5073 0
5076 1
5077 0
5079 1
5084 0
5088 1
5090 0
5094 0
5096 0
5097 1
5105 0
5106 0
5107 0
5110 0
5113 0
5114 0
5115 0
5120 0
5121 0
5124 0
5125 1
5128 0
5132 0
5135 1
5136 0
5137 0
5138 0
5143 1
5145 1
5147 0
5149 0
5152 0
5154 0
5156 0
5158 0
5161 0
5166 0
5170 0
5171 0
5172 0
5174 1
5176 0
5178 1
5181 0
5183 0
5185 1
5186 1
5190 0
5193 0
5194 0
5203 0
5204 0
5206 0
5207 0
5208 0
5209 1
5212 0
5213 1
5214 0
5216 0
5221 0
5223 1
5226 0
5227 0
5228 1
5230 0
5231 1
5234 0
5240 0
5246 0
5247 1
5248 1
5250 0
5257 1
5260 1
5264 0
5270 0
5272 0
5274 0
5279 0
5281 0
5283 0
5286 0
5288 0
5294 0
4776 0
4789 1
4790 0
4791 0
4792 1
4793 1
4795 0
4796 0
4798 0
4800 0
4801 1
4806 0
4808 1
4813 0
4816 0
4819 0
4821 0
4827 0
4828 0
4829 1
4831 0
4833 1
4835 0
4836 0
4839 0
4844 0
4845 1
4849 1
4852 1
4857 0
4858 1
4859 0
4860 0
4863 0
4867 1
4868 0
4870 0
4871 0
4872 0
4873 1
4877 0
4880 0
4882 1
4883 0
4884 0
4888 0
4893 0
4895 1
4896 0
4897 1
4898 1
4902 0
4904 0
4905 0
4911 0
4913 1
4914 0
4915 0
4916 0
4917 1
4919 1
4920 1
4923 0
4925 1
4926 1
4928 0
4930 1
4931 0
4935 0
4936 0
4940 0
4944 0
4945 0
4951 1
4953 1
4954 0
4964 0
4967 0
4968 1
4971 1
4972 0
4975 0
4976 0
4977 0
4978 0
4979 0
4980 0
4981 0
4982 0
4984 0
4986 0
4987 1
4989 0
4993 1
4997 0
4999 0
5000 0
5002 0
5005 1
5006 0
5007 0
5011 1
5013 0
5015 0
5019 1
5020 0
5022 0
5024 0
5028 0
5029 0
5030 0
5032 0
4513 1
4519 0
4520 0
4524 0
4525 0
4527 0
4528 0
4531 0
4533 0
4536 0
4542 0
4544 1
4547 0
4548 1
4549 0
4552 0
4554 0
4555 0
4557 1
4566 0
4571 0
4574 0
4576 1
4577 0
4578 0
4580 0
4581 0
4584 0
4585 0
4588 0
4589 0
4600 0
4601 0
4602 1
4604 1
4606 1
4607 0
4609 0
4610 1
4611 0
4612 0
4615 0
4617 0
4618 1
4620 1
4625 0
4627 0
4628 1
4631 0
4633 0
4634 0
4635 0
4637 0
4642 0
4644 0
4645 0
4646 0
4651 0
4661 0
4664 0
4665 0
4667 0
4668 1
4672 1
4675 0
4676 1
4677 0
4683 0
4685 1
4686 0
4687 1
4690 0
4691 0
4695 0
4696 0
4698 1
4700 0
4703 0
4704 0
4706 0
4708 0
4711 0
4712 1
4714 0
4715 1
4717 0
4720 0
4725 0
4726 1
4727 0
4734 0
4738 0
4739 0
4743 0
4745 0
4747 0
4750 0
4752 0
4757 0
4762 0
4763 1
4764 1
4765 1
4768 1
4773 0
4250 1
4253 1
4254 0
4255 0
4256 0
4260 0
4261 1
4263 0
4264 0
4265 0
4266 0
4267 0
4269 1
4271 0
4272 1
4275 1
4276 1
4282 0
4285 1
4292 0
4296 1
4300 1
4301 0
4307 0
4308 1
4309 0
4310 0
4311 0
4317 0
4319 0
4320 0
4322 0
4323 0
4324 0
4325 0
4326 1
4330 1
4331 0
4332 0
4338 0
4339 1
4340 1
4343 0
4344 0
4345 1
4347 1
4348 0
4349 0
4351 1
4352 0
4355 0
4363 0
4364 1
4369 0
4373 0
4375 0
4379 1
4382 0
4387 0
4389 0
4391 0
4393 0
4394 0
4396 1
4402 0
4403 0
4405 0
4411 1
4415 0
4420 1
4422 1
4424 0
4426 0
4428 1
4432 1
4433 0
4435 0
4442 0
4444 0
4446 0
4453 0
4454 0
4455 0
4456 1
4457 1
4459 0
4464 0
4468 0
4480 1
4482 0
4483 0
4484 0
4486 0
4488 0
4490 0
4493 1
4496 0
4501 0
4502 0
4503 1
4505 0
3992 0
3995 0
4000 0
4001 1
4002 0
4005 0
4008 0
4009 0
4010 1
4013 0
4014 0
4015 0
4017 0
4018 0
4019 1
4024 0
4026 0
4029 1
4030 0
4031 0
4032 0
4035 0
4036 0
4041 0
4044 0
4046 0
4048 0
4049 0
4050 0
4051 0
4053 1
4055 1
4056 0
4057 0
4060 0
4061 0
4062 0
4065 0
4066 0
4073 0
4079 0
4080 0
4081 1
4084 1
4085 0
4086 0
4087 0
4093 0
4094 0
4095 1
4096 0
4101 0
4102 0
4104 0
4106 1
4108 1
4110 0
4112 0
4113 1
4115 1
4128 0
4129 0
4130 1
4132 0
4134 0
4135 1
4136 1
4139 0
4141 0
4145 0
4148 1
4150 1
4151 0
4152 0
4156 0
4162 0
4166 1
4169 0
4170 1
4172 1
4174 0
4176 0
4177 1
4178 1
4180 0
4188 1
4193 1
4194 0
4195 0
4196 1
4197 1
4198 0
4200 0
4206 0
4208 0
4209 0
4212 0
4216 0
4219 0
4221 0
4223 0
4224 1
4225 0
4226 0
4228 0
4230 0
4236 0
4237 0
4240 1
4243 0
4244 1
4246 1
4247 0
4249 0
3734 0
3735 0
3740 0
3741 0
3742 0
3744 0
3747 0
3749 0
3751 0
3753 1
3755 0
3757 0
3759 0
3760 1
3765 0
3767 1
3769 0
3771 0
3772 0
3775 0
3776 0
3781 0
3784 0
3786 0
3789 0
3790 0
3792 0
3793 0
3797 1
3800 0
3802 0
3805 0
3807 1
3813 0
3814 0
3819 0
3825 0
3836 1
3838 0
3839 0
3842 1
3843 0
3847 0
3849 0
3850 0
3855 0
3856 0
3858 0
3860 0
3861 0
3867 1
3870 0
3875 0
3877 0
3883 1
3886 0
3887 1
3890 1
3891 0
3894 0
3895 1
3896 0
3901 1
3902 0
3907 0
3908 0
3909 0
3913 1
3916 0
3920 1
3921 0
3924 0
3925 0
3928 0
3930 0
3931 0
3933 0
3934 0
3937 1
3942 0
3943 1
3947 0
3955 0
3957 0
3958 0
3968 0
3973 1
3975 0
3978 1
3983 0
3984 0
3987 1
3480 0
3481 1
3482 1
3483 0
3486 1
3487 1
3495 0
3496 0
3497 1
3498 1
3504 0
3505 0
3509 0
3512 0
3513 0
3514 0
3515 0
3516 1
3520 1
3521 0
3525 0
3532 0
3534 0
3539 1
3542 0
3543 1
3544 0
3548 1
3551 0
3553 1
3554 0
3557 0
3559 1
3560 0
3562 0
3564 0
3565 0
3566 0
3571 0
3573 0
3579 1
3581 1
3582 0
3583 0
3585 0
3587 1
3591 0
3592 1
3593 0
3598 0
3600 0
3601 0
3602 1
3603 1
3604 1
3606 1
3608 0
3610 1
3613 0
3614 0
3615 1
3617 0
3619 0
3620 0
3622 0
3623 0
3626 0
3627 0
3628 0
3629 0
3634 1
3636 0
3638 0
3641 1
3642 0
3644 0
3648 0
3649 1
3650 0
3652 0
3657 0
3658 0
3659 0
3664 0
3665 0
3670 0
3671 0
3674 0
3677 1
3687 0
3688 0
3690 0
3692 0
3693 0
3703 1
3706 0
3707 0
3708 0
3711 1
3712 1
3713 0
3715 1
3718 1
3719 0
3720 1
3722 0
3723 1
3724 0
3725 0
3728 0
3729 0
3730 1
3731 0
3733 0
3217 0
3220 0
3221 1
3226 0
3229 1
3230 0
3235 1
3236 0
3241 0
3245 0
3246 0
3248 0
3250 0
3255 0
3259 0
3260 0
3261 0
3262 0
3266 0
3267 0
3268 1
3269 0
3273 1
3278 1
3280 0
3283 0
3286 1
3287 0
3288 0
3290 0
3291 1
3292 0
3293 1
3296 1
3297 0
3300 0
3302 0
3303 0
3304 1
3305 1
3306 0
3308 0
3310 1
3311 0
3315 1
3317 0
3321 1
3326 1
3330 0
3334 0
3335 0
3338 0
3343 0
3346 1
3348 0
3349 0
3351 0
3352 0
3353 0
3355 0
3356 0
3360 0
3361 1
3362 0
3370 0
3378 0
3379 1
3380 0
3382 0
3383 0
3384 1
3386 1
3388 0
3389 0
3390 1
3391 0
3394 0
3398 0
3400 0
3401 1
3404 0
3409 1
3410 0
3411 0
3412 1
3416 0
3418 0
3421 0
3424 0
3426 0
3434 0
3435 0
3438 0
3442 0
3444 0
3445 0
3448 0
3451 0
3454 1
3455 0
3458 1
3459 1
3464 0
3468 1
3470 0
3473 0
3475 0
2962 0
2967 0
2968 0
2969 0
2971 0
2973 0
2975 1
2976 0
2977 1
2979 0
2980 0
2984 0
2985 0
2986 0
2987 1
2988 0
2999 1
3001 0
3002 1
3003 0
3004 0
3005 0
3006 0
3016 1
3018 1
3019 0
3020 0
3023 0
3024 0
3027 0
3028 0
3032 0
3034 0
3036 1
3037 0
3038 0
3040 0
3041 1
3042 1
3044 0
3048 1
3051 0
3054 1
3056 1
3057 0
3060 0
3061 1
3062 0
3064 0
3066 0
3067 0
3070 1
3076 0
3078 0
3081 0
3084 1
3086 1
3087 0
3089 0
3097 0
3099 0
3109 0
3110 0
3121 0
3122 0
3130 0
3131 1
3133 0
3136 0
3139 0
3141 0
3143 0
3148 0
3150 0
3153 0
3154 0
3157 0
3162 0
3164 0
3166 0
3167 0
3168 1
3170 0
3171 0
3173 0
3175 0
3177 0
3179 0
3181 0
3183 0
3185 0
3189 0
3192 0
3194 0
3196 1
3198 0
3203 0
3204 1
3205 0
3206 0
3207 0
3210 0
3211 0
2698 1
2700 1
2701 0
2702 0
2703 0
2707 0
2711 1
2715 1
2717 0
2721 0
2723 0
2724 1
2725 0
2726 1
2727 0
2731 1
2733 0
2734 1
2738 0
2739 0
2740 1
2742 1
2750 0
2751 0
2752 0
2753 0
2755 0
2757 0
2758 0
2762 0
2763 0
2764 1
2768 0
2770 0
2772 0
2773 0
2777 1
2784 0
2787 0
2790 0
2793 1
2794 0
2795 0
2796 0
2799 0
2803 0
2804 1
2807 1
2808 0
2810 1
2812 1
2814 0
2816 0
2821 0
2823 0
2828 0
2829 0
2831 0
2833 0
2836 0
2837 0
2840 0
2844 1
2846 0
2848 0
2854 0
2855 0
2856 0
2858 1
2861 1
2863 0
2866 0
2869 0
2870 0
2872 0
2873 0
2874 1
2875 1
2876 0
2884 0
2889 0
2890 0
2894 0
2895 1
2896 0
2897 0
2898 1
2901 0
2902 1
2904 1
2907 0
2908 1
2909 0
2910 0
2911 0
2914 1
2915 0
2920 0
2922 0
2923 0
2928 0
2930 0
2931 1
2933 1
2934 0
2936 0
2937 1
2939 1
2942 0
2943 1
2945 0
2948 0
2951 0
2952 1
2953 0
2955 0
2956 0
2439 1
2441 0
2444 1
2447 1
2448 1
2449 0
2453 0
2461 0
2465 0
2467 0
2470 0
2472 1
2473 1
2474 0
2475 0
2476 0
2479 0
2481 0
2488 1
2490 1
2497 0
2502 0
2503 1
2504 0
2507 0
2508 0
2517 0
2518 0
2526 1
2528 1
2529 0
2530 1
2533 0
2535 1
2536 0
2541 0
2543 1
2549 0
2550 1
2552 1
2554 0
2555 0
2556 0
2558 1
2559 0
2560 1
2562 1
2567 1
2568 0
2569 1
2570 0
2571 1
2574 1
2577 0
2578 1
2580 0
2584 0
2590 0
2591 0
2594 1
2595 0
2596 0
2598 0
2601 0
2603 1
2604 0
2605 0
2606 0
2608 1
2610 0
2613 1
2621 1
2622 0
2623 1
2625 0
2630 0
2632 1
2633 0
2636 0
2642 0
2643 0
2644 1
2647 0
2649 0
2650 0
2651 0
2652 0
2654 0
2656 0
2657 1
2659 0
2660 1
2661 0
2665 0
2666 0
2669 0
2673 0
2678 1
2679 0
2680 0
2681 0
2682 0
2683 1
2687 0
2691 0
2694 0
2695 1
2696 0
2178 1
2185 0
2186 0
2187 0
2188 0
2190 0
2198 0
2199 0
2201 1
2204 0
2206 1
2208 0
2211 0
2213 0
2218 0
2220 1
2221 0
2223 0
2226 1
2227 0
2228 0
2229 0
2232 0
2233 0
2235 0
2246 0
2249 0
2250 0
2251 0
2259 1
2261 0
2265 0
2269 0
2273 0
2274 0
2275 0
2277 0
2281 0
2282 0
2285 1
2287 1
2293 0
2294 1
2301 0
2305 0
2306 0
2312 0
2313 0
2314 1
2315 0
2321 0
2323 0
2326 1
2327 0
2328 1
2334 1
2338 1
2339 0
2341 0
2343 0
2345 1
2347 0
2351 0
2362 0
2363 1
2365 0
2372 1
2376 0
2377 0
2381 0
2382 0
2384 1
2385 0
2386 0
2388 0
2389 1
2390 0
2391 1
2392 0
2394 1
2396 1
2399 0
2400 0
2407 0
2408 0
2411 0
2416 0
2419 0
2423 0
2424 1
2425 1
2426 0
2427 0
2431 0
2433 0
2434 1
1922 0
1924 0
1925 0
1926 1
1928 0
1929 0
1936 0
1937 0
1939 0
1943 1
1945 1
1949 0
1952 0
1953 1
1954 0
1955 1
1956 1
1959 0
1968 0
1971 0
1974 0
1979 0
1981 0
1984 0
1990 0
1992 0
1995 0
1997 0
2002 0
2003 0
2007 1
2009 0
2010 0
2012 0
2014 0
2018 0
2019 0
2021 0
2022 1
2025 0
2028 0
2030 0
2031 0
2032 0
2035 1
2037 1
2038 0
2046 1
2050 1
2054 0
2055 0
2056 1
2058 0
2059 0
2063 1
2065 0
2068 0
2070 0
2074 0
2075 0
2077 0
2081 0
2083 1
2088 1
2091 0
2096 0
2098 0
2100 0
2103 0
2104 1
2105 0
2109 0
2110 0
2111 0
2112 1
2116 1
2117 0
2119 1
2120 1
2122 1
2123 1
2125 0
2132 0
2134 0
2135 0
2139 0
2140 0
2141 0
2143 1
2145 0
2147 0
2152 0
2154 0
2158 0
2162 0
2166 0
2167 0
2169 0
2170 1
2174 1
1659 1
1675 0
1678 1
1679 0
1682 0
1687 0
1689 0
1693 0
1697 1
1699 0
1700 0
1704 1
1706 0
1709 0
1715 0
1716 0
1717 1
1718 0
1727 0
1729 1
1730 0
1731 0
1733 0
1734 0
1735 1
1738 0
1740 0
1743 0
1749 1
1750 0
1751 0
1754 0
1756 0
1764 0
1765 0
1766 0
1768 0
1772 1
1773 0
1774 0
1777 0
1779 1
1785 0
1786 1
1788 1
1792 0
1796 0
1797 0
1802 0
1806 0
1811 0
1812 0
1813 0
1816 0
1817 1
1822 1
1823 0
1825 1
1828 0
1833 0
1836 0
1840 0
1843 0
1844 0
1845 0
1849 0
1850 0
1851 0
1853 0
1856 0
1859 0
1861 1
1862 0
1863 1
1867 0
1869 0
1874 0
1875 0
1877 1
1885 1
1891 0
1892 0
1895 0
1898 0
1901 1
1904 0
1907 1
1908 0
1909 0
1911 0
1913 0
1918 1
1401 0
1403 0
1409 1
1411 0
1413 0
1414 0
1423 0
1425 0
1426 0
1427 1
1431 1
1432 1
1435 0
1437 0
1441 0
1442 0
1449 1
1456 0
1457 0
1459 1
1463 1
1464 0
1467 0
1468 1
1471 1
1472 0
1473 0
1477 0
1481 0
1483 0
1488 0
1490 0
1493 1
1494 0
1497 0
1502 0
1508 0
1514 0
1515 0
1516 1
1517 0
1519 0
1523 0
1524 0
1525 1
1526 1
1527 0
1528 0
1529 0
1534 0
1537 0
1539 1
1545 0
1546 0
1548 0
1550 0
1555 0
1556 0
1558 0
1563 1
1566 0
1567 0
1568 0
1569 1
1571 1
1574 0
1576 0
1578 0
1584 0
1588 1
1589 0
1593 0
1594 1
1599 1
1600 1
1606 0
1610 1
1613 0
1615 0
1617 0
1621 0
1622 1
1624 0
1625 1
1629 1
1631 1
1632 0
1633 1
1635 0
1637 0
1638 1
1643 0
1645 0
1647 0
1656 0
1139 0
1140 0
1141 0
1142 0
1143 0
1144 1
1146 0
1148 0
1149 1
1151 0
1152 0
1153 0
1154 0
1155 1
1156 0
1158 1
1159 1
1160 0
1164 1
1170 1
1172 0
1179 0
1185 0
1186 1
1189 1
1191 0
1194 0
1196 0
1198 0
1199 1
1201 0
1202 0
1203 0
1205 0
1209 0
1210 0
1214 0
1215 1
1217 0
1223 0
1224 0
1226 1
1227 0
1228 0
1230 0
1232 1
1234 0
1236 0
1238 0
1240 1
1243 0
1245 0
1246 0
1247 1
1248 0
1249 0
1250 0
1251 0
1254 0
1255 0
1257 0
1258 1
1260 0
1261 1
1262 1
1271 0
1272 0
1275 0
1277 1
1280 0
1282 0
1286 0
1288 0
1294 0
1295 0
1297 1
1312 0
1315 1
1317 0
1318 0
1319 0
1320 0
1321 0
1322 0
1323 1
1324 1
1328 0
1329 0
1330 1
1331 0
1334 1
1335 0
1338 1
1339 1
1340 0
1341 0
1342 0
1343 1
1344 0
1346 0
1347 0
1355 0
1358 0
1359 0
1360 1
1361 1
1366 0
1370 0
1372 0
1374 0
1375 0
1378 0
1381 1
1382 0
1386 1
1388 1
1392 0
881 1
883 1
885 1
887 0
890 0
896 1
897 0
898 1
899 1
902 1
908 0
910 0
918 0
919 0
920 0
922 0
929 0
931 1
937 0
938 0
945 0
947 0
948 0
953 1
954 1
956 1
958 1
961 0
965 0
970 1
974 1
975 0
977 0
982 0
984 0
989 0
995 0
998 0
999 0
1002 0
1005 0
1014 0
1015 0
1016 1
1020 1
1022 0
1023 1
1024 0
1026 0
1027 1
1030 1
1033 0
1034 0
1035 0
1036 1
1037 0
1038 0
1040 0
1041 0
1042 1
1045 0
1046 0
1052 0
1053 1
1056 0
1058 0
1059 0
1060 0
1061 0
1062 0
1063 0
1066 0
1067 0
1070 1
1075 1
1076 1
1077 0
1081 0
1089 0
1090 0
1091 1
1100 0
1105 1
1108 0
1111 0
1113 0
1114 1
1115 0
1116 1
1117 0
1120 0
1122 0
1127 0
1128 1
1129 0
1130 1
1133 0
1135 1
617 0
619 0
620 0
621 0
624 1
625 0
631 0
633 1
637 1
642 0
644 1
647 0
649 1
650 0
653 0
655 0
657 1
658 0
659 1
660 0
662 0
663 0
666 0
675 0
676 1
677 0
678 1
681 0
683 0
686 0
689 0
690 0
691 0
692 0
696 0
699 0
702 1
706 0
711 1
712 1
713 0
715 0
716 0
717 0
722 0
724 0
728 1
730 0
731 0
733 1
734 0
735 0
736 0
737 0
741 0
742 0
743 0
744 1
746 1
747 0
748 0
752 1
753 0
755 0
761 1
765 1
770 0
774 0
775 1
776 0
778 0
779 0
781 0
783 0
784 1
785 0
791 0
792 0
794 0
795 1
796 1
798 0
799 0
802 0
804 1
807 1
811 0
814 0
817 0
822 0
824 0
825 0
826 0
829 0
831 0
838 0
839 1
841 1
842 0
843 1
846 0
855 0
859 0
860 0
861 1
862 0
863 0
864 0
865 0
870 0
875 0
879 1
880 0
357 0
358 0
359 1
360 1
366 0
368 0
370 1
373 0
379 1
380 0
381 1
386 0
387 1
389 0
390 0
392 0
393 0
396 0
400 1
403 0
408 0
410 0
411 0
412 1
414 1
417 0
421 0
423 0
426 1
427 0
431 1
436 0
438 0
440 0
444 0
447 1
448 0
451 0
454 0
459 0
460 0
462 0
467 1
468 1
469 0
471 0
473 0
476 0
477 0
478 0
479 1
481 0
482 1
483 0
484 0
489 0
490 0
491 1
495 0
497 1
500 0
501 0
502 0
503 1
505 0
508 0
509 0
510 1
511 1
512 0
514 0
515 1
517 0
519 1
522 0
525 0
526 0
527 1
530 0
531 1
532 0
534 0
538 0
542 0
547 0
550 0
554 0
555 0
562 1
568 1
573 0
575 0
579 0
581 1
582 1
583 1
584 1
586 0
591 0
593 1
595 0
598 0
600 0
601 0
607 0
609 0
610 0
95 0
98 0
100 0
107 0
112 0
114 1
116 1
123 0
126 0
129 0
133 0
135 1
137 0
139 0
141 1
142 1
143 0
159 0
161 0
165 0
167 0
170 0
171 0
173 1
174 0
176 1
177 1
178 1
181 1
182 0
185 0
191 0
194 1
201 0
202 0
203 1
204 0
205 0
208 0
210 0
214 1
216 0
221 1
223 1
224 0
226 0
227 0
234 0
235 0
239 0
240 0
241 0
249 0
251 1
257 1
258 0
259 1
262 0
264 1
271 0
272 0
273 1
276 0
277 0
279 0
283 0
284 1
291 0
294 0
295 0
296 0
298 1
299 0
300 0
304 1
310 0
311 0
313 0
314 1
319 1
323 1
325 0
326 1
331 1
335 0
341 1
344 0
349 1
350 0
351 0
352 0
354 0
45759 1
45762 1
45763 0
45764 0
45766 0
45767 0
45772 0
45773 1
45774 0
45776 1
45777 0
45780 0
45782 0
45783 0
45784 0
45785 0
45788 1
45794 0
45796 1
45801 0
45803 0
45806 0
45807 0
45809 0
45810 0
45812 1
45817 1
45818 0
45819 0
45820 0
45821 0
45822 1
45824 0
45826 0
45827 0
45829 0
45833 0
45837 1
45843 0
45848 1
45850 0
45855 0
45856 0
45857 0
45859 0
45863 0
45865 0
45866 1
45867 0
45869 0
45870 0
45872 0
45873 0
45874 0
45879 1
45880 0
45884 1
45888 0
45893 0
45903 0
45904 1
45908 0
45914 0
45921 0
45923 0
45925 1
45926 0
2 0
7 1
11 1
16 0
19 0
20 0
21 1
23 0
24 0
26 0
28 0
38 0
39 0
40 0
44 0
45 0
46 0
49 1
51 0
52 1
53 0
56 1
58 0
60 0
63 0
66 0
67 1
72 0
80 0
81 0
84 1
89 0
93 0
46028 0
46030 0
46037 0
46039 1
46040 0
46041 1
46042 0
46044 0
46046 1
46047 1
46050 0
46051 0
46052 0
46054 1
46056 1
46062 0
46069 0
46071 0
46072 0
46076 0
46077 0
46078 0
46080 0
46081 0
46082 0
46085 0
46086 0
46088 0
46089 1
46090 1
46092 0
46096 0
46097 1
46100 0
46106 0
46108 0
46109 0
46110 0
46115 0
46117 0
46120 0
46123 0
46124 1
46131 1
46132 0
46133 1
46135 0
46139 1
46140 1
46141 0
46142 0
46147 0
46148 0
46149 0
46153 1
46159 0
46160 1
46162 0
46164 0
46167 0
46168 0
46171 1
46174 0
46181 0
46183 0
46185 0
46186 0
46188 1
46189 0
45663 1
45671 0
45672 1
45675 0
45676 1
45677 0
45678 0
45679 1
45681 0
45682 0
45688 0
45691 0
45692 0
45695 0
45697 0
45698 0
45701 1
45703 1
45705 0
45715 0
45718 0
45720 1
45721 1
45726 0
45727 0
45731 0
45732 0
45735 1
45736 1
45737 0
45741 0
45743 0
45745 1
45757 1
45758 0
46294 1
46295 1
46296 0
46298 0
46299 0
46305 1
46306 1
46308 0
46309 1
46311 1
46312 0
46313 0
46315 1
46317 1
46319 0
46321 1
46325 0
46326 0
46328 0
46330 1
46333 1
46336 0
46337 0
46338 1
46339 0
46340 0
46342 0
46345 0
46346 0
46349 1
46351 0
46358 0
46362 1
46365 1
46366 0
46373 0
46376 0
46377 1
46378 0
46379 0
46384 0
46386 1
46388 0
46390 0
46391 0
46393 0
46394 1
46397 0
46401 1
46402 0
46405 0
46413 1
46416 0
46417 1
46419 1
46420 0
46423 0
46424 1
46425 0
46426 0
46428 1
46429 1
46433 0
46436 0
46437 0
46441 0
46449 0
46450 0
46451 0
45928 0
45936 0
45938 1
45939 0
45941 0
45943 0
45944 1
45947 0
45949 1
45954 0
45959 0
45960 0
45961 0
45962 0
45963 0
45966 1
45967 0
45968 0
45969 0
45973 0
45974 0
45975 0
45976 0
45980 0
45982 0
45984 1
45986 0
45987 0
45995 0
45998 0
46006 1
46007 1
46008 0
46009 0
46012 1
46013 0
46014 1
46015 0
46016 0
46018 0
46020 0
46023 0
46027 0
46562 0
46563 0
46565 1
46568 0
46570 1
46576 0
46580 0
46582 0
46583 0
46586 0
46589 0
46594 0
46607 0
46610 1
46613 0
46614 0
46615 0
46624 0
46625 1
46628 1
46634 0
46637 0
46641 0
46643 0
46644 0
46646 0
46647 0
46656 0
46657 0
46658 0
46660 0
46661 0
46666 0
46668 0
46670 0
46677 0
46685 0
46692 0
46693 0
46697 0
46701 0
46704 1
46705 0
46706 0
46707 0
46710 0
46711 0
46713 1
46715 1
46717 0
46191 0
46194 0
46195 1
46196 1
46198 0
46202 0
46205 0
46206 0
46208 1
46209 1
46211 0
46213 1
46214 0
46217 0
46218 0
46221 0
46222 0
46223 0
46224 0
46227 1
46231 0
46232 0
46233 1
46235 0
46239 1
46240 0
46243 0
46247 0
46250 1
46252 0
46258 0
46261 1
46263 0
46264 0
46267 0
46269 0
46270 0
46272 0
46274 1
46276 1
46277 1
46280 0
46281 0
46286 0
46287 0
46288 1
46290 0
46291 1
46831 0
46832 1
46835 1
46837 0
46847 0
46849 0
46852 1
46853 0
46857 0
46858 0
46861 0
46862 0
46863 0
46865 1
46870 0
46872 0
46874 1
46878 1
46880 0
46882 1
46883 1
46886 0
46888 0
46889 0
46894 1
46904 0
46906 1
46908 0
46909 1
46911 0
46912 0
46918 0
46919 1
46924 0
46929 0
46930 1
46933 0
46934 0
46938 1
46940 0
46941 1
46944 0
46946 1
46950 0
46954 0
46955 0
46957 0
46958 0
46961 1
46965 0
46968 0
46969 0
46970 1
46972 0
46973 0
46974 0
46975 1
46980 0
46458 1
46460 1
46462 0
46465 0
46470 1
46472 0
46480 0
46482 0
46483 0
46485 0
46487 0
46490 0
46492 0
46497 0
46498 0
46502 0
46504 1
46508 0
46509 0
46513 0
46515 0
46516 0
46520 0
46521 0
46523 0
46524 0
46525 0
46528 0
46529 1
46530 0
46531 1
46533 0
46536 0
46543 0
46546 0
46547 1
46548 1
46549 0
46550 1
46551 1
46555 0
46556 0
47097 0
47098 1
47100 0
47103 0
47104 1
47106 0
47107 0
47111 0
47112 1
47114 1
47116 0
47117 0
47121 0
47125 0
47129 1
47130 0
47132 0
47133 0
47135 0
47137 0
47139 1
47141 0
47143 0
47147 0
47149 0
47150 0
47152 0
47153 0
47154 1
47159 0
47161 0
47162 0
47163 1
47169 0
47170 1
47172 0
47173 0
47174 0
47176 0
47177 0
47178 0
47179 0
47182 0
47186 0
47188 0
47192 1
47197 0
47198 0
47199 0
47200 1
47203 1
47206 1
47207 0
47208 0
47214 0
47215 0
47219 0
47220 0
47221 0
47222 1
47224 0
47227 0
47228 0
47229 1
47230 1
47232 0
47234 0
47237 1
47238 0
47239 0
47240 1
47243 0
47244 0
47245 1
46719 1
46721 0
46724 0
46726 0
46729 1
46730 0
46735 0
46738 0
46742 0
46743 0
46744 0
46745 0
46747 0
46748 1
46752 0
46757 0
46760 0
46764 0
46766 0
46768 0
46771 0
46773 0
46775 0
46778 0
46780 0
46782 0
46785 0
46787 0
46793 1
46794 0
46795 0
46796 0
46801 1
46809 0
46811 0
46812 0
46816 1
46821 1
46826 1
46829 0
47365 0
47366 0
47368 0
47370 1
47371 0
47375 1
47379 0
47381 0
47388 0
47389 0
47395 0
47396 0
47397 0
47403 0
47405 0
47408 1
47411 0
47420 0
47422 0
47423 0
47424 0
47425 1
47426 1
47428 0
47429 0
47432 1
47435 1
47437 0
47439 0
47440 0
47442 0
47446 0
47447 0
47448 0
47449 0
47452 0
47454 0
47458 0
47460 0
47464 0
47467 1
47468 1
47469 1
47477 1
47479 0
47484 0
47486 0
47490 1
47495 0
47499 0
47502 1
47504 1
47506 1
47507 0
47510 0
46987 0
46992 0
46994 0
46995 0
46996 0
46997 0
46999 0
47000 0
47007 1
47008 1
47012 0
47014 0
47017 1
47021 0
47022 0
47023 0
47024 1
47027 1
47028 1
47029 0
47030 0
47034 0
47040 0
47041 0
47044 0
47045 0
47047 0
47048 1
47051 0
47052 0
47058 0
47060 0
47064 1
47066 0
47075 1
47079 0
47084 0
47085 0
47086 0
47087 1
47088 0
47090 0
47093 0
47094 0
47633 1
47639 0
47642 1
47643 0
47644 0
47647 0
47648 0
47651 0
47653 0
47655 0
47659 0
47660 0
47667 0
47669 0
47671 0
47672 0
47673 1
47675 0
47677 0
47680 1
47683 0
47686 0
47689 0
47690 0
47691 0
47695 0
47699 0
47702 1
47708 0
47709 0
47710 1
47711 1
47716 1
47719 0
47720 0
47722 0
47729 0
47730 0
47732 0
47733 0
47734 0
47738 0
47739 1
47741 1
47743 0
47744 1
47745 0
47749 0
47750 0
47756 0
47758 1
47759 0
47762 1
47763 0
47768 0
47769 1
47771 0
47772 0
47248 1
47250 1
47252 0
47254 0
47257 1
47262 0
47263 1
47266 1
47270 0
47273 1
47274 0
47275 1
47276 0
47280 0
47282 0
47286 0
47287 0
47289 0
47300 0
47301 1
47305 0
47306 0
47308 0
47309 0
47311 0
47314 0
47315 0
47321 0
47323 1
47324 1
47325 0
47326 0
47327 0
47328 0
47332 1
47334 0
47337 0
47338 0
47341 0
47342 1
47344 0
47347 0
47348 1
47349 0
47352 0
47353 1
47356 0
47357 0
47359 0
47361 1
47899 0
47900 0
47904 1
47905 1
47906 0
47909 0
47914 0
47916 0
47917 0
47918 0
47922 1
47924 0
47925 0
47927 0
47931 0
47932 0
47935 0
47936 1
47937 0
47941 0
47945 0
47946 1
47948 0
47949 0
47951 0
47952 0
47953 0
47954 0
47961 0
47962 0
47963 0
47964 1
47965 0
47967 0
47968 1
47970 1
47974 0
47980 0
47981 0
47984 0
47987 1
47988 1
47989 1
47990 1
47993 0
47994 0
47995 0
47997 0
47998 1
48000 1
48003 1
48005 0
48007 0
48008 0
48010 0
48012 0
48019 0
48020 0
48021 1
48022 0
48024 0
48026 0
48031 0
48033 1
48037 0
47511 0
47512 1
47514 0
47515 0
47517 0
47518 1
47519 0
47523 0
47529 0
47537 0
47542 0
47545 1
47551 1
47552 1
47555 1
47556 0
47565 0
47566 0
47569 1
47571 0
47575 0
47578 0
47581 0
47584 1
47585 0
47587 0
47588 0
47591 1
47592 1
47593 0
47595 1
47598 0
47601 0
47603 0
47607 0
47608 0
47609 1
47610 1
47611 1
47612 0
47614 1
47616 0
47618 1
47619 0
47623 0
47625 0
47626 1
47628 0
47629 0
48170 0
48171 1
48174 0
48180 1
48185 0
48187 0
48188 0
48189 0
48190 1
48191 0
48194 0
48196 0
48198 0
48200 1
48201 0
48204 0
48207 0
48210 0
48211 0
48212 0
48215 1
48216 0
48217 1
48221 1
48224 0
48230 1
48234 0
48238 1
48243 1
48246 0
48247 0
48249 0
48250 1
48251 0
48253 1
48255 0
48256 0
48259 0
48260 1
48264 0
48265 0
48268 0
48271 1
48272 0
48275 0
48277 0
48284 0
48291 1
48297 1
48301 1
48302 0
47777 1
47778 0
47780 0
47783 0
47784 1
47786 0
47791 0
47794 0
47796 0
47798 0
47801 0
47802 0
47803 0
47805 0
47808 0
47809 0
47810 0
47815 0
47819 1
47821 1
47823 0
47824 1
47827 0
47831 0
47833 0
47834 0
47835 0
47838 0
47839 0
47841 0
47844 0
47845 0
47846 0
47851 0
47853 1
47856 1
47863 0
47869 0
47871 0
47872 1
47875 1
47876 0
47880 0
47885 0
47890 0
47892 0
47893 1
47895 0
47896 1
48432 0
48433 0
48434 0
48436 0
48440 0
48442 1
48443 0
48445 0
48450 0
48452 1
48454 0
48458 0
48460 0
48461 1
48463 1
48465 0
48466 0
48469 1
48470 1
48475 0
48476 1
48484 0
48488 1
48491 0
48495 0
48496 1
48497 0
48503 0
48508 0
48513 0
48514 0
48516 0
48517 1
48518 1
48519 0
48521 0
48523 1
48524 0
48525 1
48526 1
48527 0
48528 1
48529 0
48530 0
48532 1
48533 1
48535 0
48537 0
48538 0
48539 0
48541 0
48542 0
48543 0
48546 1
48551 0
48552 0
48554 0
48555 0
48556 0
48557 0
48563 1
48565 0
48044 0
48046 0
48047 0
48048 0
48051 0
48056 0
48057 0
48060 1
48063 0
48071 1
48081 0
48085 0
48086 0
48090 1
48094 0
48099 0
48103 0
48104 0
48105 0
48106 0
48113 1
48115 1
48116 0
48117 1
48121 0
48122 0
48125 0
48128 0
48130 0
48131 0
48133 0
48138 0
48144 0
48146 1
48147 1
48148 0
48154 0
48155 0
48157 0
48159 1
48162 1
48700 1
48701 0
48702 1
48703 0
48707 0
48709 0
48721 0
48725 0
48727 0
48728 0
48729 0
48739 0
48741 1
48743 1
48747 0
48751 0
48752 0
48753 1
48755 0
48757 0
48763 1
48765 0
48769 1
48770 0
48771 1
48774 1
48779 0
48783 0
48784 1
48785 0
48787 0
48788 1
48789 1
48791 0
48792 1
48794 1
48798 0
48802 0
48805 0
48808 0
48811 1
48823 1
48824 0
48826 1
48827 0
48828 0
48303 0
48304 1
48307 0
48308 0
48315 0
48316 1
48317 0
48319 0
48321 0
48325 0
48327 0
48329 0
48334 0
48338 0
48339 0
48340 1
48341 1
48343 0
48346 0
48349 1
48352 0
48354 0
48356 1
48359 0
48364 1
48369 1
48371 0
48372 0
48373 0
48374 1
48376 1
48377 0
48378 1
48379 0
48380 0
48382 0
48383 0
48388 0
48389 0
48390 0
48394 1
48399 1
48402 0
48404 0
48407 0
48408 0
48410 0
48413 0
48416 1
48418 0
48419 0
48421 0
48425 0
48428 0
48430 1
48965 0
48966 0
48971 0
48972 0
48973 0
48974 0
48981 0
48982 0
48984 1
48986 0
48987 0
48988 1
48990 0
48991 1
48994 0
48995 0
49001 1
49005 0
49008 0
49009 1
49016 0
49019 1
49020 1
49024 1
49030 0
49031 1
49032 0
49034 0
49038 0
49040 0
49041 0
49044 0
49045 0
49046 0
49048 0
49050 0
49054 0
49056 1
49057 1
49059 1
49061 0
49065 1
49068 0
49069 0
49070 0
49072 0
49077 0
49078 1
49079 0
49080 1
49082 0
49083 0
49084 0
49086 0
49089 1
49091 0
49094 0
48569 0
48570 0
48571 0
48572 0
48574 1
48575 0
48581 0
48582 0
48584 0
48585 0
48588 0
48595 0
48596 0
48597 1
48600 0
48601 1
48602 0
48605 0
48606 1
48608 0
48613 0
48614 0
48615 0
48619 0
48620 1
48623 0
48625 0
48628 0
48631 1
48634 0
48635 0
48637 0
48639 0
48640 0
48641 0
48643 1
48645 0
48649 1
48651 0
48652 0
48660 1
48662 1
48666 0
48669 0
48671 0
48673 1
48676 1
48678 0
48679 0
48680 1
48682 0
48685 0
48692 0
48693 0
48697 1
48698 0
49236 0
49243 0
49245 0
49246 1
49247 0
49248 0
49249 0
49250 0
49252 1
49255 0
49257 1
49258 1
49260 0
49261 0
49268 0
49269 1
49273 0
49278 1
49281 0
49282 0
49284 0
49286 0
49288 0
49290 0
49291 0
49292 0
49293 0
49295 0
49298 0
49301 0
49304 0
49309 0
49310 1
49314 1
49318 0
49320 0
49324 0
49326 1
49327 0
49332 1
49336 0
49337 1
49340 0
49345 1
49346 0
49350 0
49352 0
49356 0
48832 0
48838 1
48839 0
48841 0
48844 1
48848 0
48854 0
48858 1
48859 0
48863 0
48864 0
48865 0
48866 1
48867 1
48871 1
48874 0
48875 0
48876 0
48881 0
48882 0
48884 0
48889 1
48890 1
48891 0
48895 0
48899 0
48903 1
48913 0
48915 0
48918 1
48919 1
48920 1
48921 0
48924 1
48925 0
48926 0
48928 0
48929 1
48930 0
48933 0
48936 1
48937 0
48939 1
48941 0
48945 0
48946 1
48949 1
48952 1
48955 1
48958 0
48960 0
48961 0
48963 1
48964 0
49502 0
49504 0
49506 1
49507 0
49508 0
49509 1
49510 1
49511 0
49515 0
49516 0
49520 0
49522 0
49523 0
49526 1
49528 0
49531 0
49536 0
49537 0
49538 0
49540 0
49541 0
49549 0
49550 0
49554 0
49564 0
49565 0
49566 1
49567 1
49568 1
49570 0
49571 0
49574 0
49576 0
49583 0
49584 0
49587 0
49589 1
49590 0
49591 0
49594 1
49595 0
49598 0
49599 1
49600 0
49604 0
49606 0
49610 0
49613 0
49615 1
49616 0
49617 0
49620 0
49095 0
49096 1
49097 0
49098 0
49100 1
49101 1
49106 0
49107 1
49108 0
49109 1
49110 0
49112 0
49114 0
49115 0
49119 0
49121 0
49125 0
49126 0
49130 1
49131 0
49132 0
49134 1
49136 1
49137 0
49140 0
49142 0
49143 0
49146 0
49147 0
49152 1
49153 1
49156 0
49159 0
49163 0
49164 0
49166 0
49167 0
49171 0
49172 0
49173 0
49174 0
49175 1
49176 0
49177 0
49185 0
49187 0
49188 0
49189 0
49191 0
49192 0
49195 0
49199 0
49200 0
49202 0
49203 0
49205 0
49207 0
49210 0
49212 0
49215 0
49217 0
49218 0
49221 1
49223 0
49224 0
49229 0
49231 0
49770 1
49771 1
49772 0
49773 0
49774 0
49778 0
49780 0
49781 0
49786 1
49787 0
49790 0
49796 0
49797 0
49798 1
49799 0
49800 1
49803 0
49805 0
49807 0
49809 0
49811 0
49818 1
49819 0
49820 0
49822 0
49823 1
49826 0
49827 0
