ORDER-ID CLASS
49916 1
49918 1
49920 1
49921 0
49922 1
49925 1
49926 1
49932 1
49934 1
49936 1
49948 1
49950 0
49952 1
49954 0
49955 1
49958 1
49961 0
49963 1
49964 0
49966 1
49969 1
49970 1
49971 1
49972 1
49976 1
49977 1
49978 1
49979 1
49980 0
49982 0
49984 1
49988 1
49990 0
49996 1
49628 1
49631 1
49633 1
49634 1
49635 0
49638 1
49639 1
49642 1
49646 1
49647 1
49649 0
49650 1
49652 0
49653 1
49655 1
49662 1
49663 1
49664 1
49666 0
49667 1
49669 1
49672 1
49677 1
49679 1
49680 1
49686 1
49690 1
49692 1
49693 0
49697 1
49700 1
49701 0
49703 0
49706 1
49707 0
49710 1
49713 1
49718 1
49719 0
49723 1
49724 1
49725 1
49726 1
49727 1
49733 0
49736 1
49737 1
49739 1
49741 0
49745 1
49747 1
49748 1
49750 1
49752 1
49754 1
49755 1
49756 1
49757 0
49758 1
49759 1
49764 1
49833 0
49834 1
49836 1
49838 1
49841 0
49847 0
49848 1
49850 1
49851 1
49855 0
49857 1
49858 0
49862 1
49865 0
49867 0
49868 1
49870 1
49871 1
49872 1
49875 0
49879 1
49883 1
49363 0
49364 1
49365 1
49366 1
49367 1
49368 0
49377 1
49381 1
49382 0
49386 1
49394 1
49395 1
49396 1
49398 1
49399 1
49405 0
49407 0
49408 1
49410 0
49412 1
49413 1
49415 1
49416 1
49423 0
49429 1
49433 1
49434 1
49436 1
49438 1
49439 0
49444 1
49445 0
49447 0
49448 0
49454 1
49455 1
49462 0
49464 0
49465 1
49466 1
49468 0
49469 1
49473 1
49474 1
49477 1
49482 0
49483 1
49485 1
49488 0
49490 1
49491 1
49493 0
49494 0
49497 1
49887 1
49889 1
49890 0
49892 1
49893 0
49896 1
49899 0
49901 1
49905 1
49907 0
49908 1
49911 1
49912 1
49913 1
49914 0
49915 1
45647 1
45648 1
45651 0
45653 0
45654 1
45655 0
45656 0
45657 1
45658 0
45659 0
45391 1
45392 1
45395 0
45396 0
45397 1
45404 1
45407 1
45411 1
45414 1
45417 1
45418 0
45425 0
45426 0
45433 1
45434 1
45435 1
45436 1
45437 1
45438 1
45439 1
45442 0
45444 1
45447 1
45453 1
45454 0
45455 0
45456 0
45461 0
45467 1
45468 1
45470 1
45472 1
45473 0
45474 1
45475 1
45477 1
45479 1
45481 0
45484 0
45485 1
45488 1
45491 1
45494 0
45495 0
45504 1
45505 1
45506 1
45508 1
45510 1
45516 1
45517 1
45520 1
45522 1
45523 1
45524 0
45526 1
45529 1
45531 0
45532 1
45533 1
45534 0
45535 1
45537 1
45538 0
45541 0
45542 1
45544 1
45545 1
45551 0
45552 1
45554 1
45559 0
45560 1
45563 1
45565 1
45566 1
45567 0
45569 1
45570 1
45571 1
45572 1
45573 1
45574 0
45576 0
45578 1
45582 1
45585 1
45589 0
45591 1
45594 1
45595 1
45597 1
45598 0
45599 1
45600 1
45601 1
45607 0
45609 1
45611 0
45613 1
45614 0
45615 1
45617 1
45622 0
45623 1
45627 1
45628 1
45632 1
45636 1
45638 1
45642 1
45645 1
45132 0
45135 1
45137 1
45139 0
45141 1
45143 1
45146 1
45150 1
45154 0
45156 1
45158 1
45159 1
45160 1
45162 1
45166 1
45167 1
45168 1
45172 0
45176 0
45178 1
45182 1
45183 1
45186 1
45190 0
45192 0
45195 0
45198 0
45200 1
45208 0
45209 0
45210 1
45211 1
45213 0
45215 1
45218 1
45219 1
45224 1
45225 1
45228 0
45229 1
45231 1
45233 1
45235 1
45237 1
45238 1
45239 1
45245 1
45251 1
45254 1
45259 0
45265 1
45266 1
45267 0
45269 1
45271 1
45273 1
45274 1
45275 1
45276 1
45278 1
45279 1
45280 0
45284 1
45286 0
45287 1
45288 1
45290 1
45293 1
45303 1
45311 1
45312 1
45314 1
45317 1
45318 1
45319 0
45320 1
45323 1
45324 0
45326 0
45327 1
45331 1
45332 1
45333 1
45334 0
45336 1
45337 1
45338 0
45340 1
45341 0
45343 1
45346 1
45348 1
45349 1
45351 1
45353 1
45354 1
45359 1
45360 1
45361 0
45362 1
45365 1
45366 1
45369 1
45373 1
45374 1
45375 1
45380 1
45381 0
45385 1
45386 0
45387 0
44873 0
44876 0
44877 1
44883 1
44885 1
44888 1
44889 1
44891 1
44893 1
44900 1
44902 1
44909 1
44913 1
44915 0
44917 1
44922 1
44925 0
44926 1
44931 1
44932 0
44934 1
44937 0
44938 0
44940 0
44942 1
44946 0
44947 1
44950 1
44952 0
44953 0
44955 1
44958 0
44960 1
44961 1
44965 0
44968 1
44972 0
44974 1
44975 1
44976 1
44978 1
44982 0
44988 1
44993 1
44995 0
45007 1
45008 0
45010 1
45011 0
45012 1
45013 1
45014 0
45016 1
45020 0
45022 1
45025 1
45028 0
45033 1
45034 1
45035 1
45037 1
45038 1
45039 0
45041 0
45043 1
45046 0
45047 1
45049 1
45050 0
45060 0
45065 1
45066 1
45067 1
45069 1
45070 0
45073 1
45077 1
45078 0
45080 1
45081 1
45084 0
45085 0
45090 1
45091 0
45095 1
45100 1
45102 1
45103 1
45104 1
45106 1
45108 0
45109 1
45111 1
45115 1
45118 1
45120 1
45125 1
44615 1
44619 1
44621 1
44623 1
44625 1
44627 1
44628 1
44629 1
44631 1
44638 0
44645 0
44647 0
44648 1
44651 1
44654 1
44658 1
44664 0
44667 1
44668 1
44670 0
44672 1
44673 1
44675 1
44678 1
44682 1
44684 1
44686 1
44691 1
44694 1
44703 0
44704 0
44706 1
44708 0
44709 1
44715 0
44718 1
44720 1
44722 1
44727 1
44731 1
44734 1
44735 1
44736 0
44737 1
44739 1
44742 1
44744 1
44748 1
44749 1
44750 1
44753 1
44757 1
44758 0
44760 1
44762 1
44765 0
44770 1
44771 0
44772 1
44773 0
44774 1
44776 1
44777 1
44780 0
44781 1
44783 0
44786 1
44790 0
44791 1
44792 1
44794 0
44795 0
44796 0
44800 1
44801 1
44804 1
44805 1
44806 1
44815 1
44819 1
44820 0
44824 1
44830 1
44831 0
44833 0
44837 1
44846 1
44852 1
44854 1
44855 1
44856 1
44861 0
44862 1
44863 1
44867 0
44868 1
44870 1
44353 1
44355 1
44357 1
44358 0
44359 1
44361 1
44363 1
44365 1
44366 1
44367 1
44369 0
44370 0
44371 1
44372 0
44374 1
44375 1
44378 1
44380 0
44384 1
44389 1
44396 1
44399 0
44402 1
44408 1
44413 1
44417 1
44419 1
44422 0
44426 0
44427 1
44428 0
44429 1
44430 1
44431 1
44432 0
44433 1
44435 1
44436 1
44439 1
44447 1
44452 0
44454 1
44457 0
44461 0
44463 1
44464 1
44467 0
44469 0
44471 1
44475 0
44477 1
44479 1
44483 1
44485 1
44486 0
44488 1
44489 1
44490 1
44495 1
44496 1
44498 1
44499 0
44501 1
44502 0
44504 1
44506 1
44508 1
44510 1
44512 1
44513 1
44514 1
44516 1
44517 1
44518 0
44521 0
44524 0
44526 1
44531 1
44535 1
44538 1
44539 1
44543 1
44546 1
44549 1
44551 0
44552 0
44553 1
44555 1
44557 1
44558 0
44561 1
44563 1
44565 0
44566 1
44568 1
44572 1
44576 0
44577 1
44580 1
44584 0
44586 1
44587 1
44588 1
44591 0
44593 1
44595 1
44602 1
44603 1
44604 1
44606 0
44607 1
44609 1
44098 1
44100 1
44102 1
44103 0
44104 1
44107 0
44110 0
44113 1
44114 1
44118 1
44121 1
44122 1
44124 0
44128 0
44129 1
44135 0
44137 1
44138 0
44141 1
44143 1
44144 1
44146 0
44147 1
44148 0
44150 0
44155 1
44156 1
44158 0
44159 1
44170 1
44171 1
44172 0
44173 1
44174 1
44177 1
44178 1
44179 1
44181 0
44185 1
44187 1
44189 0
44192 0
44193 1
44195 0
44196 1
44201 1
44203 0
44204 0
44206 0
44207 1
44209 0
44218 1
44219 1
44221 1
44222 1
44223 1
44227 1
44229 0
44230 0
44232 0
44236 1
44237 0
44239 1
44241 0
44242 1
44244 1
44246 1
44251 1
44255 1
44257 1
44259 1
44260 1
44262 0
44264 0
44267 1
44268 1
44269 1
44272 1
44275 0
44277 1
44278 1
44281 1
44282 1
44285 1
44287 1
44292 1
44294 1
44296 1
44298 1
44300 1
44303 0
44304 1
44305 1
44306 1
44310 1
44313 0
44315 0
44316 0
44317 0
44319 1
44322 1
44323 1
44326 0
44329 1
44331 0
44332 1
44336 1
44338 1
44339 1
44342 0
44345 0
44346 1
44349 1
44350 1
43838 1
43839 1
43843 1
43845 1
43846 1
43850 1
43854 1
43856 1
43862 1
43863 1
43865 1
43869 1
43871 1
43881 0
43882 0
43884 0
43889 0
43890 1
43892 1
43893 1
43894 1
43899 1
43900 0
43904 1
43905 1
43907 1
43909 1
43910 1
43911 0
43917 1
43918 1
43919 0
43923 1
43926 0
43928 1
43930 0
43932 0
43933 1
43935 1
43937 1
43938 1
43941 1
43942 0
43947 0
43949 1
43951 0
43952 0
43965 0
43969 0
43971 1
43974 1
43977 1
43979 1
43983 0
43984 1
43985 1
43986 0
43987 0
43990 1
43992 0
43993 1
43994 1
43997 1
44000 1
44001 1
44002 0
44004 1
44005 0
44006 1
44010 1
44012 0
44014 1
44015 1
44018 0
44020 1
44021 1
44023 0
44028 0
44036 0
44037 1
44044 1
44045 1
44051 1
44052 1
44053 1
44055 0
44059 1
44063 1
44064 0
44066 1
44068 0
44070 1
44074 1
44075 1
44078 1
44083 1
44085 0
44086 1
44093 1
44094 1
43578 1
43582 0
43586 1
43587 1
43588 0
43589 1
43597 0
43601 1
43602 1
43603 0
43610 1
43612 0
43614 1
43617 1
43621 0
43624 0
43626 1
43628 1
43631 1
43632 1
43633 1
43634 1
43635 1
43639 1
43643 1
43644 0
43645 1
43653 1
43655 1
43657 0
43659 1
43662 1
43665 0
43672 1
43678 1
43682 1
43683 1
43684 0
43688 0
43689 1
43691 1
43694 1
43698 1
43700 1
43701 1
43702 1
43705 1
43707 1
43711 1
43712 0
43722 0
43723 0
43725 1
43726 1
43728 0
43730 1
43738 1
43739 1
43740 1
43743 1
43744 1
43745 1
43747 0
43749 0
43751 1
43754 1
43756 1
43757 1
43759 0
43766 0
43767 1
43768 0
43771 1
43772 1
43774 0
43778 0
43781 1
43784 0
43785 0
43786 1
43792 1
43797 1
43798 0
43802 1
43808 1
43809 0
43812 1
43815 1
43816 1
43818 1
43822 1
43823 0
43827 1
43830 1
43832 1
43833 1
43836 1
43837 1
43316 1
43317 1
43320 1
43324 1
43325 0
43326 1
43328 1
43330 1
43335 1
43336 1
43338 1
43341 0
43346 0
43349 1
43350 1
43364 1
43375 1
43376 1
43377 1
43380 1
43382 1
43383 1
43384 0
43390 1
43399 0
43400 1
43404 1
43405 1
43406 1
43407 1
43409 1
43410 1
43411 1
43412 1
43413 1
43415 1
43416 1
43417 1
43419 1
43420 1
43423 0
43426 1
43427 0
43428 1
43430 0
43433 1
43437 1
43438 0
43442 0
43444 1
43446 1
43447 1
43451 1
43454 0
43457 1
43460 1
43461 1
43462 0
43465 1
43466 1
43467 1
43469 0
43473 1
43474 0
43478 1
43479 1
43480 1
43484 1
43487 1
43488 1
43491 1
43496 1
43498 1
43500 1
43504 0
43508 1
43516 1
43517 0
43518 1
43520 1
43521 1
43522 1
43523 1
43525 0
43537 0
43538 1
43543 1
43550 0
43551 1
43557 1
43563 1
43568 1
43571 1
43573 1
43574 0
43575 1
43055 1
43056 0
43058 1
43060 0
43061 1
43062 1
43063 1
43066 1
43073 0
43075 1
43076 1
43083 1
43084 1
43090 1
43094 1
43095 1
43096 0
43101 1
43102 1
43104 0
43106 1
43107 1
43109 1
43110 1
43111 1
43112 0
43114 1
43116 0
43124 0
43129 0
43130 1
43133 0
43135 1
43143 1
43144 1
43146 1
43150 0
43152 1
43153 1
43155 1
43157 1
43159 0
43160 1
43172 0
43179 1
43180 0
43183 1
43184 0
43189 1
43192 0
43194 1
43196 1
43197 0
43199 1
43201 1
43202 1
43204 0
43205 0
43207 1
43208 1
43212 1
43215 1
43216 1
43220 1
43225 1
43226 0
43227 1
43232 1
43233 1
43234 1
43235 1
43238 1
43242 1
43244 0
43245 1
43247 1
43250 1
43255 1
43258 0
43263 1
43265 1
43272 0
43276 1
43278 1
43284 1
43285 1
43286 1
43294 1
43296 0
43298 0
43301 1
43303 0
43304 1
43305 0
43306 1
43311 1
43315 1
42795 0
42799 1
42800 1
42803 1
42805 0
42809 0
42813 0
42814 1
42821 1
42825 1
42826 1
42833 1
42835 0
42837 1
42840 1
42842 0
42844 0
42845 1
42846 1
42850 0
42855 1
42860 1
42862 0
42868 0
42872 1
42875 0
42877 0
42879 1
42881 0
42884 0
42886 1
42889 1
42890 0
42891 1
42895 1
42897 1
42898 0
42900 0
42901 1
42902 1
42903 1
42905 1
42909 1
42911 1
42918 1
42921 0
42922 0
42923 1
42925 1
42926 0
42931 1
42934 1
42939 1
42941 0
42944 1
42945 1
42949 1
42951 1
42952 1
42955 1
42959 1
42961 1
42966 0
42968 1
42969 1
42973 1
42974 1
42975 1
42976 1
42979 1
42981 0
42983 1
42985 0
42995 1
42996 1
42999 1
43000 1
43001 1
43002 1
43004 0
43006 1
43007 1
43010 1
43018 1
43022 1
43029 1
43032 0
43034 0
43037 1
43040 1
43042 0
43044 0
43047 0
43048 1
43053 1
42534 1
42538 1
42543 1
42546 0
42547 0
42551 1
42554 0
42555 0
42559 0
42561 1
42563 1
42564 1
42566 0
42574 1
42575 1
42577 0
42582 0
42584 1
42586 0
42588 1
42589 1
42593 1
42604 1
42607 0
42609 1
42611 1
42612 1
42614 0
42615 1
42616 0
42618 1
42619 0
42620 1
42623 1
42625 1
42627 1
42629 0
42631 0
42633 1
42636 0
42639 1
42640 1
42644 1
42648 1
42651 0
42655 0
42656 0
42657 1
42659 0
42661 0
42662 1
42667 1
42668 1
42669 1
42672 1
42673 1
42676 0
42679 1
42680 1
42681 1
42684 1
42686 0
42687 1
42688 1
42690 1
42696 1
42702 0
42703 0
42704 1
42705 0
42708 1
42710 1
42711 1
42713 0
42714 1
42715 0
42717 1
42720 0
42724 1
42725 1
42727 0
42735 0
42736 1
42737 1
42739 1
42744 1
42748 0
42750 1
42755 1
42756 1
42759 1
42761 1
42782 0
42785 0
42786 1
42787 1
42790 1
42793 1
42277 1
42278 1
42279 1
42280 0
42286 1
42290 1
42291 1
42292 1
42293 0
42295 1
42296 1
42297 0
42299 1
42301 1
42305 1
42306 0
42307 1
42313 1
42316 1
42318 0
42319 1
42320 1
42325 1
42326 0
42330 1
42332 0
42334 1
42335 1
42336 1
42337 1
42339 1
42341 1
42343 1
42345 0
42346 1
42350 1
42351 1
42353 1
42355 0
42356 1
42357 1
42362 1
42365 0
42366 1
42367 1
42370 1
42374 0
42380 1
42388 1
42390 1
42392 0
42398 0
42402 0
42404 1
42409 1
42410 1
42413 1
42414 1
42416 0
42418 1
42420 0
42423 1
42424 1
42429 0
42434 1
42435 0
42439 1
42440 0
42442 1
42444 1
42447 1
42448 1
42449 1
42453 1
42457 1
42458 1
42466 1
42467 1
42468 1
42469 1
42470 1
42472 1
42473 0
42477 0
42479 1
42481 1
42483 1
42486 1
42487 1
42490 1
42491 1
42492 1
42493 0
42494 0
42500 0
42504 0
42507 0
42512 1
42513 1
42514 1
42515 0
42516 1
42518 1
42524 1
42527 1
42530 1
42531 0
42532 1
42012 1
42017 0
42018 1
42021 1
42022 1
42026 1
42032 1
42033 1
42034 1
42035 0
42039 1
42040 1
42041 1
42042 1
42043 1
42049 0
42056 1
42059 0
42060 0
42063 1
42065 1
42067 1
42069 1
42070 1
42072 1
42073 1
42079 0
42087 0
42090 0
42091 1
42092 0
42093 1
42098 1
42100 1
42102 1
42105 1
42106 1
42107 1
42110 1
42111 0
42112 1
42115 1
42116 1
42117 0
42119 1
42124 1
42127 1
42128 1
42129 0
42135 1
42137 1
42138 0
42141 1
42143 1
42147 0
42148 1
42150 1
42156 1
42160 1
42162 0
42164 1
42167 1
42169 1
42170 1
42172 1
42176 1
42178 0
42180 1
42182 1
42183 1
42185 1
42189 1
42190 0
42191 1
42193 0
42195 1
42196 1
42197 1
42198 0
42204 1
42208 1
42211 1
42216 1
42218 0
42221 0
42226 1
42228 0
42233 1
42234 1
42235 1
42236 1
42237 1
42243 1
42246 0
42249 0
42250 0
42253 1
42255 0
42256 1
42257 1
42267 0
42269 1
41754 1
41756 1
41758 0
41760 0
41763 1
41766 1
41769 1
41770 1
41772 1
41773 1
41775 1
41778 1
41781 1
41783 1
41784 0
41785 1
41790 0
41791 1
41793 1
41795 1
41796 1
41797 1
41800 1
41806 1
41807 0
41808 0
41812 1
41818 1
41820 0
41822 1
41824 1
41827 0
41828 0
41829 1
41830 1
41833 1
41835 0
41837 1
41838 1
41840 1
41841 1
41842 1
41848 1
41851 1
41854 1
41855 1
41856 1
41862 1
41863 1
41864 1
41868 1
41872 1
41876 1
41877 1
41878 1
41881 1
41885 1
41886 1
41887 1
41893 1
41895 0
41896 1
41898 1
41899 1
41900 1
41905 1
41910 1
41911 1
41912 0
41916 1
41917 1
41918 1
41922 1
41923 1
41924 1
41928 1
41929 0
41931 1
41940 0
41941 1
41946 1
41948 1
41950 0
41954 1
41957 1
41958 1
41960 1
41962 1
41963 1
41964 0
41968 1
41969 1
41970 1
41973 1
41975 1
41977 1
41980 0
41989 0
41991 1
41992 1
41995 1
41998 1
42002 1
42003 1
42004 1
42006 1
42007 1
42009 1
42010 1
42011 1
41491 1
41492 1
41493 1
41495 1
41496 1
41497 1
41498 0
41499 0
41502 1
41503 1
41516 0
41517 1
41519 1
41522 1
41526 0
41533 1
41535 1
41536 1
41538 1
41539 0
41542 1
41544 1
41545 0
41549 1
41550 0
41552 1
41554 1
41555 1
41559 1
41560 0
41562 1
41567 1
41568 1
41569 0
41572 1
41574 1
41575 1
41576 1
41578 0
41580 1
41582 1
41592 0
41593 0
41596 1
41599 1
41601 1
41602 1
41604 1
41605 1
41606 0
41608 1
41609 1
41619 1
41620 0
41624 1
41625 1
41626 1
41627 1
41629 1
41636 1
41637 1
41638 1
41645 1
41646 1
41647 0
41649 1
41650 1
41651 1
41654 1
41655 1
41656 1
41657 1
41661 0
41664 0
41665 1
41667 1
41668 1
41674 1
41679 0
41681 1
41685 1
41687 1
41690 1
41691 1
41692 1
41694 1
41696 1
41698 1
41700 0
41703 1
41705 1
41706 1
41707 1
41709 1
41710 1
41712 0
41713 1
41716 1
41724 1
41725 1
41729 1
41738 0
41740 1
41744 1
41748 1
41235 0
41237 1
41243 1
41245 1
41247 1
41248 1
41249 1
41251 0
41253 1
41254 0
41256 1
41260 1
41261 1
41267 0
41270 0
41273 0
41277 1
41278 1
41279 0
41280 1
41281 1
41283 1
41285 1
41288 1
41290 1
41293 1
41296 1
41299 0
41300 1
41303 1
41304 1
41305 1
41307 1
41309 0
41313 1
41314 0
41315 0
41316 0
41319 1
41320 0
41321 1
41328 1
41329 1
41330 0
41331 1
41332 1
41336 0
41337 1
41341 0
41344 0
41345 1
41347 1
41348 1
41349 1
41360 1
41361 0
41362 0
41367 1
41368 1
41369 0
41371 0
41374 1
41378 1
41389 1
41390 1
41396 1
41404 0
41407 1
41409 0
41411 1
41412 1
41415 1
41418 1
41422 1
41423 1
41428 1
41429 1
41434 1
41435 0
41436 1
41442 1
41443 0
41453 1
41454 0
41456 1
41458 1
41461 0
41463 1
41465 1
41466 1
41467 1
41468 1
41469 1
41470 1
41471 1
41479 0
41480 1
41483 1
41484 0
41485 1
41488 1
41489 0
40970 1
40971 1
40976 1
40979 1
40983 0
40984 1
40986 1
40988 1
40989 1
40990 1
40992 1
40994 1
40996 0
40998 1
40999 1
41002 1
41007 1
41011 1
41013 1
41020 1
41021 1
41023 0
41024 1
41025 1
41030 1
41031 1
41034 1
41035 1
41039 1
41043 1
41044 0
41046 1
41047 1
41049 1
41057 1
41059 0
41060 1
41062 1
41063 1
41065 1
41068 1
41070 1
41072 1
41077 0
41078 1
41079 1
41081 1
41085 1
41086 0
41089 1
41090 1
41094 1
41096 0
41099 0
41100 1
41102 1
41104 0
41106 0
41108 0
41112 1
41115 0
41116 1
41117 0
41120 1
41132 1
41136 1
41139 1
41140 1
41143 1
41147 1
41148 0
41154 0
41158 1
41164 1
41170 1
41174 1
41178 1
41180 1
41181 1
41182 1
41185 1
41186 0
41191 1
41194 1
41197 1
41202 1
41205 0
41207 1
41209 0
41210 1
41215 1
41217 1
41219 0
41221 0
41222 1
41229 0
40708 0
40709 1
40710 1
40712 1
40719 1
40725 1
40727 1
40730 0
40731 1
40732 0
40734 0
40735 1
40736 1
40738 1
40742 1
40743 1
40744 1
40745 1
40751 0
40756 1
40761 1
40762 1
40765 1
40766 1
40768 0
40769 0
40770 1
40772 1
40773 0
40777 1
40780 1
40781 1
40782 1
40788 1
40789 1
40791 1
40794 1
40795 1
40796 0
40799 0
40800 1
40801 1
40806 1
40812 0
40813 0
40815 1
40816 1
40824 1
40827 1
40829 0
40830 1
40832 1
40843 1
40845 1
40847 0
40848 0
40849 0
40854 0
40857 0
40858 1
40860 1
40861 0
40862 0
40866 1
40871 1
40872 1
40873 1
40878 0
40881 1
40889 0
40890 1
40892 1
40898 1
40901 1
40902 0
40904 1
40905 1
40906 1
40907 1
40913 0
40915 0
40917 1
40924 1
40925 1
40926 1
40933 1
40935 1
40936 1
40940 0
40941 1
40942 0
40943 1
40944 1
40945 1
40948 0
40952 1
40954 0
40958 1
40959 1
40961 1
40969 0
40449 1
40454 0
40458 1
40460 1
40461 1
40462 0
40464 1
40465 1
40467 0
40468 1
40471 1
40472 1
40477 1
40478 1
40481 0
40482 1
40486 1
40487 0
40494 1
40495 1
40497 1
40498 1
40503 1
40506 0
40510 1
40514 1
40517 0
40521 1
40526 0
40529 1
40533 1
40537 1
40538 1
40541 1
40542 0
40545 1
40546 1
40548 1
40551 1
40553 1
40554 1
40555 1
40557 1
40562 1
40563 0
40564 0
40566 1
40568 0
40571 0
40575 0
40579 1
40580 1
40584 1
40586 1
40587 0
40589 1
40591 1
40592 0
40595 1
40596 1
40598 1
40599 0
40600 0
40611 1
40612 1
40618 1
40620 1
40621 1
40627 1
40631 1
40634 1
40636 1
40638 0
40642 1
40644 1
40645 1
40646 1
40649 1
40652 1
40654 0
40655 1
40656 0
40665 1
40666 1
40669 1
40671 1
40673 0
40674 0
40677 1
40682 1
40685 1
40688 1
40691 1
40692 0
40696 1
40697 1
40698 0
40701 1
40705 1
40188 1
40189 1
40190 0
40191 0
40194 1
40196 1
40198 0
40204 1
40205 1
40209 0
40210 1
40211 1
40212 1
40214 0
40217 1
40218 1
40219 0
40223 1
40226 1
40227 1
40228 1
40230 0
40231 1
40232 1
40236 1
40240 1
40242 1
40243 0
40247 1
40249 1
40250 1
40251 1
40252 1
40253 0
40256 0
40258 1
40260 0
40262 0
40264 1
40267 0
40268 1
40270 0
40272 1
40274 1
40276 1
40279 1
40280 1
40282 0
40283 1
40287 1
40288 1
40290 1
40296 0
40298 1
40301 1
40303 0
40304 1
40305 1
40307 0
40315 0
40317 0
40319 1
40320 1
40322 0
40323 1
40328 1
40330 1
40332 1
40337 1
40338 1
40342 1
40348 1
40354 1
40355 1
40359 1
40362 1
40364 1
40366 1
40369 1
40371 1
40378 0
40379 1
40381 1
40382 1
40384 1
40385 1
40391 1
40397 1
40402 1
40403 0
40404 0
40412 0
40414 1
40418 1
40423 1
40425 1
40426 1
40427 1
40429 1
40432 1
40433 1
40434 1
40436 1
40437 1
40439 1
40440 1
40441 0
40442 0
39938 0
39939 0
39940 1
39946 1
39947 0
39948 1
39951 1
39957 1
39960 1
39962 1
39963 1
39967 0
39973 1
39974 1
39975 1
39976 1
39978 1
39979 1
39980 0
39982 1
39985 1
39986 1
39987 0
39989 0
39998 0
39999 1
40001 0
40007 1
40008 0
40012 1
40014 1
40018 1
40020 1
40021 1
40031 0
40033 0
40036 1
40037 1
40038 1
40039 1
40041 1
40045 1
40047 1
40052 0
40055 1
40057 1
40060 0
40061 1
40062 1
40066 1
40072 1
40073 0
40076 1
40080 1
40082 1
40084 1
40085 1
40087 1
40089 1
40090 1
40094 1
40095 0
40096 1
40098 1
40101 0
40102 1
40103 1
40104 1
40106 1
40108 1
40109 1
40113 1
40115 0
40116 1
40122 1
40123 1
40125 1
40126 0
40127 1
40134 0
40136 0
40138 1
40139 1
40141 1
40144 1
40146 1
40148 1
40151 1
40156 1
40159 1
40161 1
40162 1
40163 1
40164 1
40166 0
40167 1
40169 0
40171 0
40174 1
40183 1
40184 1
39668 1
39670 1
39671 1
39673 1
39674 1
39675 0
39676 1
39680 1
39685 1
39694 0
39695 1
39698 1
39700 1
39703 1
39711 1
39712 1
39713 0
39715 1
39717 0
39723 1
39725 1
39726 0
39729 0
39730 1
39731 1
39733 0
39734 0
39742 1
39743 1
39744 1
39751 0
39753 1
39756 1
39758 1
39760 0
39764 1
39766 1
39768 1
39770 1
39771 1
39775 0
39776 1
39781 0
39782 1
39783 1
39784 1
39786 1
39787 1
39788 1
39790 1
39792 1
39796 0
39800 1
39803 1
39804 1
39806 1
39808 1
39809 1
39812 1
39814 0
39815 1
39816 0
39819 1
39820 0
39821 1
39822 0
39823 1
39824 1
39827 0
39828 0
39830 1
39832 1
39833 1
39834 0
39837 0
39838 1
39839 0
39840 1
39841 1
39842 1
39843 0
39844 0
39846 1
39850 0
39853 0
39855 1
39864 1
39865 0
39873 1
39874 0
39876 1
39880 1
39884 1
39885 1
39886 1
39887 1
39889 1
39891 1
39892 1
39899 0
39902 1
39910 1
39911 1
39913 1
39914 0
39916 0
39917 1
39919 1
39921 1
39924 0
39925 0
39403 0
39405 1
39407 1
39408 1
39409 1
39412 1
39415 1
39419 1
39424 1
39425 1
39427 1
39428 1
39429 0
39430 1
39431 0
39432 1
39435 1
39439 0
39442 0
39443 0
39449 1
39451 1
39454 0
39457 1
39460 1
39461 1
39463 1
39464 1
39467 1
39468 1
39469 1
39470 0
39473 1
39474 1
39476 0
39477 1
39480 0
39481 0
39484 1
39485 1
39487 1
39488 1
39494 1
39495 1
39496 1
39498 1
39500 0
39501 1
39504 1
39506 1
39508 1
39510 1
39512 1
39514 1
39515 0
39516 1
39517 1
39520 1
39521 1
39525 1
39526 1
39528 1
39533 1
39535 1
39538 1
39540 1
39542 0
39543 1
39546 1
39547 1
39548 0
39549 1
39550 1
39551 1
39552 1
39553 1
39554 1
39557 1
39558 1
39564 0
39565 1
39571 0
39572 1
39574 1
39576 1
39577 0
39579 1
39582 0
39586 1
39589 1
39593 1
39595 0
39596 0
39599 1
39608 1
39610 1
39614 1
39615 1
39617 1
39623 1
39627 1
39629 1
39630 1
39635 1
39639 0
39643 1
39644 0
39646 1
39647 1
39649 1
39650 0
39654 0
39655 1
39659 0
39660 1
39143 1
39147 1
39149 1
39153 1
39158 1
39159 0
39160 1
39163 1
39164 1
39165 1
39166 1
39167 1
39170 1
39174 0
39175 0
39184 0
39186 1
39187 0
39188 1
39190 1
39192 0
39193 1
39198 1
39199 0
39204 0
39210 0
39211 1
39213 1
39214 1
39219 1
39220 1
39221 1
39223 1
39224 1
39226 1
39229 1
39230 1
39233 1
39237 1
39239 1
39241 1
39247 0
39251 1
39252 0
39257 1
39263 1
39273 1
39274 1
39278 1
39280 1
39284 1
39285 1
39294 1
39301 1
39302 1
39314 0
39320 1
39325 1
39328 1
39334 1
39338 1
39342 1
39354 1
39355 1
39356 1
39359 1
39360 1
39361 1
39362 0
39364 1
39371 0
39376 1
39378 1
39379 1
39380 1
39382 0
39383 1
39389 1
39392 1
39393 1
39395 1
39396 0
39397 1
39400 1
38882 1
38886 1
38887 1
38889 1
38890 1
38891 0
38892 1
38894 1
38897 1
38904 1
38906 0
38910 0
38912 1
38919 0
38920 1
38924 1
38925 0
38926 1
38930 0
38932 0
38933 1
38935 1
38937 1
38940 0
38943 0
38947 1
38948 1
38949 1
38950 0
38951 0
38953 1
38954 1
38956 1
38958 1
38962 1
38963 1
38965 0
38967 1
38968 1
38971 1
38976 1
38979 1
38980 1
38981 0
38983 0
38988 1
38989 1
38990 0
38991 1
38995 0
38997 1
39002 0
39003 1
39004 1
39005 1
39009 0
39016 0
39018 0
39021 1
39025 1
39027 1
39031 1
39032 1
39034 1
39039 1
39040 0
39041 0
39044 0
39045 1
39047 0
39050 0
39057 1
39060 1
39061 1
39062 0
39063 1
39064 1
39072 1
39075 1
39080 1
39081 1
39082 1
39091 0
39093 0
39095 1
39096 1
39097 1
39101 1
39103 1
39105 1
39106 1
39108 1
39109 1
39111 0
39117 1
39119 1
39120 0
39127 0
39128 1
39129 1
39131 0
39132 1
39133 1
39138 1
39139 1
39140 0
38622 1
38624 0
38632 1
38636 1
38637 1
38638 1
38642 1
38645 1
38646 0
38650 0
38654 1
38655 0
38656 1
38657 1
38661 0
38662 1
38663 1
38664 1
38667 0
38668 1
38673 1
38675 0
38676 1
38677 0
38679 1
38684 1
38687 0
38688 1
38689 1
38690 1
38692 0
38693 0
38694 1
38696 1
38697 0
38699 0
38701 0
38703 1
38706 1
38707 0
38710 1
38712 0
38717 1
38719 1
38721 1
38725 0
38726 0
38735 0
38736 1
38738 1
38741 1
38746 1
38749 1
38751 1
38754 0
38757 0
38760 1
38761 0
38762 1
38764 0
38765 0
38767 0
38768 1
38771 1
38772 1
38774 1
38775 1
38776 1
38779 1
38781 1
38782 1
38787 1
38799 1
38800 1
38801 1
38804 0
38805 1
38807 1
38808 0
38813 1
38815 1
38817 1
38818 1
38821 1
38823 1
38824 0
38828 0
38833 1
38834 0
38838 0
38841 1
38842 0
38845 1
38846 1
38848 1
38851 0
38852 1
38857 1
38866 1
38867 1
38868 1
38869 0
38870 1
38871 1
38875 1
38878 1
38879 0
38880 1
38364 1
38365 0
38372 1
38376 1
38380 1
38382 0
38383 1
38384 1
38385 1
38386 1
38387 1
38390 1
38391 1
38392 1
38394 1
38396 0
38397 1
38403 0
38404 1
38405 1
38407 1
38408 1
38409 1
38410 1
38417 0
38422 0
38427 0
38431 1
38433 1
38434 0
38435 0
38437 1
38438 1
38455 0
38457 1
38458 1
38459 1
38472 1
38476 0
38479 1
38480 0
38482 0
38483 0
38492 1
38493 1
38496 1
38498 0
38499 1
38503 1
38506 0
38507 0
38510 1
38511 1
38512 1
38520 0
38521 1
38526 0
38530 1
38531 1
38534 1
38539 1
38540 1
38542 1
38546 1
38548 1
38551 0
38552 0
38553 1
38554 1
38557 1
38559 1
38560 1
38561 1
38563 1
38565 1
38570 1
38571 1
38572 1
38574 1
38577 1
38578 1
38580 1
38585 1
38586 0
38588 0
38589 1
38591 0
38592 1
38593 1
38610 1
38613 0
38614 1
38615 0
38619 1
38621 1
38102 1
38106 0
38108 1
38110 1
38113 1
38116 0
38117 1
38118 1
38121 1
38123 1
38125 0
38129 1
38130 1
38132 1
38133 1
38137 1
38143 1
38147 1
38149 0
38155 1
38156 1
38157 0
38163 1
38164 1
38165 1
38166 1
38167 1
38168 1
38169 1
38170 1
38171 1
38173 1
38175 1
38176 1
38179 1
38180 0
38181 1
38182 1
38183 1
38186 0
38188 1
38191 1
38193 1
38195 1
38196 0
38197 1
38198 1
38199 1
38209 1
38211 1
38213 1
38214 1
38216 1
38217 1
38218 1
38219 1
38221 0
38226 1
38229 1
38230 1
38231 1
38234 0
38237 1
38241 1
38246 1
38247 1
38250 0
38251 1
38252 1
38259 1
38270 1
38271 1
38272 1
38273 1
38276 1
38279 1
38281 1
38283 1
38284 0
38286 1
38287 1
38290 1
38295 1
38297 0
38298 0
38299 1
38300 1
38302 1
38308 1
38316 1
38317 1
38319 1
38321 1
38331 1
38334 1
38335 1
38336 1
38338 1
38339 1
38340 1
38341 1
38344 1
38347 1
38352 0
38354 1
38355 1
38356 1
38357 1
38360 1
37844 0
37848 1
37853 1
37854 1
37857 1
37859 1
37860 1
37863 1
37865 0
37869 1
37871 0
37872 1
37873 1
37875 0
37882 1
37884 1
37886 1
37887 0
37890 0
37892 0
37896 1
37897 1
37898 1
37901 1
37902 1
37903 1
37913 1
37919 1
37923 1
37924 0
37926 1
37929 1
37932 1
37935 1
37936 1
37937 1
37940 1
37944 1
37945 1
37954 1
37962 1
37964 1
37968 1
37970 1
37971 0
37973 0
37975 1
37976 1
37977 1
37978 1
37980 1
37982 1
37987 0
37989 1
37993 1
37997 1
37999 1
38002 1
38003 1
38009 1
38010 0
38013 1
38014 1
38015 1
38016 1
38020 1
38021 1
38029 1
38035 0
38037 1
38038 1
38042 1
38043 0
38044 1
38050 1
38052 1
38064 1
38068 1
38070 0
38071 0
38075 1
38077 1
38079 0
38080 1
38082 1
38083 1
38086 1
38087 0
38089 1
38092 0
38096 1
38097 1
38101 1
37580 0
37581 1
37584 1
37588 1
37589 1
37591 1
37596 1
37605 1
37610 1
37614 0
37615 1
37616 1
37617 1
37618 1
37620 1
37627 1
37635 1
37636 1
37639 0
37641 1
37642 1
37648 0
37654 0
37658 1
37663 1
37666 1
37668 0
37669 1
37670 1
37671 0
37672 1
37673 0
37674 1
37676 1
37678 1
37687 0
37688 0
37691 0
37693 1
37696 1
37699 1
37701 1
37703 1
37704 0
37708 1
37710 1
37713 1
37718 0
37724 1
37725 1
37729 0
37730 0
37733 0
37734 1
37736 0
37738 1
37741 1
37743 1
37748 1
37750 1
37751 1
37753 1
37754 1
37760 0
37763 1
37764 1
37765 0
37766 1
37771 0
37775 0
37776 0
37777 1
37778 1
37779 0
37784 0
37787 1
37790 1
37796 1
37798 1
37801 1
37802 1
37809 1
37811 1
37812 0
37813 1
37816 1
37818 0
37822 0
37823 1
37824 0
37827 0
37831 1
37833 1
37836 1
37839 0
37320 1
37324 1
37326 0
37336 1
37341 1
37343 1
37344 1
37346 0
37347 1
37348 1
37351 1
37353 1
37357 1
37358 1
37359 1
37362 0
37363 1
37365 1
37368 1
37369 1
37376 0
37379 1
37380 0
37381 1
37382 1
37383 0
37384 1
37385 1
37386 1
37387 0
37391 1
37393 1
37395 0
37396 1
37398 0
37399 1
37402 1
37405 1
37406 1
37412 1
37413 1
37414 1
37416 0
37417 1
37418 0
37429 1
37432 1
37433 1
37436 1
37443 1
37446 1
37448 1
37452 0
37455 0
37456 1
37461 1
37465 1
37466 0
37468 1
37470 1
37471 0
37474 1
37475 1
37477 1
37482 0
37491 1
37492 1
37497 1
37499 1
37501 1
37502 1
37504 0
37510 1
37511 1
37516 1
37519 1
37525 1
37528 1
37530 0
37531 1
37533 1
37534 0
37535 1
37536 1
37538 1
37539 1
37541 1
37546 1
37547 1
37549 1
37551 1
37555 1
37557 1
37560 0
37561 0
37567 1
37568 0
37571 1
37572 1
37575 1
37576 1
37578 1
37063 1
37064 1
37066 1
37067 1
37068 0
37073 1
37076 0
37078 1
37082 0
37083 1
37084 1
37087 1
37089 1
37097 1
37100 1
37101 0
37102 0
37105 1
37108 0
37111 1
37112 1
37115 1
37119 1
37121 0
37123 0
37125 1
37126 1
37127 0
37129 0
37132 1
37137 1
37139 1
37144 1
37148 0
37149 1
37150 1
37152 1
37155 1
37156 1
37158 1
37159 0
37160 1
37162 1
37163 1
37164 1
37165 1
37166 1
37167 1
37168 1
37173 0
37179 0
37181 0
37183 1
37184 1
37186 1
37189 1
37193 1
37201 1
37206 1
37208 1
37209 0
37214 0
37219 1
37222 1
37223 0
37224 1
37225 1
37226 1
37229 1
37232 1
37235 1
37240 0
37241 0
37243 1
37246 1
37249 1
37252 1
37253 0
37255 1
37257 1
37258 1
37265 1
37266 1
37267 1
37268 1
37270 1
37271 1
37273 1
37274 1
37276 0
37283 1
37284 0
37285 1
37286 1
37288 1
37289 1
37290 0
37292 1
37293 0
37294 0
37311 0
37314 0
37318 0
37319 1
36801 0
36809 1
36812 1
36813 1
36814 1
36815 0
36818 1
36821 1
36822 0
36823 1
36826 1
36827 1
36829 1
36832 1
36835 0
36838 1
36840 0
36843 1
36844 1
36846 1
36847 1
36850 1
36857 1
36859 1
36861 1
36863 1
36866 1
36867 0
36869 1
36870 0
36871 1
36872 1
36873 1
36875 1
36878 1
36882 1
36885 0
36886 1
36887 1
36889 1
36890 1
36892 1
36895 1
36896 0
36897 1
36900 1
36904 1
36905 1
36908 1
36911 1
36912 0
36918 1
36919 1
36924 1
36926 1
36927 1
36930 1
36935 1
36943 1
36946 0
36947 1
36950 1
36953 1
36954 1
36955 0
36957 1
36963 1
36964 0
36973 1
36979 0
36980 0
36982 1
36985 1
36986 0
36989 1
36993 1
36997 1
36998 0
37000 1
37003 1
37005 1
37010 1
37011 1
37012 1
37019 1
37021 0
37025 1
37029 1
37035 1
37036 1
37040 1
37047 1
37052 1
37054 1
36541 1
36543 1
36545 1
36548 0
36550 1
36556 1
36557 1
36558 0
36562 1
36567 1
36571 1
36572 1
36578 1
36580 1
36585 1
36586 0
36589 1
36591 1
36595 1
36597 1
36599 1
36602 1
36605 1
36608 0
36610 1
36615 0
36616 0
36618 1
36619 1
36624 1
36628 1
36631 0
36632 0
36634 0
36635 1
36636 0
36637 1
36638 0
36639 1
36641 1
36642 1
36643 0
36645 1
36646 0
36648 1
36650 0
36652 1
36653 1
36654 1
36661 1
36662 1
36664 1
36667 1
36669 1
36670 1
36672 1
36674 1
36675 1
36679 1
36680 0
36682 1
36684 1
36685 1
36687 0
36688 1
36689 1
36690 1
36691 1
36692 0
36694 0
36697 1
36698 1
36699 0
36701 0
36703 1
36707 1
36709 1
36710 1
36712 1
36714 1
36716 1
36719 1
36720 1
36721 0
36725 1
36726 1
36727 0
36728 1
36729 1
36730 1
36731 1
36732 1
36739 1
36741 0
36742 1
36746 1
36748 1
36749 1
36754 1
36755 1
36759 1
36762 1
36765 1
36766 1
36767 1
36768 1
36769 1
36771 1
36777 0
36778 1
36780 1
36788 1
36789 0
36791 1
36796 1
36797 1
36281 0
36285 1
36286 1
36288 0
36290 1
36291 1
36294 0
36296 0
36299 1
36302 1
36303 1
36304 1
36306 1
36311 1
36313 0
36317 1
36322 0
36324 0
36325 1
36328 1
36331 1
36335 1
36336 1
36339 0
36340 1
36341 1
36342 0
36346 1
36347 0
36352 1
36353 1
36358 1
36363 1
36366 1
36367 1
36368 0
36371 1
36376 0
36377 1
36379 0
36380 0
36383 0
36385 0
36388 0
36389 0
36391 1
36393 0
36395 1
36396 1
36402 1
36408 1
36409 1
36414 1
36418 1
36420 1
36421 1
36426 0
36428 0
36430 0
36431 0
36436 1
36437 0
36439 1
36440 1
36443 1
36447 1
36455 1
36456 1
36461 1
36462 1
36467 1
36469 1
36470 1
36471 1
36472 1
36477 1
36478 1
36483 0
36488 1
36490 1
36491 0
36492 0
36493 0
36494 1
36497 0
36499 1
36501 0
36502 1
36509 0
36510 0
36512 1
36514 0
36517 1
36521 1
36522 0
36524 1
36529 0
36533 0
36535 1
36536 1
36539 0
36020 1
36021 1
36023 1
36025 1
36027 1
36028 1
36031 1
36033 1
36039 0
36042 0
36046 0
36053 0
36054 1
36055 1
36056 0
36058 1
36060 1
36062 0
36063 1
36064 1
36067 1
36072 1
36075 1
36078 1
36080 0
36083 1
36086 1
36088 0
36090 1
36095 0
36097 1
36101 1
36103 1
36108 0
36109 1
36112 0
36114 1
36121 1
36123 0
36124 1
36128 0
36129 1
36130 1
36132 0
36136 0
36139 1
36140 1
36142 1
36143 1
36144 0
36145 1
36146 1
36152 1
36154 1
36155 1
36158 1
36160 0
36161 1
36163 1
36165 1
36169 1
36174 0
36175 1
36176 1
36178 1
36179 1
36183 1
36186 1
36187 1
36188 1
36193 1
36195 1
36197 1
36198 0
36201 1
36207 0
36210 1
36211 1
36212 1
36219 1
36221 1
36222 1
36223 1
36228 1
36231 1
36232 1
36233 0
36234 1
36235 1
36240 0
36241 1
36246 1
36248 1
36249 1
36253 1
36255 0
36257 1
36261 1
36262 1
36264 1
36266 1
36269 1
36270 0
36271 0
36272 1
36276 1
36278 1
35761 1
35764 0
35766 1
35768 0
35769 1
35770 1
35778 0
35779 1
35780 0
35783 1
35786 1
35789 1
35790 1
35791 1
35795 1
35799 1
35800 0
35804 0
35805 1
35806 1
35810 0
35811 1
35815 0
35820 1
35824 1
35825 1
35832 0
35845 0
35850 1
35852 1
35854 1
35855 0
35858 1
35859 1
35860 1
35864 1
35865 1
35868 1
35877 1
35883 1
35885 1
35886 1
35887 1
35888 1
35893 1
35895 0
35899 1
35901 1
35904 0
35907 1
35908 1
35909 0
35913 1
35922 1
35930 1
35931 0
35934 1
35935 0
35936 1
35939 1
35941 1
35951 1
35952 1
35953 0
35956 1
35958 1
35963 1
35970 1
35972 1
35976 1
35977 1
35979 1
35983 1
35987 1
35989 1
35990 0
35994 1
35998 1
36000 0
36004 1
36005 1
36006 1
36011 0
36012 0
36013 1
36015 1
36016 1
35500 1
35502 1
35504 1
35509 1
35521 1
35522 0
35523 1
35527 1
35529 1
35533 1
35534 1
35536 0
35537 1
35538 1
35543 0
35544 0
35548 1
35555 0
35556 1
35557 1
35558 1
35559 1
35560 1
35561 1
35564 1
35565 0
35567 1
35568 1
35569 1
35570 1
35574 0
35578 1
35580 0
35581 1
35582 1
35583 1
35584 1
35585 0
35586 1
35587 1
35592 1
35593 1
35598 1
35599 1
35600 1
35601 1
35603 0
35608 1
35614 1
35617 0
35620 1
35622 0
35623 0
35624 1
35628 1
35630 1
35633 1
35636 1
35641 1
35646 1
35649 0
35652 0
35659 1
35660 0
35663 1
35665 1
35666 1
35668 1
35670 1
35671 1
35674 1
35678 1
35682 1
35689 1
35690 0
35695 1
35696 0
35697 1
35698 1
35700 1
35701 1
35702 1
35703 1
35706 1
35708 0
35710 1
35711 1
35715 1
35718 1
35719 1
35721 0
35722 1
35724 1
35728 1
35729 1
35730 1
35732 1
35737 1
35739 1
35742 1
35744 1
35746 0
35747 1
35748 1
35751 1
35757 1
35760 1
35239 1
35240 1
35241 0
35244 1
35245 0
35247 1
35248 1
35251 1
35254 0
35255 0
35265 0
35267 0
35271 1
35274 1
35275 1
35276 1
35279 1
35280 0
35281 1
35282 0
35284 1
35287 1
35289 1
35294 0
35296 0
35298 1
35301 0
35303 1
35305 1
35309 1
35310 1
35311 1
35312 1
35315 0
35316 0
35317 0
35319 0
35322 1
35324 1
35325 1
35327 1
35328 1
35332 1
35334 1
35335 1
35339 1
35342 1
35343 0
35344 1
35346 1
35350 1
35353 1
35355 1
35358 1
35359 0
35361 1
35362 1
35365 1
35369 1
35370 1
35374 1
35375 0
35376 1
35381 1
35384 1
35386 1
35389 0
35391 1
35393 1
35395 1
35399 1
35400 1
35401 1
35402 0
35405 1
35408 0
35410 0
35411 1
35415 0
35416 1
35419 1
35420 0
35421 0
35423 1
35429 1
35432 1
35433 1
35434 0
35439 1
35440 1
35441 1
35444 1
35446 0
35448 1
35451 1
35452 1
35456 0
35458 1
35459 1
35463 0
35467 1
35468 1
35471 0
35473 0
35474 1
35477 1
35478 1
35479 1
35482 0
35483 0
35486 1
35488 1
35494 0
35495 1
34977 1
34979 1
34982 1
34984 0
34985 1
34986 1
34988 0
34993 1
34996 1
34997 1
34999 0
35001 1
35004 1
35014 1
35019 1
35021 1
35023 1
35032 1
35033 1
35035 1
35036 1
35037 0
35038 0
35040 0
35041 1
35042 1
35044 1
35045 1
35046 0
35054 1
35055 0
35056 1
35057 0
35058 0
35059 1
35061 1
35063 1
35065 0
35066 1
35067 1
35068 1
35069 0
35075 0
35076 1
35078 0
35081 1
35085 1
35091 1
35095 0
35098 1
35099 0
35100 1
35101 0
35109 1
35111 1
35115 0
35117 1
35119 1
35120 1
35125 0
35127 1
35128 1
35129 1
35130 1
35133 0
35135 1
35140 1
35143 0
35145 1
35149 1
35150 1
35151 0
35153 1
35158 0
35163 1
35165 1
35167 1
35171 1
35172 1
35174 1
35175 1
35177 0
35181 1
35184 1
35186 1
35188 1
35189 1
35191 1
35200 0
35205 0
35206 1
35209 0
35211 1
35214 0
35215 1
35216 1
35217 1
35220 1
35224 0
35225 1
35226 1
35229 0
35232 1
35236 1
34724 1
34725 0
34730 0
34735 1
34736 0
34737 1
34739 0
34742 1
34743 0
34745 1
34748 1
34751 1
34753 0
34754 0
34756 1
34757 1
34759 1
34761 1
34762 1
34764 1
34769 1
34770 0
34772 0
34773 0
34774 1
34780 1
34782 0
34786 0
34787 1
34789 1
34791 0
34795 1
34800 0
34802 0
34803 1
34804 1
34808 1
34810 0
34812 1
34819 1
34822 0
34824 1
34825 1
34830 1
34834 0
34835 0
34843 1
34844 0
34851 1
34854 1
34856 1
34859 1
34861 0
34864 1
34866 1
34869 1
34870 1
34872 0
34874 0
34881 0
34883 0
34884 1
34885 1
34887 1
34888 1
34890 1
34892 1
34894 1
34895 1
34896 1
34897 1
34900 1
34901 1
34902 1
34906 1
34907 1
34912 1
34914 0
34916 1
34919 0
34922 0
34924 1
34925 1
34926 1
34929 1
34931 1
34932 1
34933 0
34935 1
34936 1
34937 1
34938 0
34941 1
34942 0
34943 0
34946 1
34947 1
34949 1
34953 1
34955 0
34956 1
34958 1
34959 1
34962 1
34963 0
34968 1
34969 1
34970 1
34971 1
34976 1
34457 1
34458 1
34459 1
34461 1
34466 1
34469 0
34476 1
34477 1
34479 1
34482 1
34484 0
34486 1
34488 1
34495 0
34500 0
34501 1
34506 1
34508 0
34510 0
34514 0
34517 1
34524 0
34528 1
34531 1
34532 1
34534 0
34535 0
34541 1
34545 1
34548 1
34550 0
34552 1
34556 0
34560 0
34561 1
34563 0
34564 0
34565 1
34567 0
34571 1
34574 1
34576 1
34577 1
34579 0
34580 0
34584 1
34585 1
34590 1
34591 1
34593 1
34597 0
34600 1
34604 0
34605 1
34610 1
34615 1
34616 1
34622 1
34623 1
34633 1
34635 1
34638 1
34639 1
34641 1
34642 0
34645 1
34650 1
34651 0
34652 1
34654 1
34655 0
34656 1
34659 1
34661 1
34663 1
34669 1
34675 1
34677 0
34679 1
34680 1
34682 1
34687 1
34689 1
34690 1
34696 1
34697 0
34698 0
34699 1
34704 0
34705 1
34708 1
34710 1
34711 1
34712 1
34714 0
34715 0
34717 1
34199 1
34200 1
34201 0
34203 1
34205 0
34208 1
34210 1
34213 1
34217 1
34222 1
34224 1
34225 1
34227 1
34228 0
34231 1
34238 0
34239 1
34244 1
34245 0
34250 1
34253 1
34255 1
34259 0
34260 0
34261 0
34264 1
34267 1
34273 1
34280 1
34285 0
34290 1
34291 1
34292 1
34293 1
34295 1
34296 1
34298 1
34300 1
34305 0
34306 0
34310 1
34311 1
34315 1
34317 1
34321 1
34322 1
34325 0
34326 1
34327 1
34328 1
34329 1
34335 1
34338 0
34341 1
34351 1
34352 0
34353 1
34355 1
34356 1
34360 1
34362 1
34363 1
34365 1
34366 0
34368 1
34370 1
34376 0
34380 1
34381 1
34384 1
34385 0
34388 1
34390 0
34392 0
34394 0
34401 0
34404 1
34405 0
34416 1
34418 0
34420 1
34422 1
34425 1
34430 1
34431 0
34435 1
34437 1
34441 1
34445 1
34447 1
34452 0
34454 1
34455 1
33941 1
33944 1
33948 1
33949 0
33952 1
33954 1
33956 1
33957 0
33960 0
33968 1
33969 1
33973 1
33980 1
33982 1
33985 0
33996 0
34000 1
34003 1
34004 1
34005 1
34007 1
34010 1
34012 0
34017 1
34023 0
34024 1
34026 0
34028 1
34029 1
34030 1
34031 1
34032 1
34040 0
34042 0
34044 1
34047 1
34050 1
34053 1
34058 1
34059 1
34060 1
34061 0
34063 0
34065 1
34066 1
34067 1
34068 1
34069 0
34070 0
34072 0
34074 0
34075 1
34079 1
34081 1
34083 1
34084 1
34087 1
34089 1
34090 1
34093 1
34096 1
34097 0
34099 1
34101 0
34105 1
34113 1
34118 0
34119 1
34125 0
34126 1
34127 1
34133 1
34135 1
34137 0
34139 1
34140 1
34141 1
34156 1
34159 0
34160 1
34161 1
34163 1
34165 1
34166 1
34168 1
34169 1
34173 1
34175 1
34176 1
34178 1
34179 0
34180 0
34181 1
34182 1
34184 1
34187 1
34189 1
34194 1
34195 0
33680 0
33683 1
33687 0
33689 1
33692 1
33695 1
33703 1
33707 1
33709 1
33718 1
33720 1
33721 0
33722 1
33724 1
33726 1
33727 1
33728 0
33731 1
33732 1
33737 0
33738 1
33741 1
33747 1
33748 0
33752 1
33753 0
33758 1
33759 1
33760 1
33764 0
33768 1
33769 1
33772 1
33774 1
33778 0
33779 1
33783 1
33786 1
33792 1
33797 0
33800 1
33801 0
33802 1
33803 0
33804 1
33805 0
33808 0
33809 1
33811 1
33813 0
33816 1
33818 1
33819 1
33821 1
33822 0
33823 1
33824 1
33827 1
33834 1
33836 1
33841 1
33845 1
33848 1
33849 1
33850 1
33851 1
33854 1
33855 1
33857 1
33858 1
33866 1
33870 1
33871 0
33872 0
33874 1
33877 1
33880 1
33882 0
33886 0
33887 1
33891 1
33892 1
33898 0
33900 0
33901 1
33902 1
33903 1
33904 1
33906 0
33910 1
33912 0
33914 1
33917 0
33918 1
33920 1
33922 1
33923 0
33924 1
33932 1
33937 1
33419 1
33421 1
33422 1
33423 1
33424 1
33425 1
33430 0
33433 1
33435 1
33436 1
33438 0
33444 1
33446 1
33447 1
33448 0
33451 0
33452 1
33456 1
33458 1
33461 1
33462 1
33463 1
33464 1
33465 1
33466 1
33472 1
33473 0
33477 1
33480 1
33481 0
33486 1
33492 1
33493 1
33495 1
33499 1
33506 1
33507 1
33508 1
33509 1
33512 1
33516 1
33520 0
33521 1
33522 0
33526 1
33529 1
33531 0
33532 1
33534 1
33536 1
33537 1
33538 1
33547 1
33548 1
33550 1
33552 1
33555 1
33558 1
33560 0
33562 1
33563 1
33564 1
33569 1
33573 0
33574 0
33575 1
33576 1
33577 0
33581 1
33582 0
33584 0
33585 1
33587 1
33588 0
33590 1
33592 1
33597 1
33599 1
33601 0
33606 1
33608 1
33609 1
33611 0
33619 1
33620 1
33623 0
33626 1
33627 0
33631 1
33635 1
33636 1
33638 0
33640 1
33641 1
33642 1
33644 1
33645 1
33648 1
33651 0
33655 1
33660 0
33663 1
33665 1
33668 0
33670 1
33677 1
33160 1
33163 0
33170 0
33173 0
33174 1
33177 1
33178 1
33181 1
33185 0
33189 0
33191 1
33192 1
33194 0
33196 1
33197 1
33198 1
33199 0
33201 1
33203 0
33205 1
33206 0
33207 1
33208 1
33211 0
33212 0
33216 1
33217 1
33219 1
33220 0
33223 0
33225 1
33227 1
33228 1
33232 1
33233 1
33238 1
33239 1
33241 1
33242 1
33244 1
33245 1
33248 1
33249 1
33252 1
33253 1
33254 1
33255 1
33256 1
33258 0
33260 1
33264 1
33265 1
33269 0
33272 0
33277 1
33282 1
33287 1
33289 1
33290 1
33295 1
33296 1
33298 1
33304 1
33306 0
33307 1
33308 1
33309 0
33311 1
33312 1
33313 1
33315 0
33317 0
33318 1
33320 1
33322 1
33323 1
33329 1
33330 0
33331 1
33332 1
33337 1
33338 0
33341 0
33343 1
33346 1
33352 1
33353 1
33358 1
33362 1
33366 1
33368 1
33370 1
33372 0
33373 1
33375 1
33376 1
33379 1
33380 1
33390 1
33397 1
33398 0
33402 0
33403 1
33404 1
33405 1
33415 0
33417 1
32899 1
32904 1
32905 1
32908 0
32909 1
32915 0
32920 1
32922 0
32923 0
32924 1
32928 1
32930 1
32932 1
32937 1
32938 1
32941 0
32942 1
32946 1
32949 1
32952 0
32957 0
32959 1
32962 1
32965 1
32969 1
32972 1
32974 1
32976 1
32977 1
32979 1
32980 1
32982 1
32989 0
32991 0
32992 1
32993 1
32995 1
32996 1
32998 1
32999 1
33000 0
33001 1
33003 1
33006 1
33008 1
33009 1
33010 1
33011 1
33015 1
33016 1
33021 0
33023 1
33024 1
33030 1
33031 1
33032 1
33034 0
33038 1
33040 0
33043 1
33044 0
33045 1
33046 0
33051 1
33057 1
33060 1
33062 1
33063 0
33066 1
33068 1
33072 1
33078 0
33079 1
33080 1
33081 1
33083 1
33085 1
33087 1
33090 1
33092 1
33096 1
33104 1
33110 1
33112 1
33113 1
33114 1
33115 1
33118 1
33120 1
33121 1
33123 1
33125 1
33128 1
33132 1
33139 1
33140 1
33143 1
33145 1
33150 0
33154 1
33158 1
32638 1
32643 1
32645 1
32646 0
32648 0
32650 0
32654 0
32655 1
32657 1
32659 1
32660 0
32662 1
32664 1
32666 1
32667 0
32669 0
32673 0
32674 1
32678 1
32680 0
32681 1
32685 1
32686 1
32688 1
32689 1
32693 1
32697 1
32699 1
32700 0
32704 1
32705 1
32714 1
32719 1
32720 1
32723 1
32726 0
32728 1
32730 0
32733 1
32734 0
32737 1
32738 1
32740 1
32745 1
32749 0
32755 1
32763 0
32764 1
32765 1
32766 1
32778 0
32779 0
32781 1
32786 1
32787 1
32790 1
32792 1
32793 1
32797 1
32799 1
32801 1
32802 1
32804 1
32808 1
32810 0
32811 1
32812 1
32813 0
32814 1
32815 1
32819 1
32823 0
32825 1
32826 1
32828 1
32832 1
32837 0
32839 1
32841 1
32842 1
32845 1
32847 0
32850 1
32851 1
32852 0
32853 1
32854 1
32856 1
32857 1
32858 0
32859 1
32866 0
32868 1
32871 1
32873 1
32875 1
32876 1
32877 1
32878 0
32879 1
32881 0
32882 1
32889 1
32892 1
32894 1
32895 1
32897 0
32898 0
32374 1
32377 1
32379 1
32386 0
32387 1
32392 1
32394 1
32401 0
32405 1
32412 1
32413 1
32414 1
32417 1
32418 1
32427 0
32428 1
32429 0
32430 1
32431 1
32434 0
32435 1
32441 0
32443 1
32445 1
32446 1
32448 1
32450 1
32456 1
32459 0
32460 1
32461 1
32464 0
32466 1
32470 1
32471 1
32473 0
32475 0
32476 1
32478 0
32480 1
32483 1
32487 0
32489 1
32492 1
32493 1
32495 1
32497 1
32500 1
32502 1
32507 1
32511 1
32516 1
32522 0
32530 0
32531 1
32532 0
32533 0
32538 0
32539 1
32540 1
32542 0
32547 1
32549 1
32550 1
32551 1
32555 1
32556 0
32559 1
32566 0
32568 0
32570 1
32574 1
32577 1
32578 0
32580 1
32582 1
32586 1
32591 1
32594 1
32597 1
32599 1
32603 0
32604 0
32605 1
32606 1
32607 1
32611 1
32612 1
32614 0
32616 0
32618 0
32619 1
32626 0
32630 1
32634 1
32636 0
32637 1
32117 1
32118 1
32119 1
32127 1
32128 0
32129 1
32133 1
32134 0
32136 0
32148 1
32150 1
32152 1
32155 1
32158 0
32159 1
32160 1
32163 1
32165 1
32171 1
32175 1
32178 1
32183 1
32184 0
32185 0
32189 1
32191 1
32194 0
32195 1
32196 0
32197 0
32198 1
32201 1
32202 1
32203 1
32204 1
32205 1
32206 1
32210 1
32213 1
32215 1
32226 1
32228 1
32230 0
32232 1
32236 1
32238 0
32239 0
32241 1
32244 1
32245 1
32246 1
32247 1
32248 1
32251 1
32254 1
32256 0
32263 1
32265 1
32266 1
32269 1
32270 1
32272 1
32274 1
32277 1
32280 1
32289 1
32293 1
32296 1
32298 1
32299 0
32304 1
32305 1
32306 1
32307 1
32309 1
32312 1
32313 1
32315 1
32317 0
32321 1
32322 1
32324 1
32325 0
32326 0
32328 1
32331 0
32333 1
32334 0
32336 0
32341 0
32342 1
32345 1
32347 0
32349 1
32357 1
32366 0
32370 1
32371 1
32372 1
31853 0
31862 1
31868 1
31872 0
31875 1
31878 1
31880 1
31883 1
31884 1
31889 1
31892 0
31893 1
31897 1
31898 1
31901 0
31908 1
31912 1
31915 1
31917 1
31918 1
31921 1
31922 1
31924 1
31925 0
31926 1
31927 1
31928 1
31929 1
31930 1
31936 1
31937 1
31944 1
31946 1
31949 1
31950 0
31951 1
31953 1
31955 0
31956 1
31957 1
31961 1
31962 1
31968 1
31971 1
31972 1
31973 1
31974 1
31975 0
31980 0
31982 0
31987 1
31988 0
31989 1
31994 0
31996 0
31998 1
31999 0
32000 0
32004 1
32009 1
32012 1
32015 1
32017 0
32018 1
32019 0
32020 1
32021 1
32024 0
32026 0
32027 0
32030 1
32031 1
32032 1
32034 1
32036 1
32037 0
32039 1
32043 1
32044 1
32045 0
32047 1
32050 1
32052 1
32053 1
32055 0
32056 1
32057 1
32058 1
32062 1
32071 0
32073 1
32077 1
32081 0
32086 0
32091 1
32092 1
32094 1
32095 1
32099 1
32100 0
32103 0
32106 1
32107 0
32113 1
31595 1
31597 1
31605 1
31608 1
31609 1
31610 0
31611 0
31620 1
31624 0
31625 0
31630 1
31632 1
31635 1
31644 1
31647 1
31648 1
31653 1
31655 1
31659 1
31661 0
31664 1
31666 1
31669 1
31672 0
31680 1
31681 0
31682 0
31683 0
31685 1
31689 1
31692 0
31693 0
31701 1
31704 1
31705 1
31706 1
31707 1
31710 1
31711 0
31713 1
31717 1
31718 1
31723 1
31724 0
31725 1
31726 1
31728 1
31729 0
31730 1
31734 1
31735 1
31737 1
31746 0
31748 1
31754 1
31755 1
31756 1
31768 0
31771 1
31778 1
31781 1
31782 1
31784 1
31786 1
31788 1
31791 1
31792 1
31797 1
31800 0
31806 1
31811 0
31818 0
31825 0
31826 1
31828 1
31830 1
31833 1
31838 1
31840 1
31842 1
31843 1
31845 1
31846 1
31849 1
31850 0
31852 1
31335 0
31336 1
31337 1
31338 1
31340 1
31341 1
31346 0
31348 0
31350 1
31351 1
31352 1
31354 1
31355 1
31359 1
31363 1
31365 0
31368 0
31369 1
31370 1
31373 1
31374 1
31377 1
31379 1
31381 1
31386 1
31388 1
31389 1
31393 0
31398 1
31399 0
31401 1
31402 1
31403 1
31404 0
31405 1
31407 0
31411 1
31415 1
31418 1
31419 1
31424 1
31426 1
31427 0
31430 0
31433 1
31434 0
31436 1
31437 1
31438 0
31439 0
31441 1
31443 1
31445 1
31446 1
31448 1
31449 0
31452 1
31459 0
31460 0
31462 0
31463 1
31464 1
31466 1
31470 1
31471 1
31476 0
31481 1
31482 0
31483 0
31484 1
31486 1
31487 1
31489 1
31491 1
31492 0
31494 1
31496 1
31499 1
31500 1
31501 0
31502 0
31509 1
31510 1
31512 0
31514 0
31516 0
31520 0
31525 1
31528 1
31530 1
31534 1
31536 0
31537 1
31539 1
31543 0
31549 1
31550 1
31551 0
31553 1
31554 1
31557 1
31563 1
31566 1
31567 1
31569 1
31570 0
31571 1
31573 1
31574 0
31575 0
31580 1
31581 1
31582 1
31590 0
31070 1
31071 1
31076 1
31079 1
31080 1
31085 1
31088 0
31090 1
31093 1
31095 1
31096 1
31097 1
31099 0
31103 1
31109 0
31115 0
31117 1
31118 0
31121 1
31128 1
31133 0
31135 1
31139 0
31145 1
31146 0
31157 1
31162 1
31164 1
31166 1
31167 1
31168 1
31169 1
31170 1
31175 1
31177 1
31179 0
31180 1
31187 1
31190 0
31191 0
31193 0
31194 0
31199 1
31200 1
31204 0
31206 1
31217 1
31218 0
31221 1
31227 0
31229 1
31234 1
31235 1
31240 0
31241 1
31243 1
31248 1
31250 1
31251 1
31256 1
31258 1
31260 0
31262 0
31263 1
31266 0
31269 1
31271 1
31272 1
31274 0
31275 1
31278 0
31281 1
31283 1
31286 1
31288 1
31289 1
31290 1
31291 1
31292 1
31293 1
31294 1
31302 1
31303 1
31304 0
31305 1
31307 1
31308 0
31310 0
31314 1
31315 1
31317 1
31320 1
31326 1
31327 0
31328 1
30811 1
30812 1
30818 1
30820 1
30825 0
30826 1
30827 1
30828 1
30829 1
30830 1
30835 0
30837 0
30842 1
30845 0
30847 1
30850 1
30852 1
30853 1
30854 1
30856 1
30857 1
30860 1
30863 0
30868 1
30873 0
30874 1
30875 1
30877 1
30878 0
30885 1
30887 0
30891 1
30893 0
30894 0
30895 1
30899 1
30900 1
30902 1
30906 0
30907 1
30908 1
30909 1
30910 0
30921 1
30926 1
30930 0
30933 1
30934 1
30935 1
30937 0
30939 0
30942 1
30947 1
30949 1
30952 1
30953 1
30954 1
30955 1
30956 0
30959 0
30961 1
30963 1
30964 0
30965 1
30966 1
30971 1
30973 1
30975 1
30976 1
30977 1
30982 0
30986 1
30987 1
30988 0
30989 0
30991 1
30997 1
30998 1
30999 0
31001 0
31003 1
31004 1
31005 0
31007 1
31010 1
31012 1
31013 1
31016 0
31017 1
31019 0
31020 0
31025 1
31027 1
31028 1
31036 0
31037 0
31038 1
31039 0
31040 0
31041 1
31042 1
31046 1
31049 1
31051 1
31052 1
31055 0
31058 0
31064 1
31065 0
31068 1
30551 0
30556 0
30561 1
30564 1
30565 1
30569 1
30570 1
30575 0
30577 1
30578 1
30580 0
30585 1
30586 1
30588 1
30589 0
30593 1
30598 0
30604 1
30610 1
30614 0
30617 0
30620 1
30624 1
30625 1
30629 1
30632 0
30634 1
30635 1
30640 1
30642 1
30649 0
30652 1
30655 1
30657 1
30658 1
30672 1
30674 0
30675 1
30676 1
30678 0
30679 1
30681 0
30682 1
30683 0
30684 1
30685 1
30694 0
30698 1
30699 1
30700 1
30702 0
30703 0
30704 1
30706 0
30708 1
30711 1
30714 0
30715 1
30717 1
30719 1
30720 1
30721 0
30724 1
30725 1
30726 0
30730 1
30731 1
30733 1
30734 1
30737 0
30739 0
30743 1
30747 0
30749 1
30753 0
30755 1
30759 1
30760 1
30763 1
30765 1
30770 0
30772 1
30775 1
30780 1
30782 0
30788 1
30791 1
30792 0
30794 0
30795 1
30796 0
30797 1
30802 0
30804 1
30805 1
30807 1
30291 1
30296 1
30299 0
30303 1
30306 1
30311 1
30312 1
30314 1
30317 0
30319 1
30320 1
30321 1
30322 0
30323 1
30324 1
30327 0
30331 0
30332 0
30334 1
30335 1
30336 1
30338 0
30339 1
30341 1
30345 1
30346 1
30351 1
30352 0
30356 0
30363 1
30364 1
30367 1
30369 1
30373 1
30377 1
30378 0
30384 0
30385 1
30386 1
30389 1
30393 1
30397 1
30401 1
30402 1
30405 0
30408 1
30410 1
30412 1
30413 1
30415 1
30416 1
30419 1
30420 0
30421 0
30422 1
30425 1
30428 1
30429 1
30431 1
30442 1
30450 1
30453 1
30454 1
30457 1
30458 1
30462 0
30465 1
30466 0
30470 1
30473 0
30476 0
30481 0
30484 0
30486 1
30487 1
30488 1
30492 1
30494 0
30496 1
30497 1
30502 1
30503 0
30505 1
30506 1
30507 1
30508 1
30511 1
30515 1
30516 1
30518 1
30522 0
30523 0
30530 0
30532 1
30534 1
30537 1
30538 1
30539 0
30540 0
30543 1
30546 0
30030 1
30034 1
30039 0
30040 1
30045 0
30046 0
30047 1
30051 0
30055 1
30059 1
30062 1
30063 0
30064 1
30065 1
30066 1
30070 1
30071 1
30072 1
30074 1
30076 0
30079 1
30081 0
30082 1
30083 1
30086 1
30087 0
30089 1
30093 1
30097 1
30102 1
30103 1
30110 0
30112 1
30113 1
30114 0
30119 1
30120 1
30123 1
30124 1
30128 1
30130 1
30133 1
30134 1
30136 1
30137 0
30141 0
30144 1
30145 0
30153 1
30154 0
30157 1
30158 0
30160 1
30167 1
30169 1
30171 1
30178 1
30181 1
30183 0
30185 1
30186 1
30187 0
30189 1
30195 1
30197 1
30198 0
30199 1
30200 0
30201 0
30202 1
30203 1
30206 1
30207 1
30209 0
30211 1
30215 1
30216 1
30217 1
30219 0
30222 1
30226 1
30227 1
30229 1
30231 0
30233 1
30236 0
30239 1
30240 1
30241 1
30245 1
30248 0
30254 1
30255 0
30256 0
30259 1
30264 1
30272 1
30273 1
30274 1
30278 1
30280 1
30281 1
30284 1
30286 1
30287 1
29773 1
29776 1
29778 0
29779 1
29780 1
29782 1
29783 1
29784 1
29785 1
29786 1
29788 1
29790 0
29794 1
29796 1
29800 1
29802 1
29815 0
29816 1
29818 1
29819 0
29821 0
29822 1
29825 1
29829 1
29831 0
29832 0
29834 0
29835 1
29838 0
29839 1
29840 0
29843 1
29846 1
29851 1
29852 0
29855 1
29857 0
29860 1
29861 0
29862 0
29867 1
29868 0
29871 1
29879 0
29881 1
29885 1
29886 1
29887 1
29888 0
29889 0
29890 1
29893 1
29895 1
29897 1
29905 0
29906 1
29907 1
29909 1
29917 1
29923 0
29926 0
29927 1
29929 1
29930 0
29931 1
29932 1
29937 1
29941 1
29942 0
29948 1
29950 0
29951 1
29952 1
29953 1
29962 1
29963 1
29964 1
29968 1
29971 1
29977 1
29980 0
29982 1
29984 1
29986 0
29987 1
29990 0
29991 0
29992 0
29994 1
29997 1
30000 0
30006 0
30007 1
30011 1
30012 1
30014 1
30016 1
30018 1
30021 1
30022 1
30025 1
30028 1
29509 1
29512 1
29515 1
29516 1
29517 1
29518 1
29519 1
29522 1
29524 1
29528 1
29531 1
29535 1
29539 1
29551 1
29552 1
29557 1
29564 1
29566 1
29569 1
29570 1
29573 1
29574 1
29575 0
29580 1
29585 1
29586 1
29590 1
29591 1
29592 1
29595 1
29601 0
29602 1
29603 1
29604 0
29606 1
29608 0
29609 1
29610 1
29620 1
29623 1
29625 1
29628 0
29629 0
29636 0
29637 1
29642 0
29643 0
29646 1
29647 1
29649 1
29650 0
29651 1
29652 1
29653 0
29655 1
29656 1
29657 1
29659 1
29660 1
29661 1
29664 1
29666 0
29667 1
29668 0
29669 0
29670 1
29674 1
29678 1
29682 1
29683 1
29684 1
29685 1
29686 1
29690 0
29692 0
29693 0
29698 0
29699 1
29700 1
29702 1
29710 1
29712 1
29714 1
29716 0
29723 1
29727 1
29730 1
29731 1
29732 0
29734 1
29736 0
29738 0
29742 1
29744 1
29752 1
29753 1
29762 1
29763 1
29769 1
29249 0
29254 1
29261 1
29262 0
29263 1
29264 1
29266 1
29271 1
29272 1
29279 0
29280 0
29282 1
29284 0
29285 1
29288 1
29289 0
29291 1
29293 0
29300 0
29301 1
29304 0
29306 0
29308 1
29311 0
29314 0
29321 1
29323 1
29324 1
29327 1
29329 1
29331 1
29334 0
29335 1
29342 1
29343 1
29346 1
29347 1
29351 1
29354 1
29356 0
29357 1
29360 1
29362 1
29363 1
29364 1
29366 0
29372 1
29376 1
29379 0
29381 1
29383 1
29385 1
29386 1
29387 1
29390 1
29399 1
29400 1
29401 1
29404 1
29407 0
29408 1
29411 1
29412 0
29413 1
29414 1
29415 0
29418 0
29419 1
29420 1
29423 0
29424 1
29425 1
29426 0
29428 1
29431 1
29433 0
29437 1
29443 0
29444 0
29445 1
29446 1
29448 1
29450 1
29452 1
29455 1
29457 1
29459 0
29460 0
29463 0
29464 1
29474 0
29479 0
29481 1
29485 1
29487 1
29488 1
29492 0
29498 1
29499 1
29501 1
29503 1
29504 1
29505 1
28987 0
28989 1
28990 1
28991 0
28992 1
28993 0
28994 0
29000 0
29001 1
29005 1
29006 0
29009 1
29010 0
29012 1
29016 1
29018 1
29024 1
29025 0
29027 1
29028 1
29030 1
29032 1
29034 0
29035 1
29036 1
29038 1
29041 1
29043 0
29044 0
29045 1
29048 1
29049 0
29050 1
29055 1
29060 1
29061 0
29067 1
29069 1
29070 1
29074 1
29076 1
29079 1
29080 1
29083 0
29085 1
29087 1
29088 1
29089 1
29093 1
29094 1
29097 1
29098 1
29100 1
29101 1
29109 1
29113 1
29120 1
29121 0
29124 1
29127 1
29134 1
29141 1
29142 1
29146 1
29147 1
29148 1
29149 0
29150 1
29151 1
29152 1
29153 1
29155 1
29156 1
29157 1
29162 1
29165 1
29166 1
29169 1
29172 0
29175 1
29183 1
29185 0
29186 1
29187 0
29189 1
29191 1
29192 1
29193 1
29197 1
29204 1
29205 0
29208 1
29209 1
29210 1
29211 1
29215 1
29216 1
29217 1
29218 1
29219 1
29223 0
29224 0
29226 0
29230 1
29232 0
29234 0
29235 1
29238 1
29240 1
29242 1
29244 1
29245 0
28727 1
28729 1
28731 1
28732 1
28733 1
28734 1
28739 1
28741 1
28742 1
28743 1
28745 1
28746 1
28747 1
28748 1
28749 1
28756 1
28760 1
28762 1
28764 0
28766 1
28775 0
28778 0
28779 1
28780 1
28787 1
28795 1
28797 1
28800 1
28802 0
28803 0
28806 1
28807 1
28810 1
28814 1
28815 1
28816 1
28817 1
28819 0
28822 0
28823 0
28827 0
28830 1
28831 0
28834 1
28836 1
28837 0
28838 0
28843 1
28845 0
28848 0
28850 0
28854 1
28855 1
28857 1
28858 1
28861 0
28862 1
28869 1
28872 1
28874 1
28877 1
28880 1
28886 0
28888 1
28889 1
28891 0
28896 1
28897 1
28903 1
28906 1
28907 1
28908 0
28918 1
28925 1
28928 1
28929 1
28931 1
28934 1
28937 0
28944 1
28945 1
28948 1
28952 1
28956 0
28961 1
28965 0
28970 0
28972 1
28975 0
28976 1
28977 1
28978 1
28980 0
28982 1
28983 1
28984 1
28985 1
28470 0
28472 1
28474 1
28478 1
28481 1
28482 1
28484 1
28488 0
28489 1
28490 0
28494 1
28495 0
28499 1
28500 1
28501 0
28502 1
28503 1
28505 1
28506 1
28508 1
28509 0
28510 1
28513 1
28516 0
28518 1
28520 1
28521 0
28522 1
28524 1
28527 0
28528 1
28529 1
28532 0
28535 1
28536 1
28537 1
28538 1
28539 1
28542 1
28544 1
28545 1
28547 1
28549 0
28550 1
28551 0
28552 0
28564 1
28566 0
28567 1
28569 1
28572 1
28574 1
28580 1
28581 1
28584 1
28587 1
28590 1
28592 1
28594 1
28598 0
28600 1
28608 0
28613 1
28616 1
28617 1
28619 0
28625 1
28627 1
28632 1
28634 1
28636 0
28637 0
28639 0
28642 1
28643 1
28647 1
28648 1
28654 0
28655 1
28656 1
28657 0
28661 0
28662 0
28664 1
28665 0
28668 1
28671 1
28673 1
28675 0
28677 1
28679 1
28680 1
28681 1
28682 0
28685 1
28686 1
28689 1
28691 1
28694 0
28697 0
28699 1
28704 0
28707 1
28708 0
28709 0
28710 1
28711 1
28716 1
28718 1
28720 1
28724 1
28725 1
28726 1
28209 1
28210 0
28212 1
28213 1
28216 1
28217 1
28218 0
28220 1
28225 0
28227 1
28229 1
28232 1
28237 1
28241 1
28243 1
28244 1
28249 1
28253 0
28254 0
28255 1
28257 0
28259 1
28265 1
28268 1
28269 0
28271 0
28275 0
28276 1
28278 0
28279 1
28280 1
28284 0
28288 1
28290 1
28293 1
28294 1
28298 1
28299 1
28300 1
28302 1
28306 0
28307 1
28308 1
28310 1
28311 1
28312 1
28314 1
28315 1
28316 1
28317 1
28319 0
28321 1
28329 1
28331 1
28332 1
28333 0
28335 1
28338 0
28343 0
28345 0
28348 1
28351 1
28353 1
28354 1
28360 0
28362 0
28365 0
28366 1
28367 0
28369 1
28374 1
28375 1
28380 1
28381 1
28382 1
28384 1
28387 1
28389 1
28390 1
28391 0
28392 1
28394 0
28402 1
28403 1
28404 1
28405 1
28407 0
28413 0
28415 1
28417 0
28421 0
28423 1
28426 1
28427 1
28428 1
28429 1
28432 1
28434 1
28436 1
28437 1
28438 1
28439 1
28440 0
28442 1
28443 1
28447 1
28450 1
28451 0
28453 1
28455 1
28462 1
27945 1
27949 1
27950 0
27953 1
27956 1
27960 1
27964 1
27965 1
27967 1
27968 1
27971 1
27972 1
27973 1
27974 1
27979 1
27981 1
27983 1
27988 0
27989 1
27990 1
27991 0
27992 1
27996 1
28002 0
28003 1
28004 1
28006 1
28008 1
28011 0
28013 1
28018 1
28019 1
28022 1
28023 1
28024 1
28026 1
28027 1
28028 1
28029 0
28030 1
28031 0
28032 1
28033 1
28035 1
28036 1
28038 1
28042 1
28044 1
28045 1
28052 1
28058 1
28059 1
28062 1
28063 1
28064 1
28067 1
28068 1
28069 1
28075 1
28077 1
28080 1
28081 1
28082 1
28083 0
28087 1
28090 1
28091 1
28092 1
28093 1
28096 1
28100 1
28104 1
28105 1
28115 1
28117 1
28118 1
28123 1
28128 1
28135 1
28136 1
28137 1
28139 1
28140 0
28141 0
28142 1
28145 1
28151 1
28152 1
28153 0
28157 0
28160 1
28168 1
28169 1
28173 1
28177 1
28178 1
28179 1
28180 1
28182 1
28183 0
28184 1
28186 1
28188 1
28190 1
28193 1
28194 1
28195 1
28198 1
28201 1
28203 1
28206 1
27688 1
27689 1
27696 1
27697 0
27698 1
27702 0
27703 0
27704 1
27708 1
27709 1
27710 1
27714 1
27716 0
27717 1
27720 1
27721 1
27722 1
27724 1
27726 1
27727 0
27728 0
27729 0
27732 1
27734 0
27735 0
27736 0
27740 1
27742 1
27744 0
27746 1
27747 0
27749 0
27750 0
27756 1
27758 0
27759 1
27760 0
27761 1
27767 1
27768 1
27769 1
27772 1
27776 1
27779 1
27782 0
27783 1
27784 1
27786 0
27788 1
27789 1
27793 1
27794 1
27795 1
27796 1
27799 1
27801 1
27803 1
27804 1
27809 1
27810 0
27811 1
27813 1
27817 1
27823 1
27825 1
27827 0
27829 1
27832 0
27833 1
27835 1
27836 1
27842 0
27845 1
27849 1
27855 0
27856 0
27857 1
27859 1
27860 0
27864 1
27866 1
27867 1
27871 1
27872 1
27873 0
27875 1
27877 1
27880 1
27883 1
27884 1
27885 1
27886 0
27889 1
27890 1
27891 1
27892 0
27893 1
27899 0
27906 1
27909 1
27912 0
27914 1
27917 1
27919 0
27922 1
27928 1
27931 1
27932 1
27936 1
27938 1
27939 0
27941 0
27943 0
27426 1
27427 0
27438 1
27440 0
27441 0
27445 1
27447 1
27449 1
27456 1
27457 1
27459 1
27460 1
27462 0
27464 1
27467 1
27470 1
27474 0
27475 1
27480 1
27488 1
27489 0
27490 1
27492 0
27493 1
27496 1
27498 0
27499 1
27500 0
27502 1
27504 1
27505 1
27506 1
27509 0
27516 0
27517 1
27518 0
27526 0
27527 1
27528 1
27531 0
27532 1
27533 1
27534 1
27535 1
27537 1
27543 0
27548 1
27550 1
27552 0
27556 1
27557 1
27563 1
27566 1
27570 1
27572 1
27580 1
27582 1
27583 1
27584 1
27585 1
27593 1
27596 1
27597 1
27605 0
27607 0
27611 1
27613 1
27618 0
27622 1
27625 1
27628 1
27632 1
27636 0
27637 1
27638 0
27639 1
27641 0
27643 1
27644 1
27651 1
27657 1
27663 1
27665 1
27666 1
27669 1
27670 1
27671 1
27672 1
27674 1
27679 1
27681 1
27167 1
27168 1
27171 1
27173 0
27174 0
27177 1
27180 1
27181 1
27182 1
27186 0
27188 1
27194 1
27200 1
27201 0
27202 1
27207 1
27208 1
27210 0
27211 1
27212 0
27213 0
27217 0
27219 0
27223 1
27230 1
27232 1
27233 0
27234 0
27235 1
27236 1
27237 1
27240 1
27246 1
27247 1
27249 0
27250 0
27259 1
27260 1
27264 1
27265 0
27275 0
27279 1
27284 1
27290 1
27295 1
27296 0
27300 0
27301 1
27303 1
27305 0
27307 0
27308 1
27314 1
27316 1
27317 0
27318 1
27319 1
27320 1
27323 1
27332 1
27334 1
27338 0
27339 1
27340 1
27341 1
27342 1
27345 0
27348 0
27349 1
27351 1
27353 0
27354 1
27359 0
27363 0
27365 1
27368 1
27369 1
27372 1
27378 0
27380 1
27381 0
27384 0
27386 1
27389 0
27392 1
27393 1
27394 1
27397 1
27398 1
27404 1
27406 1
27408 1
27410 0
27411 1
27413 1
27415 1
27416 1
27419 1
27422 1
27425 1
26903 1
26904 1
26909 1
26912 0
26914 1
26918 0
26921 1
26922 0
26929 0
26931 1
26932 0
26934 1
26935 0
26937 0
26938 1
26942 1
26943 0
26945 0
26947 1
26953 0
26954 1
26956 1
26959 0
26966 0
26969 0
26973 1
26974 0
26977 1
26978 1
26980 1
26984 0
26986 1
26989 0
26990 1
26992 1
26993 1
26995 1
26996 0
27000 1
27001 0
27003 1
27004 1
27005 1
27013 1
27017 0
27019 1
27024 1
27026 0
27027 1
27032 1
27036 1
27037 1
27039 1
27042 1
27043 1
27044 1
27047 1
27050 0
27051 1
27053 1
27055 1
27058 1
27061 0
27065 1
27067 1
27069 1
27074 0
27075 1
27078 0
27081 0
27083 0
27084 1
27086 1
27087 1
27088 1
27091 1
27092 1
27098 1
27099 1
27101 0
27104 1
27110 0
27112 1
27114 0
27115 1
27118 0
27122 0
27123 1
27126 1
27129 1
27130 0
27131 0
27133 0
27135 1
27137 1
27138 1
27142 0
27145 1
27147 1
27148 1
27149 1
27150 0
27151 1
27153 1
27158 1
27160 1
27163 1
27164 0
27166 0
26644 1
26645 1
26648 1
26649 1
26650 0
26652 1
26654 1
26657 1
26662 1
26671 1
26674 1
26678 1
26679 0
26682 0
26684 1
26686 1
26689 1
26690 1
26692 1
26700 1
26702 1
26704 1
26707 1
26711 1
26712 0
26714 1
26715 0
26718 1
26727 1
26728 0
26730 0
26734 0
26740 1
26741 1
26743 1
26747 1
26749 1
26750 1
26751 1
26752 1
26756 0
26758 1
26765 0
26768 1
26770 1
26772 1
26773 1
26774 0
26775 1
26778 1
26779 1
26783 0
26784 0
26786 1
26789 1
26793 1
26794 0
26795 1
26799 0
26800 1
26802 1
26806 1
26808 0
26809 1
26810 1
26811 0
26813 0
26815 1
26818 0
26819 0
26820 0
26823 1
26825 1
26827 1
26833 1
26835 0
26836 1
26837 0
26840 0
26841 0
26843 1
26844 1
26846 0
26849 1
26850 1
26852 0
26857 1
26858 1
26864 1
26865 0
26867 1
26869 1
26870 1
26872 1
26875 0
26878 1
26880 1
26881 1
26883 1
26884 1
26886 1
26889 1
26891 0
26896 0
26897 1
26898 1
26902 0
26398 0
26400 1
26402 1
26403 1
26411 0
26413 1
26416 1
26418 1
26419 1
26422 1
26423 0
26425 1
26427 0
26429 1
26430 0
26431 1
26433 1
26434 1
26436 1
26438 0
26441 0
26442 0
26446 1
26450 1
26455 0
26456 1
26457 0
26458 1
26460 1
26461 1
26464 0
26465 0
26466 1
26467 1
26468 0
26474 1
26475 0
26478 1
26479 0
26481 1
26489 1
26491 0
26495 0
26499 1
26501 0
26503 1
26505 1
26507 1
26510 1
26513 1
26516 1
26519 1
26521 0
26522 0
26523 1
26533 1
26539 0
26540 0
26541 1
26542 1
26543 0
26544 1
26545 1
26546 1
26547 1
26548 1
26554 1
26557 1
26559 0
26564 1
26565 1
26566 1
26568 1
26569 1
26583 1
26584 1
26586 1
26588 0
26594 1
26595 0
26600 1
26602 1
26604 0
26607 1
26611 0
26615 0
26616 1
26621 0
26631 0
26633 1
26635 0
26637 0
26639 1
26640 0
26642 1
26643 0
26131 1
26132 1
26135 1
26138 1
26146 1
26149 1
26150 0
26151 1
26154 1
26155 0
26157 0
26158 0
26159 1
26160 0
26166 1
26171 1
26173 0
26174 1
26177 1
26180 0
26181 1
26182 0
26183 0
26185 1
26186 0
26190 0
26193 1
26194 1
26197 1
26199 1
26201 1
26202 0
26203 1
26204 0
26205 1
26206 1
26212 1
26214 1
26216 0
26217 0
26218 1
26222 1
26224 1
26226 1
26229 0
26230 1
26233 1
26236 0
26241 1
26243 0
26244 1
26247 1
26248 1
26249 0
26254 0
26256 1
26258 1
26260 0
26261 0
26268 1
26270 0
26272 0
26273 1
26278 1
26279 1
26283 1
26286 1
26289 1
26290 1
26293 0
26294 1
26295 1
26296 0
26297 1
26299 1
26303 0
26305 1
26307 0
26308 1
26309 1
26312 1
26317 1
26319 1
26323 1
26329 1
26330 0
26333 1
26334 1
26336 0
26337 0
26338 1
26339 1
26343 0
26344 1
26345 0
26346 0
26350 1
26351 1
26354 0
26357 1
26362 1
26363 0
26364 1
26365 0
26377 0
26382 1
25866 1
25870 0
25874 0
25877 1
25879 0
25882 1
25885 1
25891 1
25894 1
25897 1
25898 1
25902 0
25904 1
25906 1
25910 1
25911 1
25915 0
25920 1
25921 1
25926 1
25931 1
25940 1
25942 0
25945 1
25946 1
25947 1
25956 1
25958 1
25959 1
25960 1
25961 1
25963 0
25965 0
25968 1
25969 0
25972 1
25973 1
25974 1
25976 1
25977 1
25981 1
25982 0
25985 1
25987 1
25989 0
25990 1
25992 1
25993 1
25994 1
25998 0
25999 0
26005 1
26006 1
26011 1
26012 0
26014 0
26016 1
26020 1
26023 1
26025 1
26028 1
26031 1
26032 0
26033 0
26035 1
26037 0
26040 1
26049 1
26050 1
26052 1
26058 0
26060 1
26062 1
26063 1
26064 1
26065 1
26071 1
26074 1
26076 0
26080 1
26081 0
26082 1
26083 0
26084 1
26087 1
26088 0
26099 1
26103 1
26108 1
26109 0
26110 1
26111 1
26113 1
26114 1
26115 1
26116 1
26117 1
26121 0
26123 1
26125 1
26126 1
25607 0
25612 1
25613 0
25614 1
25616 1
25618 1
25621 1
25622 0
25623 1
25624 1
25630 1
25637 0
25639 1
25642 0
25643 0
25644 0
25646 1
25647 1
25649 1
25650 1
25656 0
25661 1
25662 1
25664 1
25665 1
25669 1
25673 1
25674 1
25675 1
25684 1
25685 0
25689 1
25691 1
25695 1
25698 1
25700 1
25701 0
25708 1
25709 0
25712 1
25716 1
25717 0
25719 1
25720 1
25723 0
25728 1
25731 1
25734 1
25737 1
25739 1
25744 0
25745 0
25749 1
25751 1
25753 1
25756 1
25758 1
25759 1
25760 1
25763 1
25769 1
25773 1
25774 1
25778 1
25780 1
25787 0
25788 1
25790 1
25794 1
25801 1
25805 1
25806 1
25808 0
25809 0
25814 0
25815 1
25816 1
25818 1
25821 1
25822 1
25826 1
25829 1
25830 1
25836 1
25837 1
25838 0
25839 1
25840 0
25842 1
25843 1
25845 1
25846 1
25848 1
25854 1
25857 1
25858 1
25860 0
25346 1
25347 1
25353 0
25354 1
25358 1
25359 0
25360 0
25361 1
25363 1
25364 0
25369 1
25370 1
25371 1
25372 1
25373 0
25375 1
25379 1
25381 1
25385 1
25388 1
25393 1
25394 1
25399 1
25401 1
25402 1
25403 0
25404 1
25406 1
25408 1
25410 1
25417 1
25418 1
25422 1
25427 1
25428 1
25430 1
25433 1
25435 1
25436 1
25438 0
25445 1
25446 1
25448 1
25449 1
25451 1
25454 1
25457 1
25462 1
25467 1
25468 0
25469 1
25470 1
25473 1
25476 1
25479 0
25482 0
25484 1
25489 1
25493 1
25494 0
25495 1
25496 1
25497 0
25498 1
25499 1
25501 1
25507 1
25509 1
25510 0
25511 1
25512 1
25513 1
25514 1
25515 0
25516 1
25520 1
25523 1
25524 0
25525 1
25529 0
25532 1
25534 1
25535 1
25538 1
25539 0
25540 1
25541 1
25542 0
25544 1
25546 0
25550 1
25554 1
25555 1
25556 1
25558 0
25559 1
25561 1
25562 1
25563 0
25565 1
25569 1
25576 1
25579 1
25588 0
25593 0
25595 1
25596 1
25597 1
25598 1
25601 1
25602 0
25089 1
25093 0
25095 1
25096 1
25098 0
25102 1
25104 0
25106 0
25111 1
25112 1
25116 1
25122 1
25127 1
25129 1
25130 1
25131 1
25132 1
25136 1
25137 1
25138 1
25145 1
25146 1
25147 1
25151 0
25153 0
25160 1
25161 1
25163 0
25164 0
25166 0
25167 1
25168 0
25169 1
25170 1
25171 1
25172 1
25173 1
25174 1
25178 1
25180 0
25184 0
25186 1
25189 1
25194 1
25205 1
25208 1
25212 1
25213 1
25215 1
25216 1
25220 1
25223 1
25224 1
25225 1
25226 1
25227 0
25228 1
25231 0
25232 1
25234 1
25235 0
25236 1
25238 1
25241 1
25242 1
25243 0
25247 0
25253 1
25255 0
25257 0
25263 0
25264 1
25266 1
25267 1
25269 1
25271 1
25274 0
25281 1
25282 1
25283 0
25284 1
25286 1
25287 1
25290 1
25292 1
25293 1
25295 0
25296 1
25297 1
25302 1
25305 1
25306 1
25307 1
25309 0
25310 1
25312 1
25313 1
25315 1
25317 0
25320 0
25321 1
25326 1
25327 1
25329 0
25332 0
25333 1
25335 1
25338 1
25341 1
25344 1
25345 1
24826 1
24827 1
24828 0
24831 1
24835 1
24838 1
24839 1
24843 1
24844 1
24845 1
24846 1
24851 1
24854 1
24856 0
24858 1
24859 1
24863 1
24864 1
24867 0
24868 1
24870 1
24872 0
24874 1
24877 1
24880 1
24881 0
24883 1
24884 1
24885 1
24886 1
24888 1
24890 1
24892 1
24893 0
24895 0
24896 1
24898 1
24900 1
24903 1
24905 1
24906 1
24908 0
24909 0
24910 1
24911 1
24914 1
24915 1
24917 0
24921 1
24922 1
24923 1
24927 1
24936 1
24938 1
24941 1
24942 1
24943 1
24947 1
24948 0
24950 1
24952 1
24955 1
24958 1
24960 1
24961 1
24965 1
24968 0
24970 1
24974 1
24975 1
24977 1
24978 1
24982 1
24983 1
24984 1
24985 1
24988 0
24990 1
24994 1
24995 1
24997 0
25004 1
25005 0
25008 1
25009 1
25012 1
25015 1
25016 0
25018 0
25019 1
25028 1
25029 1
25033 1
25034 1
25035 1
25036 1
25038 1
25039 0
25040 1
25044 1
25046 1
25047 0
25048 0
25052 0
25053 1
25058 1
25062 1
25066 1
25068 1
25070 1
25076 1
25077 1
25078 1
25080 1
25081 1
25083 1
24566 1
24576 0
24578 1
24579 1
24582 0
24583 1
24589 1
24590 0
24593 1
24594 1
24596 1
24599 0
24600 1
24602 0
24605 1
24606 1
24607 0
24608 1
24610 1
24611 1
24612 1
24615 0
24616 1
24618 1
24621 0
24627 1
24630 1
24631 1
24633 1
24634 1
24640 0
24641 1
24645 1
24648 1
24650 1
24652 0
24653 1
24655 1
24657 1
24658 0
24660 1
24666 0
24673 0
24674 1
24676 1
24678 0
24679 1
24685 0
24687 1
24688 0
24690 0
24692 1
24696 1
24698 1
24700 1
24702 1
24705 1
24717 1
24721 1
24722 1
24723 1
24726 1
24727 0
24729 1
24731 1
24732 1
24734 1
24736 0
24738 1
24739 1
24745 0
24748 0
24753 1
24759 1
24760 0
24770 1
24775 1
24776 1
24780 1
24785 0
24787 1
24790 0
24794 0
24798 0
24799 1
24806 1
24811 1
24816 1
24817 0
24820 1
24825 1
24305 1
24306 1
24310 1
24314 1
24315 1
24323 1
24325 0
24327 1
24330 1
24331 1
24332 1
24334 1
24335 1
24337 1
24338 0
24340 1
24345 1
24346 0
24348 1
24349 0
24350 0
24352 1
24355 1
24358 1
24362 1
24363 1
24364 0
24365 1
24366 1
24367 1
24369 0
24373 1
24375 0
24376 1
24379 1
24380 0
24384 1
24385 1
24389 1
24390 1
24391 1
24392 1
24393 1
24396 1
24398 1
24400 1
24404 0
24405 1
24407 1
24409 1
24410 1
24415 0
24416 0
24422 1
24423 0
24427 1
24431 1
24433 1
24434 1
24439 1
24441 0
24442 1
24448 1
24451 1
24454 0
24456 1
24461 0
24466 0
24472 1
24473 1
24474 1
24475 1
24476 1
24477 1
24481 1
24484 1
24489 1
24492 0
24493 0
24495 1
24496 0
24500 1
24502 1
24506 1
24513 0
24521 1
24522 0
24523 0
24527 1
24528 0
24531 0
24533 1
24537 0
24542 1
24543 0
24547 1
24551 1
24553 1
24556 1
24558 0
24559 1
24564 1
24044 0
24048 1
24049 1
24050 1
24051 1
24054 1
24055 1
24062 1
24063 1
24064 1
24066 0
24068 1
24069 1
24070 0
24071 1
24074 1
24075 1
24077 1
24081 1
24084 1
24087 1
24089 1
24090 0
24095 1
24101 1
24103 0
24105 0
24106 1
24109 1
24110 0
24111 0
24112 1
24113 1
24115 1
24116 1
24118 1
24121 1
24124 0
24127 1
24129 1
24131 0
24134 1
24136 1
24138 1
24140 1
24141 0
24143 1
24144 0
24148 1
24149 1
24154 1
24160 1
24162 0
24163 1
24172 1
24173 1
24175 0
24177 1
24180 1
24183 1
24185 1
24186 0
24187 1
24188 1
24191 1
24193 0
24194 1
24198 1
24201 0
24204 1
24206 0
24212 0
24213 1
24214 1
24215 1
24217 0
24219 1
24222 0
24226 1
24229 1
24230 0
24231 1
24232 1
24234 1
24238 0
24239 1
24242 1
24243 1
24245 1
24249 1
24252 0
24253 1
24254 1
24255 1
24256 1
24258 1
24259 1
24261 1
24262 1
24265 1
24266 1
24268 1
24269 1
24270 1
24271 1
24273 1
24275 1
24276 1
24277 1
24278 0
24279 1
24281 1
24282 0
24284 1
24285 1
24288 1
24291 1
24299 1
24300 1
24303 0
23782 1
23790 1
23791 1
23799 1
23803 0
23806 0
23812 1
23819 1
23822 1
23824 0
23825 1
23834 0
23835 0
23836 1
23843 1
23844 1
23845 1
23846 1
23848 0
23849 1
23850 1
23853 1
23862 0
23867 0
23869 1
23871 1
23873 1
23874 1
23877 1
23878 0
23887 1
23892 1
23894 0
23897 0
23898 1
23901 0
23902 1
23904 0
23911 1
23921 1
23922 1
23924 0
23926 1
23928 0
23931 0
23932 0
23939 1
23940 0
23945 0
23953 1
23960 1
23961 1
23963 1
23964 1
23966 0
23968 1
23969 1
23971 1
23975 1
23976 0
23978 1
23979 1
23980 1
23982 0
23985 0
23987 1
23988 1
23989 1
23995 1
23997 1
23999 1
24000 1
24001 0
24011 0
24013 1
24014 0
24017 1
24019 1
24020 1
24023 1
24026 1
24027 0
24029 1
24036 0
24041 1
23521 1
23522 1
23526 0
23527 1
23530 1
23536 1
23538 1
23539 1
23540 1
23542 1
23547 1
23548 1
23550 1
23554 0
23555 1
23565 1
23570 1
23571 1
23574 1
23578 1
23579 1
23582 1
23583 0
23585 1
23586 1
23588 1
23593 1
23594 0
23595 0
23603 1
23613 1
23615 0
23617 1
23625 1
23626 0
23630 0
23638 0
23640 1
23643 1
23646 0
23648 1
23651 1
23653 1
23656 1
23657 1
23662 0
23666 1
23667 0
23668 0
23670 0
23671 1
23672 0
23673 1
23674 1
23675 0
23678 1
23680 1
23687 1
23689 0
23690 1
23692 1
23693 0
23694 1
23704 1
23706 1
23707 0
23708 0
23712 0
23715 0
23719 1
23721 0
23722 0
23723 0
23724 1
23727 1
23728 0
23729 1
23730 1
23732 1
23734 1
23737 1
23738 1
23739 1
23741 1
23747 0
23749 1
23750 1
23751 1
23755 1
23757 1
23762 1
23765 0
23769 0
23770 1
23771 1
23772 0
23773 0
23774 1
23776 1
23777 0
23781 1
23257 1
23258 1
23263 1
23265 1
23266 0
23270 0
23273 1
23275 0
23276 0
23278 1
23280 0
23283 0
23291 1
23296 1
23299 1
23301 1
23302 1
23304 1
23305 1
23309 1
23310 1
23318 1
23322 1
23325 1
23329 1
23330 1
23331 1
23332 1
23333 1
23336 1
23337 1
23339 1
23340 1
23341 1
23346 1
23347 0
23349 1
23351 1
23357 1
23359 0
23360 1
23361 1
23362 1
23365 1
23368 1
23370 1
23373 1
23375 1
23379 1
23384 1
23385 1
23387 1
23388 1
23389 1
23390 1
23393 1
23395 0
23403 1
23404 1
23405 1
23407 0
23410 1
23412 1
23415 1
23418 0
23420 1
23424 1
23425 1
23426 1
23429 1
23430 1
23432 1
23433 1
23436 0
23439 0
23447 1
23448 1
23449 1
23451 1
23452 0
23456 0
23457 1
23458 0
23460 0
23461 1
23464 1
23467 0
23470 1
23471 1
23474 1
23476 1
23477 1
23479 0
23481 0
23484 0
23486 1
23487 1
23488 1
23489 1
23491 0
23494 0
23495 1
23496 1
23497 1
23498 1
23499 1
23500 1
23501 0
23503 0
23000 0
23004 0
23010 1
23011 0
23015 0
23017 1
23021 1
23029 0
23031 0
23033 0
23036 1
23038 1
23039 0
23041 1
23043 1
23045 1
23046 1
23052 1
23053 1
23056 1
23057 0
23058 1
23060 1
23062 1
23064 0
23065 1
23068 1
23072 1
23074 1
23075 0
23076 0
23085 1
23088 1
23093 1
23094 1
23096 1
23097 0
23098 1
23105 1
23107 1
23108 0
23117 0
23125 1
23127 1
23133 0
23135 0
23136 1
23137 1
23138 1
23139 1
23140 1
23143 1
23146 1
23150 1
23151 1
23152 1
23153 0
23155 1
23162 1
23163 0
23164 1
23169 1
23170 1
23176 1
23178 1
23181 1
23184 1
23186 1
23188 0
23191 0
23192 1
23193 1
23195 1
23199 0
23202 1
23204 1
23205 1
23206 0
23207 1
23209 1
23211 1
23212 1
23215 1
23221 0
23222 1
23224 1
23226 1
23229 0
23231 1
23232 0
23233 1
23234 1
23238 1
23241 0
23242 0
23243 1
23244 0
23246 1
23253 1
23255 1
22741 1
22743 0
22744 1
22746 0
22747 1
22748 1
22750 1
22751 1
22753 1
22756 1
22760 0
22761 1
22763 1
22765 0
22767 0
22771 1
22774 0
22777 1
22778 1
22779 1
22781 1
22782 1
22783 0
22784 1
22785 1
22787 1
22788 1
22791 1
22794 1
22795 1
22798 0
22799 1
22800 0
22803 1
22805 1
22807 0
22808 1
22809 1
22810 1
22812 0
22813 1
22818 1
22819 1
22820 1
22824 1
22829 1
22830 1
22833 0
22834 0
22837 0
22842 1
22843 1
22847 1
22852 0
22854 1
22856 1
22859 1
22860 0
22862 1
22867 1
22870 1
22871 1
22873 1
22875 1
22877 0
22879 0
22884 1
22886 1
22899 1
22900 1
22901 1
22902 1
22904 0
22905 0
22906 1
22908 1
22913 1
22914 1
22915 0
22918 1
22920 1
22923 1
22929 1
22933 1
22936 1
22938 1
22941 1
22942 1
22943 0
22945 0
22946 0
22949 0
22950 1
22951 0
22952 1
22954 0
22957 0
22958 1
22959 1
22962 1
22964 0
22965 1
22970 1
22971 0
22973 0
22975 1
22977 1
22980 0
22981 1
22982 0
22986 0
22987 1
22990 1
22479 1
22480 1
22481 0
22492 0
22493 1
22496 1
22498 1
22500 1
22501 0
22502 0
22510 1
22512 1
22515 1
22516 1
22519 1
22521 0
22522 1
22525 0
22527 1
22528 0
22530 0
22531 0
22534 0
22538 1
22539 1
22558 1
22560 1
22564 0
22565 1
22569 1
22576 1
22579 1
22580 0
22581 0
22583 1
22584 0
22587 1
22595 1
22597 1
22598 1
22601 0
22602 0
22606 0
22608 0
22611 1
22612 1
22616 1
22620 1
22623 1
22624 1
22625 1
22627 1
22628 0
22642 0
22648 1
22649 0
22652 0
22653 1
22654 0
22656 1
22658 0
22661 1
22662 1
22665 0
22666 0
22676 1
22677 1
22680 0
22681 1
22682 1
22685 1
22686 1
22689 1
22696 1
22698 1
22699 0
22705 1
22711 1
22712 1
22715 1
22716 0
22717 1
22720 1
22721 1
22726 0
22727 1
22728 1
22730 1
22735 1
22738 1
22221 0
22223 1
22227 0
22228 1
22233 1
22234 1
22236 1
22239 1
22241 1
22243 1
22248 1
22251 0
22252 1
22254 0
22255 1
22257 1
22258 1
22259 1
22263 1
22264 1
22268 1
22274 0
22275 1
22282 0
22285 1
22287 1
22288 1
22292 1
22299 1
22301 1
22313 1
22320 1
22321 1
22323 1
22324 1
22327 1
22329 1
22333 1
22334 1
22336 0
22337 1
22340 1
22343 1
22345 0
22346 1
22347 0
22356 1
22358 1
22360 1
22361 1
22363 0
22364 1
22365 1
22369 1
22370 1
22373 1
22374 0
22376 1
22377 1
22380 1
22381 1
22383 1
22389 1
22390 1
22391 0
22393 0
22395 0
22403 1
22404 0
22405 1
22406 1
22407 1
22410 1
22421 1
22422 0
22423 0
22429 1
22433 1
22437 1
22441 1
22442 1
22443 1
22445 1
22451 1
22455 1
22457 0
22465 1
22466 1
22469 0
22471 1
22472 1
22476 1
22477 0
21958 1
21959 0
21962 1
21966 1
21974 1
21979 1
21985 1
21987 1
21989 1
21990 1
21996 0
21998 0
21999 0
22000 1
22001 1
22002 0
22005 1
22006 1
22020 1
22024 1
22025 1
22026 1
22031 1
22032 1
22033 0
22037 1
22041 1
22043 0
22044 1
22045 0
22052 0
22053 1
22054 1
22055 1
22059 1
22064 0
22067 0
22069 0
22073 1
22076 1
22078 1
22082 0
22083 1
22086 1
22087 0
22088 1
22089 0
22091 0
22094 0
22095 1
22096 1
22097 1
22108 1
22110 1
22111 1
22118 1
22120 1
22121 1
22123 1
22125 1
22128 1
22129 1
22136 1
22137 1
22138 1
22139 1
22140 1
22141 1
22143 1
22145 1
22146 1
22150 1
22153 1
22154 1
22156 1
22162 1
22164 1
22173 1
22174 1
22176 1
22177 0
22178 1
22179 1
22180 0
22183 1
22184 1
22186 1
22187 1
22190 0
22194 1
22195 1
22196 1
22202 1
22203 1
22204 1
22205 1
22209 0
22212 1
22213 1
22215 0
21696 1
21698 1
21701 1
21705 0
21711 0
21712 0
21715 1
21719 1
21720 1
21722 0
21723 0
21724 0
21725 1
21729 0
21731 0
21732 0
21736 1
21747 1
21749 0
21750 1
21754 1
21757 0
21758 1
21759 1
21760 1
21761 0
21762 0
21767 1
21769 1
21770 1
21772 0
21773 1
21774 1
21776 1
21777 1
21782 1
21784 0
21785 1
21786 1
21790 0
21791 1
21793 1
21794 1
21795 1
21796 1
21797 0
21802 0
21805 1
21807 1
21808 1
21810 1
21815 1
21819 1
21824 0
21825 1
21830 1
21831 1
21833 1
21835 1
21836 1
21837 0
21840 1
21842 1
21843 0
21844 1
21845 0
21846 0
21847 1
21849 0
21851 1
21852 1
21854 1
21855 1
21857 0
21861 1
21862 0
21863 0
21865 0
21866 1
21869 1
21870 0
21871 1
21872 1
21878 1
21881 0
21882 1
21884 1
21885 0
21886 1
21889 0
21891 0
21897 0
21899 1
21902 1
21905 1
21907 0
21908 1
21909 1
21912 0
21913 1
21914 0
21915 0
21919 1
21920 1
21925 0
21926 1
21927 0
21928 1
21929 1
21930 1
21932 1
21933 0
21934 0
21937 0
21938 0
21941 0
21945 1
21950 1
21437 1
21441 0
21443 1
21444 1
21445 1
21446 1
21450 1
21454 1
21456 1
21459 0
21466 1
21470 1
21471 1
21481 1
21482 1
21483 0
21484 1
21494 0
21498 1
21502 1
21503 0
21504 1
21506 1
21507 1
21508 1
21510 1
21512 1
21513 0
21520 1
21525 1
21526 1
21528 1
21540 1
21542 1
21544 0
21551 1
21554 1
21557 1
21559 0
21564 1
21568 1
21570 1
21571 1
21572 0
21576 0
21583 1
21585 0
21586 1
21589 0
21591 1
21593 0
21595 1
21599 0
21602 1
21613 1
21616 1
21620 1
21621 1
21622 0
21623 1
21625 0
21629 1
21630 0
21631 1
21634 1
21638 1
21640 1
21641 1
21642 1
21643 0
21644 1
21645 1
21646 1
21648 0
21652 1
21653 1
21658 1
21662 1
21664 1
21665 1
21667 1
21673 1
21675 1
21676 0
21681 1
21688 1
21689 0
21691 1
21692 1
21694 1
21172 1
21175 1
21176 1
21177 0
21180 1
21184 1
21185 0
21194 1
21196 1
21200 1
21202 1
21204 0
21205 0
21206 0
21208 1
21209 0
21211 1
21213 1
21214 1
21215 0
21221 0
21227 1
21228 1
21231 0
21232 1
21234 0
21235 0
21236 1
21239 1
21243 1
21246 1
21250 0
21253 1
21255 1
21260 1
21262 0
21264 1
21268 1
21269 0
21274 0
21276 0
21280 1
21283 1
21286 1
21288 0
21289 1
21291 1
21292 0
21293 1
21295 1
21296 1
21297 1
21298 1
21300 1
21301 0
21303 0
21304 1
21307 0
21308 1
21313 0
21315 1
21316 1
21317 1
21319 1
21320 1
21321 1
21324 0
21325 1
21329 1
21331 0
21332 0
21333 1
21334 1
21335 1
21337 1
21338 1
21339 1
21340 1
21341 1
21343 1
21346 1
21347 1
21350 1
21351 1
21354 1
21356 0
21358 1
21359 1
21362 0
21365 0
21367 1
21369 1
21372 1
21379 0
21384 1
21389 1
21393 1
21394 1
21395 1
21398 0
21402 1
21406 0
21407 1
21408 1
21411 1
21412 1
21414 1
21415 0
21416 1
21422 1
21424 1
21426 1
21431 0
20918 1
20921 1
20922 0
20925 1
20926 1
20927 0
20933 1
20935 1
20937 1
20938 0
20939 1
20940 0
20941 0
20943 1
20945 1
20949 1
20950 0
20953 0
20955 0
20957 1
20961 0
20962 1
20963 1
20964 1
20965 1
20966 1
20968 1
20970 1
20971 0
20974 1
20978 0
20981 1
20985 1
20986 1
20991 1
20998 1
21001 1
21002 0
21005 0
21006 1
21010 1
21012 1
21018 0
21020 1
21024 0
21028 0
21031 0
21035 1
21037 1
21040 1
21042 0
21054 1
21055 1
21058 0
21062 1
21066 0
21069 0
21071 1
21075 1
21076 1
21078 1
21080 1
21081 1
21082 0
21088 1
21092 0
21094 0
21095 0
21098 1
21103 1
21106 1
21110 0
21111 1
21113 1
21115 0
21116 1
21117 0
21118 1
21121 0
21124 1
21126 0
21127 1
21129 0
21131 1
21132 1
21135 0
21138 1
21140 1
21144 1
21152 1
21153 1
21156 1
21158 1
21159 1
21160 0
21163 1
21164 1
21165 1
21166 1
21170 1
21171 0
20651 1
20652 0
20654 1
20657 1
20660 0
20662 1
20663 1
20664 1
20670 1
20672 1
20676 0
20678 1
20679 1
20680 1
20681 1
20682 1
20688 1
20689 1
20692 1
20693 1
20694 0
20696 1
20699 1
20700 0
20702 1
20704 0
20706 0
20713 1
20714 1
20715 1
20716 1
20718 1
20719 1
20722 0
20728 0
20730 1
20733 1
20734 1
20736 0
20737 1
20739 0
20741 1
20743 1
20744 1
20749 1
20752 0
20753 1
20754 1
20756 1
20759 1
20761 1
20762 1
20764 0
20765 1
20766 1
20769 1
20771 1
20772 0
20777 1
20778 0
20785 0
20786 0
20787 1
20788 1
20790 0
20791 0
20795 0
20798 1
20802 1
20803 1
20804 1
20805 1
20806 0
20809 1
20810 1
20812 1
20817 0
20818 0
20819 0
20820 0
20821 1
20824 1
20826 0
20827 1
20828 1
20833 1
20836 1
20837 0
20838 0
20840 1
20842 1
20843 1
20845 1
20846 1
20849 0
20852 1
20853 0
20854 1
20865 1
20866 1
20867 0
20869 0
20872 1
20873 1
20874 0
20878 1
20883 1
20885 1
20894 1
20895 1
20903 1
20906 0
20910 1
20911 0
20913 1
20392 1
20393 0
20394 1
20396 1
20397 0
20402 1
20404 1
20414 1
20416 1
20419 1
20420 1
20422 1
20424 1
20427 0
20432 1
20434 1
20437 1
20438 1
20442 1
20443 1
20444 0
20446 1
20448 1
20449 1
20451 0
20455 1
20458 0
20462 1
20463 1
20465 1
20467 0
20468 1
20470 1
20473 0
20476 1
20477 1
20482 1
20483 1
20488 1
20491 0
20495 1
20496 1
20498 1
20499 0
20500 1
20502 1
20504 1
20505 1
20506 0
20508 1
20515 0
20517 1
20518 1
20519 1
20520 0
20521 1
20523 0
20530 1
20535 1
20537 0
20541 0
20542 0
20546 0
20550 1
20551 0
20555 1
20556 0
20562 1
20565 0
20566 1
20568 1
20570 1
20575 1
20578 0
20583 1
20584 1
20586 0
20595 1
20596 1
20602 1
20604 1
20607 1
20612 1
20613 0
20615 0
20617 1
20619 1
20620 0
20623 1
20624 1
20625 1
20628 1
20633 1
20634 1
20641 1
20643 0
20645 1
20646 1
20647 0
20649 0
20132 1
20136 0
20137 1
20139 1
20141 1
20142 1
20144 0
20145 1
20149 1
20150 1
20153 1
20155 1
20156 0
20160 1
20166 0
20167 1
20173 0
20174 1
20181 1
20182 1
20183 1
20191 0
20192 1
20194 1
20196 1
20204 1
20205 1
20207 1
20209 1
20210 1
20211 1
20217 1
20220 1
20221 1
20223 1
20224 1
20227 1
20232 1
20239 0
20241 0
20245 0
20246 1
20249 1
20252 1
20256 1
20258 1
20259 1
20261 1
20263 1
20264 1
20266 1
20267 0
20268 1
20276 0
20278 1
20279 1
20280 1
20283 0
20288 1
20291 1
20294 0
20296 1
20300 1
20301 1
20305 0
20307 1
20314 1
20318 0
20321 0
20325 1
20329 1
20330 0
20331 1
20335 1
20336 1
20337 1
20339 0
20341 1
20344 1
20347 1
20348 1
20352 0
20354 1
20357 0
20358 1
20359 0
20363 1
20365 1
20366 1
20367 0
20368 0
20369 0
20372 0
20373 1
20377 0
20381 0
20385 0
20386 1
20388 0
20391 0
19874 0
19875 1
19877 1
19879 1
19881 0
19883 1
19884 1
19888 1
19891 0
19894 1
19895 1
19896 1
19897 1
19899 0
19900 0
19904 1
19905 1
19908 1
19909 1
19910 1
19912 1
19914 1
19917 1
19918 1
19919 1
19922 1
19925 1
19929 1
19934 1
19939 1
19940 0
19946 1
19949 1
19950 1
19952 1
19955 1
19957 0
19960 1
19964 1
19968 1
19970 1
19978 0
19979 1
19980 1
19981 1
19985 1
19987 1
19991 1
19992 0
19995 0
19997 1
19998 1
20002 1
20005 1
20008 1
20009 0
20010 1
20013 1
20015 0
20021 1
20023 1
20038 1
20042 0
20044 1
20045 0
20049 0
20050 1
20056 1
20058 0
20059 1
20064 1
20070 0
20071 0
20075 1
20079 1
20081 1
20082 1
20083 1
20086 1
20088 1
20090 0
20095 1
20097 1
20098 1
20100 1
20102 1
20103 1
20104 1
20114 1
20115 0
20117 1
20120 0
20121 1
20125 1
20126 1
20127 0
20129 1
19610 0
19611 1
19612 0
19620 1
19621 1
19624 1
19625 1
19628 0
19629 0
19631 0
19634 1
19636 1
19644 0
19649 1
19650 1
19651 1
19657 1
19658 1
19660 1
19665 0
19666 1
19671 1
19672 0
19676 1
19681 1
19683 1
19686 1
19689 1
19691 1
19695 1
19697 1
19699 1
19701 0
19705 1
19708 1
19712 1
19713 0
19715 1
19716 1
19719 1
19721 0
19722 1
19723 0
19724 1
19727 0
19731 1
19732 1
19738 0
19739 1
19746 0
19748 1
19751 1
19754 1
19756 1
19759 1
19766 1
19774 1
19776 1
19777 1
19778 1
19782 1
19784 1
19785 1
19786 1
19790 1
19791 1
19792 1
19794 1
19797 1
19799 0
19800 1
19801 1
19803 1
19804 1
19808 1
19812 0
19814 1
19818 1
19821 0
19822 1
19827 1
19829 1
19837 1
19838 1
19840 1
19845 0
19846 1
19849 1
19852 1
19856 1
19862 1
19866 1
19868 1
19351 1
19355 1
19357 1
19360 1
19365 1
19367 1
19369 1
19371 1
19372 0
19375 0
19376 1
19377 1
19378 1
19379 0
19382 1
19383 1
19390 1
19392 1
19393 0
19394 1
19396 1
19397 0
19398 0
19402 1
19405 1
19408 1
19411 1
19412 0
19413 0
19415 1
19421 1
19422 1
19423 0
19424 0
19427 1
19430 1
19432 1
19435 1
19438 1
19439 1
19440 1
19445 0
19446 0
19450 0
19451 1
19452 1
19455 1
19456 1
19458 1
19459 1
19461 1
19462 1
19463 1
19465 1
19471 1
19472 1
19474 1
19476 0
19477 0
19479 0
19481 1
19482 1
19484 1
19486 1
19487 1
19490 1
19491 1
19492 1
19498 1
19499 1
19504 0
19508 1
19511 1
19512 1
19513 1
19515 0
19516 1
19517 0
19518 1
19521 1
19522 1
19524 1
19525 0
19526 1
19527 1
19528 1
19530 0
19531 1
19535 1
19538 1
19539 1
19540 1
19544 1
19545 1
19546 1
19548 1
19550 1
19551 1
19553 0
19555 1
19559 0
19561 1
19562 1
19563 1
19564 1
19567 1
19568 1
19573 1
19575 0
19577 1
19582 1
19583 1
19584 0
19586 1
19590 1
19591 0
19593 1
19594 1
19596 0
19601 1
19602 1
19603 1
19604 0
19608 1
19092 1
19094 1
19099 0
19102 1
19107 1
19109 1
19110 1
19112 0
19113 1
19115 1
19116 1
19117 0
19122 0
19126 1
19127 1
19128 1
19135 1
19136 1
19137 1
19141 1
19144 1
19145 1
19146 0
19148 1
19151 1
19152 1
19153 1
19154 1
19156 1
19157 1
19158 1
19161 1
19169 1
19171 1
19172 1
19173 1
19175 1
19177 1
19183 0
19184 1
19195 0
19200 0
19201 0
19204 0
19212 1
19215 1
19216 0
19219 0
19223 1
19224 1
19225 1
19229 1
19232 0
19233 1
19235 0
19237 0
19241 1
19242 1
19246 1
19254 0
19258 1
19261 0
19264 1
19265 1
19266 0
19269 1
19270 1
19274 0
19277 1
19279 1
19283 1
19287 1
19288 1
19290 1
19291 1
19293 1
19294 0
19295 0
19298 0
19300 0
19301 1
19303 1
19308 1
19311 1
19313 1
19317 0
19323 1
19326 1
19328 0
19331 1
19332 0
19333 1
19337 1
19340 1
19342 1
19343 1
19344 1
19347 0
19348 0
19349 1
18832 1
18836 1
18837 0
18843 1
18844 1
18846 1
18849 1
18858 0
18860 1
18868 0
18869 1
18873 1
18879 1
18881 1
18886 1
18893 0
18898 0
18899 0
18902 1
18903 0
18904 1
18905 1
18912 1
18915 1
18918 1
18919 1
18920 1
18924 0
18925 1
18926 1
18929 0
18930 0
18932 1
18933 0
18936 1
18937 1
18938 0
18939 0
18940 1
18943 1
18944 1
18949 1
18951 0
18954 0
18955 0
18956 0
18957 1
18958 1
18959 1
18961 1
18963 0
18965 1
18968 1
18970 0
18971 1
18973 1
18974 1
18982 1
18983 1
18989 1
18990 0
18998 1
18999 0
19000 1
19001 1
19008 1
19009 1
19017 0
19019 1
19021 1
19024 1
19027 1
19030 0
19042 0
19043 1
19046 0
19053 0
19054 1
19056 1
19058 1
19064 0
19065 0
19066 0
19074 1
19075 1
19079 0
19080 1
19083 0
18571 1
18572 0
18573 1
18575 1
18578 1
18579 1
18580 1
18581 1
18583 1
18584 0
18590 1
18593 1
18598 1
18601 1
18602 1
18605 1
18610 1
18612 1
18614 1
18617 1
18618 1
18620 0
18621 0
18623 1
18624 1
18626 1
18627 1
18628 1
18630 0
18634 0
18635 1
18638 0
18640 1
18641 1
18643 1
18644 1
18645 1
18648 0
18649 1
18650 1
18654 1
18655 1
18657 1
18658 1
18659 1
18660 0
18661 0
18662 0
18663 1
18664 1
18667 1
18670 1
18671 1
18673 0
18675 1
18685 1
18689 1
18690 1
18692 1
18693 1
18695 1
18699 0
18700 0
18702 0
18705 0
18706 1
18707 1
18710 1
18712 1
18713 1
18715 1
18716 0
18717 1
18721 1
18723 1
18726 1
18728 1
18729 1
18731 1
18734 0
18736 1
18737 0
18738 1
18741 0
18742 1
18745 1
18746 0
18748 1
18749 1
18751 1
18752 1
18754 1
18760 1
18770 0
18774 0
18780 0
18783 1
18784 1
18786 0
18793 0
18794 1
18795 1
18796 0
18800 1
18801 0
18803 0
18811 1
18818 1
18819 1
18820 1
18821 1
18823 0
18824 1
18829 1
18831 1
18313 1
18316 1
18317 0
18318 1
18325 1
18327 1
18329 1
18335 0
18337 1
18339 1
18340 0
18342 0
18343 1
18344 1
18345 0
18346 0
18348 0
18349 1
18350 1
18351 1
18353 0
18355 1
18357 1
18364 1
18366 1
18367 1
18369 1
18370 1
18372 1
18375 1
18378 0
18380 0
18381 1
18382 1
18383 1
18384 1
18385 0
18392 1
18394 1
18395 1
18398 0
18399 1
18402 1
18404 1
18406 1
18407 1
18413 1
18415 1
18416 1
18419 1
18420 0
18421 1
18425 1
18427 1
18428 1
18429 1
18433 1
18435 1
18436 1
18437 0
18438 1
18439 0
18441 1
18443 0
18446 1
18447 1
18450 1
18452 1
18455 0
18456 1
18457 1
18458 0
18459 1
18460 0
18461 1
18464 1
18465 0
18468 0
18471 1
18477 1
18481 1
18483 1
18484 0
18485 0
18490 1
18491 1
18497 0
18502 1
18503 1
18506 1
18510 1
18511 1
18513 1
18516 1
18520 1
18524 1
18529 1
18541 1
18542 1
18545 1
18548 1
18552 0
18553 1
18554 1
18555 1
18558 1
18560 1
18561 1
18563 1
18564 1
18565 1
18567 1
18568 1
18054 0
18056 0
18057 1
18058 1
18059 1
18060 1
18063 1
18069 1
18071 1
18078 0
18080 0
18081 1
18082 0
18085 1
18086 1
18094 1
18096 1
18097 1
18099 1
18100 1
18103 1
18104 1
18105 1
18106 1
18108 1
18109 1
18111 1
18114 1
18117 1
18118 1
18121 1
18122 0
18123 1
18126 0
18128 1
18130 1
18131 1
18132 1
18135 1
18136 1
18137 1
18138 1
18139 1
18140 1
18144 1
18147 1
18148 1
18151 0
18153 1
18154 1
18155 0
18156 1
18157 1
18158 0
18159 0
18162 0
18163 1
18164 1
18168 1
18171 1
18177 1
18178 0
18181 1
18184 1
18187 1
18188 1
18189 1
18193 0
18197 1
18202 1
18204 1
18205 0
18207 1
18208 1
18210 1
18213 1
18216 1
18219 1
18220 1
18224 1
18226 0
18228 1
18231 1
18232 0
18234 1
18236 1
18237 0
18241 1
18242 0
18244 0
18250 1
18252 1
18253 1
18254 1
18256 1
18257 0
18263 1
18265 1
18266 1
18271 1
18273 0
18274 1
18275 0
18276 1
18279 1
18283 1
18288 1
18289 1
18290 1
18292 1
18295 1
18296 1
18298 1
18301 1
18306 1
18307 1
18311 1
17794 1
17796 0
17798 0
17799 0
17802 1
17804 1
17806 1
17812 0
17813 1
17819 0
17820 1
17824 1
17826 0
17830 1
17832 1
17833 1
17835 1
17847 0
17850 1
17851 1
17854 0
17856 1
17857 0
17859 1
17862 1
17871 1
17874 1
17875 0
17876 1
17878 1
17881 0
17882 1
17886 1
17888 1
17890 1
17893 1
17894 1
17896 1
17902 1
17903 1
17907 1
17909 0
17910 1
17911 0
17915 1
17916 0
17919 1
17920 1
17923 0
17924 0
17926 1
17929 0
17932 1
17939 0
17940 0
17941 1
17943 0
17948 1
17952 0
17954 1
17955 1
17957 0
17960 0
17966 0
17969 1
17970 1
17975 1
17976 1
17979 1
17980 1
17990 1
17992 1
17994 1
17998 0
17999 1
18000 1
18003 0
18004 1
18007 1
18011 1
18015 1
18018 0
18019 1
18026 1
18028 1
18030 0
18032 1
18033 1
18038 1
18039 1
18043 1
18045 1
18046 1
18049 0
18052 1
17536 1
17537 1
17539 1
17540 1
17548 1
17549 1
17557 1
17558 1
17561 1
17566 1
17568 1
17569 0
17571 1
17572 1
17576 1
17577 0
17578 1
17579 1
17584 1
17586 1
17587 1
17588 1
17589 1
17591 1
17592 0
17597 1
17598 1
17603 0
17605 1
17606 1
17607 1
17608 0
17613 1
17614 1
17615 1
17616 1
17618 0
17620 1
17624 1
17626 1
17629 0
17630 1
17633 0
17634 1
17636 1
17637 1
17639 1
17645 1
17651 1
17654 1
17655 1
17658 1
17660 0
17663 0
17666 0
17668 0
17676 1
17679 1
17683 1
17685 1
17687 1
17688 1
17690 1
17691 1
17692 0
17695 0
17696 0
17697 1
17699 1
17701 1
17703 1
17706 1
17711 1
17712 1
17714 1
17716 1
17717 0
17720 1
17723 1
17728 1
17731 1
17733 1
17734 1
17736 0
17737 1
17739 1
17744 0
17745 1
17755 1
17757 1
17759 1
17764 1
17766 0
17767 1
17768 0
17769 1
17770 0
17771 1
17775 1
17776 1
17785 1
17786 1
17788 1
17790 1
17791 1
17792 1
17274 0
17276 1
17278 1
17279 0
17284 1
17288 0
17290 1
17291 1
17292 1
17293 1
17294 1
17296 0
17297 1
17300 1
17303 1
17304 1
17305 1
17308 1
17309 0
17310 1
17311 0
17313 1
17315 1
17317 0
17319 0
17321 0
17324 1
17326 1
17329 1
17330 1
17333 1
17334 1
17335 1
17338 1
17342 0
17346 1
17348 1
17350 1
17358 0
17359 0
17361 1
17363 1
17364 0
17368 1
17369 0
17370 1
17372 1
17373 1
17375 1
17376 1
17382 1
17383 1
17390 1
17395 0
17396 1
17400 1
17403 1
17409 0
17414 0
17417 1
17418 1
17423 0
17425 0
17426 1
17428 0
17431 1
17432 1
17435 1
17436 1
17439 1
17441 1
17442 1
17443 1
17446 1
17453 0
17455 1
17458 0
17463 0
17465 1
17469 1
17470 1
17473 0
17474 1
17476 1
17477 1
17480 0
17482 0
17483 1
17488 1
17490 1
17493 1
17494 1
17495 1
17498 1
17501 1
17502 1
17503 0
17504 1
17506 0
17507 1
17509 1
17510 0
17511 0
17513 0
17514 1
17515 1
17517 0
17518 1
17519 1
17522 1
17523 1
17527 1
17528 0
17532 1
17534 1
17022 1
17025 1
17027 1
17029 1
17033 1
17034 1
17035 1
17037 1
17048 0
17053 1
17056 1
17058 0
17060 1
17061 1
17063 1
17065 1
17071 1
17073 1
17077 1
17079 0
17081 1
17083 1
17084 1
17086 0
17087 1
17090 1
17093 0
17096 1
17100 0
17101 1
17102 1
17105 0
17107 0
17109 1
17110 0
17112 1
17113 1
17116 1
17120 0
17121 1
17122 1
17123 1
17126 0
17131 1
17133 1
17138 1
17141 1
17142 1
17143 1
17145 1
17147 0
17151 0
17152 0
17155 1
17156 0
17160 1
17162 0
17165 1
17166 1
17167 1
17171 1
17173 1
17176 0
17180 1
17186 1
17187 1
17189 1
17191 1
17192 0
17196 0
17197 0
17199 0
17204 1
17210 1
17214 0
17215 1
17219 1
17220 1
17223 1
17224 0
17225 0
17226 1
17227 1
17229 1
17236 0
17237 1
17238 0
17240 0
17242 1
17247 1
17248 1
17249 1
17255 1
17257 1
17260 0
17263 0
17264 1
17265 1
17269 0
17272 1
16754 1
16756 1
16759 1
16764 0
16765 1
16766 1
16767 0
16770 1
16777 1
16778 1
16779 0
16780 0
16783 1
16785 0
16786 1
16788 1
16789 0
16791 1
16796 0
16799 1
16800 1
16802 1
16803 1
16807 1
16809 0
16813 1
16814 1
16816 1
16818 0
16820 1
16823 1
16824 1
16826 0
16830 1
16831 0
16832 0
16837 0
16842 0
16845 1
16851 1
16852 1
16853 1
16854 1
16860 1
16863 1
16868 1
16871 1
16872 1
16875 1
16881 0
16882 1
16883 1
16884 1
16885 1
16887 1
16893 1
16896 1
16897 1
16899 1
16902 0
16903 0
16907 0
16908 0
16909 1
16910 1
16913 1
16917 1
16926 1
16927 1
16929 0
16930 0
16934 1
16939 0
16944 0
16945 0
16948 1
16949 0
16950 1
16954 0
16955 1
16956 1
16958 0
16961 1
16962 1
16964 0
16966 0
16970 1
16971 1
16972 1
16973 1
16975 1
16977 0
16978 0
16980 0
16984 1
16985 1
16988 1
16989 1
16990 1
16993 0
16996 0
17001 1
17002 1
17003 1
17005 1
17012 1
17013 0
16495 1
16496 1
16499 1
16501 1
16503 1
16506 0
16512 1
16513 1
16514 1
16515 1
16516 1
16519 0
16522 1
16524 1
16526 0
16527 0
16528 1
16530 1
16531 0
16533 1
16534 1
16535 1
16538 1
16539 1
16541 0
16543 1
16545 1
16547 1
16553 0
16554 1
16555 1
16557 1
16559 1
16567 1
16568 1
16570 0
16575 0
16585 0
16586 0
16587 0
16590 0
16592 0
16595 1
16596 1
16603 1
16605 1
16607 1
16608 1
16611 1
16612 1
16616 1
16617 1
16619 1
16620 1
16622 1
16623 0
16624 1
16633 1
16634 0
16648 1
16652 1
16654 1
16656 1
16661 0
16666 1
16667 1
16669 0
16671 1
16673 1
16679 0
16691 1
16693 1
16694 1
16695 0
16699 1
16701 0
16704 0
16708 1
16709 1
16712 0
16715 1
16717 1
16719 1
16720 0
16722 1
16725 1
16730 1
16733 1
16736 1
16738 1
16743 1
16745 0
16747 0
16750 1
16752 1
16236 1
16238 1
16239 0
16241 0
16243 0
16247 0
16248 1
16250 0
16251 1
16252 1
16253 1
16256 0
16259 1
16260 1
16261 0
16262 1
16263 1
16264 1
16268 1
16270 1
16273 1
16274 1
16275 1
16276 1
16277 1
16278 1
16279 0
16282 1
16284 1
16286 0
16288 1
16290 1
16292 0
16293 1
16294 1
16296 1
16307 0
16313 1
16314 1
16315 1
16317 1
16319 1
16321 1
16329 0
16330 0
16332 1
16333 1
16338 1
16339 0
16340 1
16342 1
16343 1
16344 1
16347 1
16348 0
16352 0
16357 1
16359 1
16360 0
16364 0
16368 1
16370 1
16372 1
16373 1
16375 1
16376 1
16379 1
16383 1
16389 0
16390 1
16393 1
16394 1
16396 1
16397 1
16398 1
16401 1
16402 1
16404 1
16407 1
16410 1
16413 1
16415 0
16416 1
16418 1
16419 0
16421 1
16422 1
16425 1
16426 0
16427 1
16428 1
16429 0
16431 1
16442 1
16444 1
16446 0
16448 1
16450 1
16451 0
16452 1
16453 1
16456 1
16457 1
16458 0
16459 1
16460 1
16461 1
16463 1
16465 1
16468 0
16470 0
16472 1
16474 0
16477 0
16480 1
16481 1
16483 0
16487 1
16488 1
16489 1
16491 1
15975 0
15976 1
15980 1
15983 1
15986 1
15987 1
15988 1
15990 1
15991 1
15992 1
15994 1
15999 1
16004 1
16007 1
16008 1
16009 0
16014 1
16015 1
16017 1
16019 0
16020 1
16021 1
16022 1
16028 1
16029 1
16031 1
16032 1
16033 1
16034 0
16035 0
16038 1
16039 1
16040 1
16041 0
16044 0
16049 1
16052 1
16053 1
16056 1
16057 1
16064 1
16065 1
16067 1
16068 0
16070 0
16071 1
16073 1
16076 1
16079 1
16081 1
16082 1
16084 1
16085 0
16088 1
16089 1
16090 1
16092 1
16095 1
16100 1
16103 1
16106 1
16108 1
16111 1
16113 1
16115 1
16116 0
16117 1
16118 1
16127 1
16130 1
16131 1
16132 1
16133 1
16134 1
16135 0
16139 1
16140 0
16144 1
16146 1
16147 1
16149 1
16151 1
16152 1
16153 1
16155 1
16157 1
16158 1
16159 0
16164 1
16165 0
16167 1
16168 1
16169 1
16176 1
16178 1
16180 1
16181 1
16182 1
16185 0
16186 1
16191 0
16193 1
16194 1
16195 1
16196 1
16198 0
16199 1
16200 0
16202 0
16203 1
16204 1
16205 0
16206 1
16209 0
16217 1
16220 1
16221 1
16222 1
16223 0
16226 0
16228 0
16229 0
16233 1
15719 1
15720 1
15723 1
15724 1
15725 0
15726 1
15731 0
15732 1
15733 1
15737 0
15739 1
15744 1
15745 1
15747 1
15753 0
15757 1
15758 1
15760 1
15767 0
15768 0
15769 1
15770 1
15771 0
15772 1
15777 0
15778 1
15780 1
15782 0
15783 1
15785 0
15786 1
15789 0
15790 1
15795 1
15803 1
15804 1
15805 1
15808 1
15815 1
15818 1
15822 1
15825 0
15826 1
15827 1
15830 1
15832 1
15834 1
15837 1
15838 0
15839 1
15841 0
15843 1
15844 1
15848 0
15856 1
15858 0
15867 1
15868 1
15869 1
15871 1
15875 1
15878 1
15879 1
15888 1
15898 1
15900 1
15901 1
15903 1
15904 1
15905 0
15909 1
15910 1
15911 0
15914 1
15915 1
15919 1
15924 0
15925 0
15926 0
15931 1
15932 0
15935 1
15937 1
15938 0
15940 1
15942 1
15943 1
15944 0
15946 1
15947 0
15948 1
15949 0
15950 1
15952 0
15953 0
15957 0
15960 0
15961 0
15964 1
15970 1
15459 1
15460 1
15462 1
15465 1
15467 1
15468 0
15469 0
15474 1
15481 1
15482 0
15489 0
15491 1
15492 1
15493 1
15498 1
15499 1
15503 0
15506 0
15511 1
15514 1
15518 0
15519 1
15521 1
15526 1
15530 1
15531 0
15533 1
15534 0
15535 1
15537 1
15541 1
15543 1
15546 1
15549 1
15551 1
15552 1
15553 1
15556 1
15559 1
15563 1
15564 1
15567 1
15568 1
15570 1
15575 0
15576 0
15577 0
15578 1
15579 0
15581 1
15583 1
15585 1
15587 1
15591 1
15595 1
15600 0
15607 1
15608 1
15616 1
15618 1
15623 1
15630 1
15631 1
15634 1
15635 0
15638 1
15643 1
15647 1
15652 1
15653 1
15657 1
15659 1
15661 1
15666 1
15669 1
15671 1
15672 0
15673 1
15676 1
15677 1
15678 0
15680 1
15684 1
15693 1
15694 1
15695 1
15697 1
15699 1
15701 1
15703 1
15705 1
15708 1
15709 0
15714 1
15203 1
15205 1
15207 0
15209 1
15210 1
15211 0
15214 1
15215 1
15216 1
15219 1
15221 0
15222 1
15227 1
15231 1
15234 1
15239 1
15242 1
15243 1
15244 1
15245 1
15248 0
15249 0
15259 1
15260 0
15261 1
15265 0
15266 0
15267 1
15268 1
15271 0
15277 1
15278 1
15282 1
15284 0
15285 1
15289 1
15290 1
15293 0
15297 1
15298 1
15301 1
15303 1
15304 1
15306 1
15307 1
15315 1
15316 1
15317 1
15320 1
15322 0
15324 1
15326 1
15327 1
15330 1
15334 1
15335 1
15337 1
15341 1
15343 1
15345 0
15350 1
15351 0
15355 1
15358 1
15359 0
15360 1
15361 0
15363 1
15364 1
15365 1
15367 1
15368 1
15369 0
15370 0
15372 1
15373 1
15375 1
15377 1
15378 0
15379 1
15380 1
15381 1
15387 1
15389 0
15393 1
15397 1
15399 1
15401 0
15402 1
15404 0
15405 0
15409 1
15411 1
15419 1
15420 1
15421 1
15422 1
15423 0
15424 1
15430 0
15432 1
15434 1
15437 1
15438 0
15441 1
15442 1
15444 1
15449 1
15453 0
15455 0
14941 1
14944 1
14947 0
14949 0
14950 1
14956 1
14957 0
14958 0
14959 0
14963 1
14967 1
14971 0
14973 0
14974 0
14975 1
14976 1
14978 0
14980 1
14984 1
14985 1
14986 1
14992 1
14993 1
14994 0
14998 1
14999 0
15005 0
15015 1
15020 1
15021 1
15026 1
15028 1
15029 1
15031 1
15032 1
15035 1
15036 1
15037 0
15039 1
15042 0
15043 1
15047 0
15048 1
15052 1
15053 0
15054 0
15057 1
15058 0
15065 1
15068 1
15073 1
15074 1
15078 0
15079 1
15083 1
15084 0
15086 1
15088 1
15091 0
15094 1
15097 1
15104 1
15107 1
15114 1
15116 1
15119 0
15120 1
15124 0
15130 1
15132 1
15134 0
15137 0
15138 1
15140 1
15142 1
15151 1
15157 1
15159 1
15163 1
15164 1
15170 1
15171 1
15178 0
15179 1
15182 0
15185 0
15187 1
15188 1
15189 1
15191 1
15192 0
15195 1
15196 0
14676 1
14679 0
14682 0
14685 1
14692 1
14694 1
14700 0
14704 1
14705 1
14706 1
14708 0
14709 0
14713 1
14714 0
14715 1
14716 0
14717 1
14718 1
14723 1
14724 1
14728 1
14729 1
14735 1
14744 0
14745 1
14748 1
14749 1
14750 0
14751 0
14752 1
14760 1
14761 0
14762 1
14764 1
14768 0
14769 1
14770 1
14772 1
14775 0
14777 1
14780 1
14783 1
14784 1
14785 1
14788 0
14790 1
14791 1
14793 1
14794 1
14796 1
14797 0
14798 0
14801 0
14808 1
14809 1
14810 1
14812 0
14815 1
14816 1
14817 1
14819 1
14821 0
14822 0
14824 0
14828 0
14829 1
14832 0
14833 0
14838 1
14840 1
14848 1
14850 1
14851 1
14853 1
14855 1
14857 1
14861 0
14862 1
14863 1
14866 1
14869 1
14872 1
14873 1
14874 0
14877 1
14878 1
14879 1
14884 1
14887 0
14888 1
14891 1
14895 0
14897 1
14899 1
14904 1
14906 1
14908 1
14910 0
14913 0
14914 1
14915 1
14922 1
14923 1
14934 1
14935 1
14936 0
14937 1
14423 1
14425 1
14426 1
14435 1
14436 1
14440 0
14441 0
14445 0
14451 1
14457 1
14458 1
14459 0
14462 0
14464 1
14465 1
14466 1
14469 1
14472 0
14474 1
14477 1
14478 1
14479 0
14483 1
14484 0
14490 0
14493 0
14496 1
14497 1
14498 1
14509 1
14510 1
14511 1
14512 1
14513 1
14516 1
14517 1
14518 1
14520 1
14521 0
14524 1
14525 1
14527 0
14528 1
14529 1
14530 0
14533 0
14534 1
14537 1
14539 0
14540 1
14541 1
14544 1
14546 1
14549 1
14551 1
14552 1
14553 1
14557 1
14559 0
14563 0
14565 1
14567 1
14568 0
14569 1
14570 1
14572 0
14573 0
14574 1
14577 1
14584 1
14585 0
14588 1
14589 1
14590 0
14591 1
14593 1
14596 0
14597 1
14600 1
14605 1
14608 1
14610 0
14616 1
14617 1
14619 0
14621 1
14629 1
14631 0
14632 1
14633 1
14639 1
14640 1
14641 0
14643 1
14645 1
14646 1
14647 1
14649 0
14652 1
14653 1
14655 1
14656 0
14659 1
14660 1
14663 1
14668 1
14672 0
14158 1
14159 0
14160 1
14162 1
14165 1
14168 1
14169 1
14171 1
14174 1
14175 1
14176 0
14178 1
14180 1
14182 1
14184 0
14190 1
14191 0
14194 1
14196 1
14198 1
14199 1
14200 1
14201 0
14203 1
14204 1
14210 1
14211 0
14216 1
14221 1
14226 0
14229 1
14232 1
14235 1
14237 1
14238 0
14241 1
14248 1
14251 1
14254 0
14256 1
14259 1
14262 1
14263 0
14270 1
14271 0
14273 1
14277 1
14282 1
14283 0
14284 1
14290 1
14291 0
14297 1
14301 1
14302 1
14303 1
14304 0
14307 1
14309 0
14312 1
14316 1
14317 1
14320 1
14323 1
14328 1
14330 0
14332 1
14333 0
14337 1
14338 0
14341 1
14345 1
14346 1
14347 1
14350 0
14351 1
14355 1
14364 1
14366 0
14369 1
14371 0
14374 1
14375 1
14380 0
14383 1
14384 1
14387 1
14391 1
14394 0
14395 1
14396 0
14397 1
14398 1
14399 1
14400 0
14402 1
14403 1
14404 0
14407 1
14409 0
14413 1
13894 1
13896 1
13898 1
13899 1
13901 1
13904 1
13905 1
13907 1
13908 0
13909 0
13912 1
13914 1
13916 1
13919 0
13921 1
13923 0
13933 0
13935 1
13936 1
13937 1
13938 0
13939 1
13940 0
13943 1
13944 1
13946 1
13947 1
13949 1
13952 0
13953 1
13954 1
13956 0
13957 0
13959 1
13960 0
13962 0
13967 1
13969 1
13970 1
13971 1
13974 1
13976 1
13978 1
13981 1
13984 1
13985 0
13986 0
13987 1
13989 0
13991 1
13992 1
13993 1
13994 1
13997 0
14000 1
14001 1
14003 1
14010 1
14011 1
14013 0
14014 1
14019 1
14020 1
14021 1
14024 1
14026 1
14027 1
14030 0
14031 1
14033 1
14036 1
14043 0
14049 1
14050 0
14052 1
14055 1
14056 1
14057 1
14058 1
14061 1
14063 1
14064 1
14065 1
14066 1
14067 0
14068 0
14069 1
14071 1
14072 1
14077 1
14083 1
14084 1
14090 1
14091 0
14094 1
14095 1
14096 1
14097 1
14099 1
14102 1
14105 1
14106 1
14107 0
14108 1
14113 1
14115 1
14116 1
14122 1
14123 1
14124 1
14125 1
14126 0
14127 1
14129 0
14131 0
14135 0
14136 0
14138 1
14141 1
14142 0
14143 1
14146 0
14147 1
14149 1
14150 1
14151 0
14152 1
14154 1
14156 0
13634 1
13635 1
13639 1
13640 0
13642 1
13644 1
13646 1
13648 1
13650 1
13652 0
13654 1
13656 1
13658 1
13664 0
13666 0
13669 1
13670 1
13673 1
13675 1
13677 1
13678 1
13681 0
13682 1
13683 1
13686 1
13688 1
13691 1
13692 1
13693 1
13694 1
13695 0
13696 1
13697 0
13698 1
13702 1
13703 1
13705 1
13706 1
13707 1
13709 1
13710 1
13713 1
13715 1
13722 1
13726 1
13730 0
13734 1
13739 1
13740 1
13741 1
13747 1
13748 1
13750 1
13751 1
13752 1
13753 1
13757 1
13760 0
13761 1
13762 1
13765 1
13766 1
13771 1
13772 1
13774 1
13776 1
13781 1
13782 1
13783 1
13786 0
13792 1
13793 0
13794 1
13795 0
13797 1
13799 0
13801 1
13802 0
13803 1
13805 0
13806 1
13807 1
13810 1
13812 1
13813 1
13815 1
13817 1
13821 0
13823 1
13824 0
13830 1
13832 1
13836 1
13837 0
13840 1
13849 1
13850 1
13851 1
13852 0
13855 1
13856 0
13861 1
13863 0
13865 1
13868 1
13870 1
13871 1
13874 0
13879 1
13880 1
13882 1
13885 1
13886 0
13888 1
13890 1
13892 1
13373 1
13374 1
13375 1
13377 0
13378 1
13379 0
13386 0
13389 1
13392 1
13397 0
13404 1
13406 1
13407 0
13409 0
13410 1
13411 0
13412 1
13417 1
13424 0
13429 1
13430 1
13436 1
13438 0
13446 1
13447 1
13449 1
13451 1
13461 1
13462 0
13464 1
13468 1
13470 1
13472 1
13475 1
13476 1
13483 1
13489 1
13491 1
13493 1
13494 1
13499 1
13502 1
13504 0
13510 0
13511 1
13516 1
13517 1
13518 1
13519 1
13523 1
13524 1
13526 1
13528 1
13529 0
13540 1
13545 1
13548 0
13549 1
13550 0
13554 1
13555 1
13559 1
13563 1
13564 0
13568 1
13573 1
13574 1
13577 1
13579 1
13583 1
13587 1
13591 1
13592 1
13594 0
13595 1
13596 1
13603 0
13607 1
13609 1
13611 1
13616 1
13618 0
13621 1
13625 1
13626 1
13629 0
13114 1
13116 1
13117 1
13118 1
13120 1
13125 1
13126 1
13127 1
13128 1
13131 1
13132 1
13133 1
13135 1
13138 1
13139 0
13140 0
13148 1
13149 0
13150 1
13151 1
13152 1
13153 1
13154 1
13155 0
13156 1
13158 1
13161 0
13162 1
13166 0
13167 0
13169 1
13173 1
13178 1
13183 0
13189 1
13190 1
13192 1
13195 1
13196 1
13203 1
13206 1
13210 1
13211 1
13212 0
13213 1
13215 0
13218 1
13219 1
13220 1
13221 1
13222 1
13226 1
13227 1
13229 1
13231 1
13233 1
13235 1
13236 1
13237 1
13238 0
13248 0
13252 1
13255 0
13257 1
13260 1
13261 1
13262 1
13263 1
13264 1
13265 1
13266 1
13268 1
13269 1
13270 0
13271 0
13275 1
13278 1
13279 0
13283 1
13284 0
13287 1
13291 1
13292 1
13293 1
13294 1
13295 0
13297 1
13303 1
13304 1
13310 0
13315 1
13317 1
13325 1
13326 0
13327 1
13330 0
13332 1
13334 1
13335 0
13337 1
13338 0
13341 1
13342 0
13344 1
13345 0
13352 0
13354 1
13357 0
13359 1
13360 1
13362 0
13363 0
13367 1
12851 1
12852 1
12853 1
12855 0
12857 1
12862 0
12865 1
12867 1
12868 1
12873 1
12874 1
12875 1
12877 1
12885 1
12886 0
12890 1
12892 1
12895 1
12896 1
12902 1
12904 1
12905 1
12906 0
12917 1
12919 0
12923 1
12925 1
12926 1
12927 1
12929 1
12930 1
12936 1
12938 1
12939 1
12940 1
12942 1
12947 1
12948 1
12950 1
12951 1
12952 1
12953 0
12958 1
12960 1
12963 0
12968 0
12969 1
12972 1
12973 1
12975 0
12976 0
12978 1
12981 1
12983 1
12984 1
12985 1
12986 0
12988 1
12994 0
13000 1
13001 0
13002 1
13003 1
13007 0
13008 1
13016 1
13017 1
13018 0
13021 1
13023 0
13024 1
13025 1
13026 1
13031 1
13033 1
13035 1
13037 1
13038 1
13041 1
13044 1
13045 1
13046 1
13052 1
13053 1
13055 1
13057 1
13065 1
13066 1
13067 1
13068 1
13069 0
13077 0
13080 0
13082 0
13085 0
13086 0
13087 1
13088 1
13091 1
13093 1
13097 0
13098 1
13101 1
13103 1
13108 0
12590 1
12593 1
12594 0
12598 1
12600 1
12601 1
12602 1
12604 1
12607 1
12608 0
12610 1
12611 1
12616 0
12619 1
12626 0
12627 1
12628 1
12631 0
12632 0
12633 1
12634 1
12638 1
12640 0
12642 1
12643 0
12645 1
12646 0
12647 1
12648 1
12649 0
12650 0
12654 0
12656 1
12658 1
12659 1
12660 0
12662 1
12663 1
12664 0
12665 1
12668 0
12671 1
12673 1
12676 1
12678 1
12679 1
12680 0
12681 1
12682 1
12685 0
12686 1
12688 1
12689 1
12690 1
12693 1
12695 1
12696 0
12697 0
12698 1
12699 1
12702 0
12703 0
12705 1
12707 1
12708 1
12710 0
12711 1
12712 1
12714 1
12716 1
12719 1
12729 1
12731 1
12734 0
12736 1
12745 1
12747 1
12754 1
12755 1
12756 1
12763 1
12767 1
12769 1
12773 0
12775 0
12776 1
12777 0
12780 1
12784 1
12788 1
12790 0
12792 1
12797 0
12798 1
12800 0
12807 0
12809 0
12811 1
12813 1
12815 1
12816 1
12817 0
12820 1
12823 0
12824 1
12825 1
12826 1
12828 1
12833 0
12835 0
12838 1
12840 1
12842 1
12844 1
12846 0
12848 0
12332 1
12333 1
12335 1
12336 1
12339 1
12343 0
12344 0
12348 1
12352 0
12353 1
12359 1
12361 0
12364 1
12365 1
12370 1
12371 0
12373 1
12374 1
12376 1
12379 0
12385 0
12386 1
12387 1
12389 0
12393 1
12398 0
12399 0
12401 1
12402 1
12404 0
12405 0
12411 1
12413 1
12416 1
12417 1
12421 0
12423 1
12424 0
12425 0
12427 1
12434 1
12436 1
12437 1
12439 0
12440 1
12442 1
12445 1
12446 1
12448 1
12449 0
12451 1
12453 1
12458 1
12463 1
12464 1
12465 1
12468 0
12469 0
12472 1
12475 1
12476 0
12480 1
12483 1
12484 1
12489 1
12492 1
12493 0
12494 1
12495 1
12499 1
12500 1
12508 1
12509 1
12510 0
12515 1
12520 1
12523 1
12524 1
12526 1
12527 1
12528 1
12531 1
12535 1
12536 1
12538 1
12539 0
12541 1
12542 1
12543 0
12544 1
12547 1
12554 1
12555 1
12556 0
12558 1
12559 0
12562 1
12568 1
12569 0
12577 1
12578 1
12579 0
12580 1
12582 1
12584 1
12586 1
12072 1
12074 1
12077 1
12079 1
12081 0
12082 1
12084 1
12085 1
12090 0
12092 1
12094 1
12098 1
12102 1
12103 1
12104 1
12105 0
12106 1
12110 1
12111 1
12119 1
12121 0
12122 1
12123 1
12125 1
12127 1
12130 1
12133 1
12136 1
12137 1
12140 0
12145 0
12151 0
12154 1
12155 0
12158 1
12159 1
12160 1
12166 1
12167 0
12169 1
12177 0
12179 1
12183 0
12184 1
12186 1
12188 1
12189 1
12190 0
12194 1
12195 1
12196 1
12197 1
12198 1
12199 1
12200 0
12203 1
12205 1
12214 1
12215 1
12216 1
12219 1
12221 0
12223 1
12224 1
12226 1
12227 1
12228 1
12229 0
12230 1
12231 0
12234 1
12235 1
12239 0
12243 1
12248 1
12252 1
12254 1
12256 1
12258 1
12260 1
12261 1
12262 1
12266 0
12267 1
12271 1
12280 1
12283 1
12284 0
12286 0
12287 1
12289 1
12291 1
12292 1
12293 1
12296 1
12298 1
12299 0
12300 1
12302 1
12304 1
12305 1
12307 1
12309 0
12310 0
12313 1
12315 1
12320 1
12322 1
12325 1
11806 1
11808 1
11809 0
11811 1
11816 0
11818 1
11819 1
11820 0
11821 1
11823 1
11824 1
11826 0
11831 1
11832 1
11833 0
11834 0
11836 1
11837 1
11839 1
11846 0
11847 1
11848 1
11851 1
11860 1
11862 1
11866 0
11867 1
11869 1
11871 1
11875 1
11876 1
11879 1
11881 0
11882 0
11885 1
11887 1
11889 1
11890 1
11892 1
11894 1
11895 1
11899 1
11904 0
11906 1
11912 1
11913 1
11922 0
11923 1
11924 1
11926 0
11927 1
11928 1
11931 1
11932 1
11935 1
11939 1
11942 1
11945 1
11947 1
11948 1
11956 1
11957 0
11961 0
11963 1
11964 1
11965 1
11968 0
11970 1
11971 1
11972 1
11974 1
11976 1
11977 1
11979 0
11980 0
11981 1
11983 1
11986 1
11988 1
11989 1
11990 1
11991 1
11994 1
11996 0
12006 1
12010 1
12013 1
12014 1
12018 1
12019 0
12021 1
12025 0
12032 0
12035 0
12040 1
12042 0
12043 0
12046 0
12047 1
12050 0
12051 1
12052 1
12054 1
12055 1
12056 1
12057 0
12058 1
12060 1
12063 0
12065 1
12066 0
11544 0
11548 0
11549 1
11551 1
11552 1
11554 1
11555 0
11556 1
11567 1
11568 1
11569 0
11570 1
11577 1
11578 1
11580 1
11582 1
11589 1
11590 0
11592 0
11593 1
11594 1
11595 1
11597 1
11599 0
11602 1
11603 1
11604 1
11606 0
11607 1
11611 0
11613 1
11616 1
11620 1
11621 1
11623 1
11625 1
11628 1
11629 1
11630 0
11632 1
11634 1
11638 1
11639 1
11641 1
11642 1
11643 1
11645 1
11646 1
11656 1
11661 1
11665 1
11668 1
11670 1
11671 1
11672 1
11674 1
11679 1
11680 1
11681 1
11682 1
11685 1
11689 1
11690 1
11692 1
11693 0
11695 1
11699 1
11700 1
11706 1
11710 0
11713 1
11714 1
11717 1
11720 0
11721 0
11723 1
11727 1
11731 1
11732 0
11734 1
11736 1
11738 1
11739 0
11740 1
11742 1
11744 0
11748 0
11749 1
11750 0
11754 1
11755 1
11758 0
11761 1
11762 1
11764 1
11766 1
11767 1
11770 1
11771 1
11774 1
11775 1
11777 1
11778 1
11779 0
11780 1
11783 1
11784 1
11786 1
11787 1
11788 1
11790 1
11795 1
11798 1
11799 1
11800 0
11802 1
11803 1
11804 1
11287 0
11289 1
11290 0
11295 1
11296 0
11297 0
11299 1
11300 0
11301 1
11304 0
11309 1
11311 1
11313 1
11314 1
11315 1
11316 1
11318 0
11319 1
11321 0
11324 1
11325 1
11328 1
11332 1
11333 1
11335 1
11338 1
11339 1
11340 1
11342 0
11343 1
11344 1
11347 1
11349 0
11350 0
11355 0
11360 0
11366 0
11367 1
11368 1
11370 0
11374 1
11375 1
11378 0
11380 1
11382 1
11383 1
11384 1
11386 1
11388 1
11389 0
11390 1
11393 1
11394 1
11395 1
11397 1
11409 1
11412 1
11414 0
11417 1
11418 1
11420 1
11421 1
11424 1
11426 1
11427 1
11429 0
11430 0
11431 1
11432 1
11439 1
11440 1
11443 0
11445 0
11446 1
11448 0
11449 1
11451 1
11453 0
11455 0
11456 1
11460 0
11461 1
11462 1
11466 1
11467 1
11468 1
11470 1
11472 0
11473 1
11476 1
11478 1
11480 1
11487 1
11488 1
11490 0
11491 1
11495 1
11496 1
11497 0
11498 1
11501 1
11502 1
11505 1
11508 1
11509 0
11511 1
11515 1
11516 1
11518 0
11520 1
11521 0
11522 1
11529 0
11534 1
11538 1
11540 0
11542 1
11023 1
11024 1
11029 1
11030 0
11031 1
11038 1
11040 0
11045 1
11049 1
11050 1
11053 1
11055 1
11059 1
11060 1
11065 1
11069 1
11071 1
11076 1
11079 0
11080 0
11083 1
11084 1
11100 1
11101 1
11103 1
11108 1
11109 1
11110 1
11113 1
11115 1
11116 1
11122 0
11123 0
11126 0
11127 0
11131 1
11132 1
11133 1
11134 1
11135 0
11138 1
11142 1
11143 1
11145 1
11146 1
11147 1
11154 1
11155 0
11158 0
11160 1
11161 1
11163 1
11165 1
11167 1
11169 1
11173 1
11180 0
11182 1
11187 1
11190 1
11191 1
11192 1
11194 1
11198 1
11199 0
11200 1
11202 1
11204 1
11207 1
11208 0
11209 0
11210 1
11212 1
11214 1
11215 1
11217 1
11220 1
11222 1
11223 1
11225 1
11230 1
11232 0
11236 1
11237 0
11238 0
11240 1
11246 1
11247 0
11249 0
11251 0
11255 1
11257 1
11259 0
11264 1
11265 1
11266 1
11269 0
11271 1
11275 1
11276 1
11282 1
11283 1
10763 0
10766 1
10768 0
10769 1
10770 1
10771 1
10773 1
10779 1
10780 1
10781 1
10785 1
10788 0
10793 1
10795 1
10796 1
10801 0
10807 1
10814 1
10815 1
10817 0
10820 1
10824 1
10825 1
10827 0
10828 1
10829 1
10830 1
10832 0
10833 0
10840 0
10846 1
10850 1
10856 1
10860 0
10868 0
10870 1
10871 1
10873 1
10875 1
10876 1
10878 1
10880 1
10884 1
10886 1
10887 1
10888 0
10889 1
10893 1
10896 1
10898 0
10899 1
10900 1
10901 1
10903 0
10906 1
10910 1
10911 1
10912 1
10914 1
10916 0
10920 1
10923 1
10929 1
10931 1
10933 0
10935 1
10937 0
10942 1
10943 1
10949 1
10951 1
10953 1
10956 1
10957 1
10961 0
10963 0
10966 0
10968 0
10970 1
10971 1
10973 1
10974 1
10975 1
10978 1
10983 0
10987 0
10991 1
10992 1
10994 1
10998 0
11001 0
11002 1
11003 1
11007 1
11008 1
11012 1
11014 0
11015 1
11016 1
11020 1
11021 1
10503 0
10506 1
10511 1
10513 1
10518 1
10520 0
10522 0
10523 1
10525 1
10526 1
10527 1
10535 1
10536 1
10538 0
10539 0
10546 1
10548 1
10551 1
10552 1
10555 0
10558 1
10563 1
10566 0
10567 1
10568 1
10573 0
10576 1
10577 1
10584 1
10585 1
10590 1
10591 1
10593 1
10594 1
10596 1
10599 0
10601 1
10605 1
10608 1
10611 0
10612 1
10613 0
10616 1
10619 1
10621 1
10623 0
10625 0
10626 0
10627 1
10635 0
10638 1
10645 1
10647 1
10649 1
10653 1
10654 1
10656 1
10662 1
10663 1
10665 1
10667 0
10668 1
10669 0
10671 1
10672 1
10678 1
10683 1
10687 0
10689 1
10691 1
10692 1
10698 1
10699 1
10701 1
10703 1
10707 1
10709 1
10710 0
10713 1
10714 1
10718 1
10720 1
10724 1
10725 1
10726 1
10729 1
10734 0
10735 1
10737 0
10738 1
10740 1
10741 1
10743 0
10751 1
10753 1
10754 1
10756 0
10757 1
10758 1
10761 1
10242 1
10243 0
10249 1
10252 1
10253 1
10254 0
10256 1
10258 1
10264 0
10267 1
10268 0
10274 1
10281 1
10285 1
10290 1
10291 1
10292 0
10297 1
10298 0
10303 1
10305 0
10309 0
10312 1
10313 1
10322 1
10323 1
10324 1
10325 0
10329 1
10331 1
10333 0
10334 1
10335 1
10338 1
10339 0
10342 1
10348 1
10351 1
10356 0
10359 1
10361 0
10363 1
10367 0
10368 0
10371 0
10373 1
10374 1
10376 0
10380 1
10383 1
10384 1
10385 1
10387 1
10388 0
10394 0
10395 1
10398 1
10401 0
10403 1
10406 0
10407 1
10410 1
10415 1
10416 0
10421 0
10425 0
10427 1
10428 1
10430 1
10434 0
10436 1
10438 1
10439 1
10441 1
10444 1
10445 1
10446 0
10449 0
10456 1
10459 1
10461 1
10462 0
10464 1
10465 1
10468 0
10470 1
10473 1
10474 1
10477 1
10478 1
10482 1
10484 1
10485 1
10486 1
10487 1
10488 1
10490 0
10492 0
10494 1
10496 1
10498 1
10499 0
9982 1
9984 1
9989 1
9996 1
9999 1
10002 1
10003 1
10006 0
10008 0
10012 1
10013 1
10016 1
10017 1
10018 1
10020 1
10022 1
10027 0
10029 1
10031 1
10032 0
10033 1
10035 0
10037 1
10038 1
10039 0
10040 1
10043 1
10050 0
10053 1
10056 1
10059 1
10061 0
10069 1
10071 1
10074 1
10079 1
10082 1
10083 1
10086 0
10089 1
10096 1
10107 0
10108 1
10109 0
10111 1
10112 1
10113 1
10116 1
10117 0
10118 0
10119 1
10124 1
10125 1
10128 1
10130 0
10131 1
10135 0
10137 1
10142 0
10144 1
10148 1
10151 1
10154 1
10155 1
10157 0
10162 1
10163 1
10164 1
10167 0
10169 1
10177 0
10179 1
10181 1
10189 1
10190 1
10197 1
10198 0
10199 1
10200 1
10201 1
10202 0
10205 1
10206 1
10213 0
10217 1
10226 1
10229 1
10230 1
10233 1
10237 0
10238 1
10239 1
9723 1
9724 1
9728 1
9732 0
9733 1
9735 1
9736 0
9737 1
9740 0
9741 0
9745 1
9746 0
9748 0
9754 1
9757 1
9759 1
9762 1
9763 1
9765 0
9767 1
9768 1
9769 1
9770 1
9775 0
9776 0
9778 1
9779 1
9780 1
9783 1
9787 1
9788 1
9793 0
9796 1
9797 1
9798 0
9800 1
9802 1
9803 0
9804 1
9806 1
9809 1
9812 0
9815 1
9816 1
9818 1
9821 0
9825 0
9826 1
9828 0
9829 0
9830 0
9831 1
9836 1
9837 1
9838 1
9841 0
9842 1
9843 0
9846 0
9847 0
9849 1
9850 1
9851 1
9853 1
9854 1
9855 0
9856 1
9861 0
9862 1
9863 1
9866 1
9870 1
9873 1
9874 0
9875 1
9876 1
9878 1
9880 1
9881 1
9885 1
9891 0
9898 1
9900 0
9901 1
9903 1
9905 1
9907 1
9910 1
9913 1
9916 1
9923 1
9926 1
9928 0
9930 1
9931 1
9932 1
9934 0
9936 0
9940 0
9941 1
9943 1
9945 0
9950 0
9952 1
9956 1
9959 0
9961 1
9962 1
9963 1
9966 1
9970 1
9972 0
9973 0
9974 0
9975 0
9976 1
9977 0
9979 0
9460 1
9464 1
9470 1
9472 1
9478 1
9482 0
9485 1
9486 1
9487 0
9493 1
9495 1
9500 1
9504 0
9505 0
9506 0
9509 1
9510 0
9512 1
9513 1
9514 1
9516 0
9518 1
9519 1
9521 1
9523 1
9524 1
9527 1
9529 1
9530 1
9531 0
9533 1
9534 1
9536 1
9538 0
9539 1
9540 1
9541 1
9543 1
9544 0
9545 1
9548 1
9552 1
9558 1
9560 1
9562 1
9564 0
9565 0
9568 1
9569 1
9571 1
9572 1
9575 0
9577 1
9586 1
9589 1
9590 0
9591 0
9593 0
9594 0
9602 1
9610 0
9612 1
9613 1
9617 1
9618 1
9620 1
9625 1
9626 1
9627 1
9628 1
9629 1
9631 1
9633 0
9642 0
9643 1
9645 1
9646 1
9650 1
9652 1
9653 1
9659 1
9660 1
9661 1
9662 1
9664 1
9666 1
9670 1
9671 1
9673 0
9679 1
9682 1
9687 1
9695 1
9697 1
9699 1
9701 1
9704 1
9706 0
9707 0
9709 1
9716 0
9719 0
9199 1
9204 1
9207 1
9209 0
9214 0
9217 0
9220 1
9222 1
9223 1
9224 0
9228 0
9231 1
9235 1
9236 1
9238 1
9239 1
9242 1
9243 1
9246 1
9251 1
9253 1
9254 0
9255 1
9259 1
9260 1
9262 1
9265 1
9269 0
9273 1
9274 1
9278 1
9281 0
9282 0
9289 1
9290 1
9291 1
9292 1
9293 0
9296 0
9298 1
9299 1
9300 1
9301 0
9302 1
9304 0
9305 1
9308 1
9314 0
9315 1
9317 1
9318 1
9320 0
9321 0
9322 1
9324 1
9329 1
9331 1
9332 1
9333 1
9334 0
9336 1
9338 1
9340 1
9341 1
9343 1
9344 0
9345 0
9350 1
9351 1
9355 0
9356 1
9357 0
9362 0
9364 1
9368 1
9371 0
9375 1
9377 1
9380 0
9382 1
9385 1
9387 1
9388 1
9393 1
9394 1
9396 0
9398 0
9400 1
9402 1
9403 0
9405 1
9409 0
9410 0
9411 1
9413 0
9415 1
9417 1
9424 1
9425 0
9432 0
9433 0
9435 0
9437 0
9438 1
9439 1
9442 1
9444 1
9445 1
9450 0
9451 1
9454 1
9455 1
8942 1
8946 1
8951 1
8954 1
8955 1
8956 1
8959 0
8961 1
8966 1
8967 1
8969 1
8971 1
8972 1
8973 1
8975 0
8988 1
8995 1
8996 0
8998 1
9000 1
9005 1
9006 0
9009 0
9010 0
9011 1
9012 1
9016 1
9022 1
9023 1
9024 1
9028 0
9033 1
9034 0
9035 1
9037 1
9038 1
9039 1
9042 1
9045 1
9046 1
9047 0
9048 1
9051 1
9052 1
9054 0
9058 1
9059 1
9062 0
9067 0
9071 1
9073 0
9076 0
9083 1
9084 0
9085 0
9087 1
9089 1
9093 0
9095 1
9096 0
9098 1
9102 0
9103 1
9105 1
9106 1
9107 1
9110 1
9116 1
9118 1
9124 1
9128 0
9131 0
9135 1
9136 1
9137 1
9140 1
9143 1
9144 1
9148 0
9152 0
9155 1
9156 1
9158 0
9160 1
9165 1
9167 1
9168 1
9172 1
9174 0
9176 1
9177 1
9179 1
9180 1
9182 1
9184 1
9186 0
9189 1
9191 1
9196 1
9197 0
9198 1
8679 1
8680 1
8681 1
8683 1
8684 1
8685 1
8686 1
8688 1
8689 1
8691 1
8692 1
8693 1
8695 0
8698 0
8700 1
8701 1
8703 1
8708 0
8709 1
8710 1
8712 0
8713 0
8715 1
8721 1
8723 0
8725 1
8731 1
8733 0
8740 1
8743 1
8748 1
8749 1
8750 1
8752 1
8765 1
8767 1
8772 0
8773 1
8777 1
8778 1
8786 1
8787 0
8791 1
8795 1
8796 1
8800 0
8801 0
8802 1
8803 1
8805 1
8807 1
8812 1
8814 1
8820 1
8823 1
8825 0
8827 1
8829 0
8831 1
8833 1
8836 0
8837 1
8839 1
8846 1
8847 1
8848 1
8849 1
8855 1
8861 0
8863 1
8865 1
8866 1
8867 1
8877 1
8878 1
8884 1
8886 1
8893 0
8894 1
8895 1
8896 0
8900 1
8901 1
8903 0
8906 0
8911 0
8912 1
8914 1
8915 1
8917 1
8919 1
8920 1
8922 1
8923 1
8931 0
8933 1
8937 0
8939 1
8418 1
8419 1
8420 0
8422 1
8428 1
8429 1
8432 1
8433 1
8437 0
8438 1
8442 0
8443 1
8445 1
8446 1
8448 1
8449 1
8453 1
8454 1
8455 1
8457 1
8461 0
8464 1
8466 1
8472 1
8474 0
8480 0
8483 1
8486 1
8488 0
8489 1
8492 1
8495 1
8496 1
8499 0
8500 1
8505 1
8507 1
8508 1
8509 1
8510 1
8515 1
8519 1
8521 1
8526 0
8528 1
8530 0
8532 1
8533 1
8534 0
8537 1
8540 0
8541 1
8547 0
8549 1
8550 1
8552 0
8553 1
8554 1
8560 0
8562 1
8567 1
8568 1
8569 1
8570 1
8572 0
8574 1
8577 0
8579 0
8584 1
8586 1
8588 1
8590 1
8598 1
8605 1
8607 1
8612 1
8616 1
8617 1
8622 0
8625 1
8626 1
8627 1
8628 1
8631 1
8632 1
8633 1
8636 1
8642 1
8644 0
8645 1
8646 0
8647 0
8650 1
8652 1
8653 1
8658 1
8659 1
8661 1
8663 1
8666 1
8668 1
8673 1
8675 0
8161 1
8164 0
8173 1
8175 1
8178 1
8179 1
8184 0
8185 1
8187 0
8188 0
8189 0
8191 0
8192 1
8193 1
8194 1
8197 1
8203 1
8208 1
8209 1
8210 1
8212 1
8215 1
8218 1
8222 1
8223 0
8224 0
8225 0
8227 1
8229 1
8230 1
8231 1
8232 0
8233 1
8234 0
8245 1
8246 0
8249 1
8251 0
8252 0
8254 1
8257 1
8262 1
8263 1
8265 0
8267 1
8268 0
8269 1
8270 0
8276 1
8278 1
8280 0
8283 1
8284 1
8289 1
8293 1
8294 1
8295 1
8297 1
8301 1
8302 0
8304 1
8309 0
8317 1
8319 0
8321 0
8324 1
8327 1
8328 1
8334 0
8335 1
8337 1
8341 1
8345 1
8346 0
8347 1
8360 0
8364 1
8366 1
8367 0
8370 0
8372 0
8373 1
8377 1
8379 1
8380 1
8381 0
8386 0
8389 1
8390 1
8392 0
8393 0
8399 1
8400 1
8404 1
8405 0
8406 1
8407 0
8409 1
8410 1
8412 0
8415 1
8416 1
8417 1
7898 0
7904 1
7907 0
7908 1
7909 0
7913 0
7914 1
7917 1
7919 1
7921 0
7923 0
7926 1
7928 1
7932 0
7933 1
7937 1
7940 1
7941 1
7942 1
7947 0
7954 1
7955 1
7956 0
7957 1
7960 1
7961 1
7964 0
7969 1
7976 1
7978 1
7980 1
7983 1
7991 1
7993 1
7995 1
7996 0
7997 1
8001 1
8002 0
8003 0
8005 0
8006 1
8009 1
8010 1
8012 0
8016 1
8021 1
8022 1
8025 1
8027 1
8028 0
8029 1
8033 1
8035 1
8040 1
8041 1
8042 1
8046 0
8048 1
8049 1
8050 0
8052 1
8053 0
8059 1
8062 1
8075 1
8076 1
8078 1
8082 0
8091 1
8098 0
8100 1
8102 0
8105 1
8107 1
8109 1
8110 1
8124 1
8125 1
8126 0
8127 0
8130 1
8133 1
8135 1
8136 1
8137 1
8139 0
8140 1
8141 0
8142 1
8144 1
8146 1
8147 1
8150 1
8151 1
8155 1
8156 1
7640 1
7641 1
7657 0
7658 1
7665 0
7673 1
7676 1
7677 1
7679 1
7680 0
7684 0
7685 0
7686 1
7687 1
7688 1
7693 0
7695 1
7697 1
7698 1
7699 1
7705 1
7706 1
7707 1
7709 0
7711 1
7720 1
7722 1
7726 1
7728 1
7731 0
7732 1
7734 1
7736 1
7739 0
7740 0
7744 0
7746 0
7749 1
7750 0
7753 1
7756 0
7757 0
7758 1
7759 0
7762 1
7763 0
7764 1
7765 0
7766 1
7767 1
7770 1
7772 1
7774 1
7777 1
7780 0
7783 0
7784 1
7787 0
7788 1
7789 1
7791 1
7793 1
7796 0
7797 1
7798 1
7805 0
7806 0
7808 0
7809 1
7815 1
7817 0
7819 1
7822 0
7829 1
7838 0
7842 1
7846 1
7847 1
7853 1
7854 0
7855 0
7857 1
7860 0
7861 1
7865 1
7870 1
7871 0
7874 0
7875 1
7879 1
7883 0
7885 1
7889 1
7890 1
7891 0
7893 1
7894 1
7895 0
7382 1
7392 1
7393 0
7396 1
7397 1
7398 1
7399 1
7400 1
7402 1
7403 1
7405 1
7409 1
7415 1
7417 1
7419 1
7423 1
7424 1
7425 0
7429 1
7430 1
7432 0
7433 1
7434 1
7435 1
7438 0
7439 0
7442 1
7445 1
7446 1
7451 1
7456 1
7462 1
7463 0
7464 1
7467 0
7470 0
7473 1
7475 1
7477 1
7478 1
7483 1
7484 1
7485 0
7490 1
7491 1
7492 1
7494 1
7495 0
7496 1
7497 1
7498 1
7502 1
7509 0
7510 1
7514 1
7515 0
7516 1
7519 1
7522 1
7523 1
7525 1
7526 1
7527 1
7529 1
7530 0
7532 1
7538 1
7541 0
7542 1
7546 1
7547 1
7549 0
7550 0
7552 1
7554 0
7555 1
7556 1
7557 0
7563 1
7565 0
7566 0
7568 1
7570 1
7571 0
7572 1
7574 1
7578 1
7579 1
7580 1
7583 1
7589 1
7590 1
7591 1
7593 1
7594 0
7595 1
7597 1
7598 0
7605 1
7607 1
7608 0
7610 0
7611 0
7612 1
7615 1
7616 1
7620 1
7621 1
7622 1
7624 0
7625 0
7627 1
7633 0
7635 1
7638 1
7126 1
7127 1
7129 1
7131 1
7132 1
7134 1
7136 1
7138 0
7142 1
7144 1
7147 0
7149 1
7150 0
7157 0
7158 1
7160 1
7163 0
7164 1
7165 1
7170 1
7172 0
7173 1
7177 0
7179 1
7181 1
7182 1
7183 1
7186 1
7187 1
7189 0
7193 1
7202 0
7207 1
7208 1
7209 1
7211 1
7217 1
7225 1
7226 1
7231 1
7233 1
7234 1
7235 1
7237 1
7238 0
7242 1
7248 0
7249 1
7250 1
7257 0
7258 1
7259 1
7260 1
7262 1
7270 1
7276 0
7280 1
7281 1
7282 0
7283 1
7284 1
7285 1
7294 1
7295 1
7296 1
7297 0
7299 1
7304 0
7305 1
7306 1
7307 0
7312 1
7313 0
7318 1
7321 1
7324 1
7325 1
7327 1
7329 1
7330 0
7331 1
7333 1
7334 1
7335 1
7337 1
7339 0
7340 0
7343 1
7345 0
7346 0
7347 1
7348 1
7349 1
7352 0
7354 1
7357 1
7358 1
7360 1
7361 1
7364 1
7366 0
7368 1
7371 0
7375 0
7377 1
6864 1
6865 1
6869 0
6870 1
6872 1
6875 0
6876 1
6877 1
6878 1
6879 1
6881 0
6882 1
6886 0
6887 1
6890 1
6893 1
6896 1
6897 1
6898 1
6899 0
6900 1
6901 0
6903 0
6904 0
6905 1
6906 1
6911 0
6915 0
6916 1
6917 1
6919 0
6920 1
6925 0
6926 1
6928 0
6929 1
6930 1
6931 1
6932 1
6933 1
6935 1
6936 1
6943 0
6944 1
6948 1
6951 1
6952 0
6953 1
6954 1
6955 0
6957 1
6958 1
6960 1
6961 0
6962 1
6965 1
6969 1
6979 1
6980 1
6984 0
6988 1
6992 1
7003 1
7004 1
7005 1
7007 0
7008 1
7014 1
7016 0
7018 0
7021 1
7025 1
7027 1
7031 0
7033 1
7034 1
7035 0
7037 0
7043 1
7044 0
7048 1
7049 1
7053 1
7054 1
7055 1
7060 1
7061 1
7063 0
7064 0
7065 1
7068 1
7069 0
7079 1
7080 1
7081 1
7084 1
7087 1
7089 1
7090 0
7093 0
7094 0
7097 1
7098 1
7101 1
7103 0
7104 1
7106 0
7108 1
7115 0
7121 1
6604 0
6609 0
6613 1
6615 0
6616 1
6618 1
6619 1
6622 1
6623 0
6624 1
6625 0
6628 1
6629 1
6632 1
6635 1
6637 1
6643 1
6646 1
6647 1
6651 1
6653 1
6654 1
6655 0
6657 1
6661 0
6665 1
6668 0
6671 1
6673 0
6675 1
6679 1
6681 1
6682 1
6692 0
6693 0
6694 1
6703 1
6704 1
6707 1
6709 1
6712 1
6716 0
6717 1
6718 0
6720 1
6723 1
6724 0
6725 1
6728 1
6732 0
6733 1
6737 1
6745 1
6747 1
6753 1
6755 1
6758 1
6762 1
6764 0
6765 1
6768 1
6770 1
6773 1
6774 1
6777 1
6780 1
6781 1
6785 1
6786 1
6789 0
6790 1
6792 1
6795 0
6797 0
6801 1
6804 1
6808 1
6812 1
6813 0
6817 1
6820 0
6822 1
6823 1
6824 1
6826 1
6829 0
6831 1
6837 1
6841 0
6843 1
6848 1
6852 1
6853 1
6855 1
6857 0
6860 1
6861 1
6344 1
6348 0
6349 0
6351 0
6353 1
6359 1
6365 1
6367 0
6377 0
6380 1
6381 1
6384 0
6385 0
6386 1
6387 1
6394 0
6399 1
6400 1
6401 0
6405 0
6408 1
6409 1
6410 1
6414 1
6415 1
6416 1
6417 0
6419 0
6420 1
6424 1
6428 1
6429 1
6431 1
6433 1
6435 0
6436 0
6439 1
6442 0
6443 0
6445 0
6450 1
6452 1
6454 0
6455 1
6457 0
6458 1
6460 0
6464 0
6465 0
6468 1
6473 1
6474 1
6475 1
6477 1
6478 1
6480 0
6482 1
6483 1
6484 0
6486 1
6487 1
6488 1
6490 0
6495 1
6499 0
6501 1
6502 1
6503 1
6507 1
6509 1
6510 1
6512 1
6513 1
6514 1
6517 1
6520 1
6522 1
6523 1
6524 0
6528 1
6540 1
6543 0
6548 1
6550 1
6551 1
6554 1
6555 1
6556 1
6557 1
6558 0
6565 1
6566 1
6568 0
6569 1
6570 1
6573 1
6574 1
6575 0
6576 1
6578 1
6579 1
6584 1
6585 0
6586 0
6589 1
6596 0
6597 0
6599 0
6083 1
6086 1
6087 1
6088 1
6091 1
6095 0
6096 0
6097 1
6104 1
6115 1
6116 1
6117 1
6118 1
6119 1
6120 0
6121 1
6122 0
6126 1
6128 1
6134 1
6136 1
6137 0
6140 1
6141 1
6152 1
6155 1
6157 0
6158 1
6159 1
6160 0
6164 1
6166 1
6167 1
6172 0
6173 1
6175 1
6176 1
6181 1
6183 1
6184 1
6186 0
6187 1
6188 0
6194 0
6195 1
6198 1
6199 1
6201 1
6202 1
6203 1
6204 0
6215 1
6217 1
6218 1
6224 1
6227 1
6235 0
6239 0
6240 1
6252 1
6259 1
6260 0
6261 0
6262 1
6263 1
6266 1
6269 0
6270 0
6272 1
6273 1
6277 1
6278 0
6280 0
6283 1
6284 1
6285 1
6288 1
6289 0
6291 0
6293 0
6295 0
6296 1
6301 0
6303 0
6304 0
6305 1
6306 1
6311 1
6313 1
6314 1
6316 1
6321 1
6329 1
6332 1
6333 1
6334 1
6335 1
6337 0
5818 0
5819 1
5820 1
5825 1
5828 1
5831 1
5833 0
5834 1
5835 1
5836 1
5839 1
5840 0
5843 1
5845 1
5849 1
5853 0
5855 1
5864 1
5867 0
5869 0
5873 1
5877 0
5880 1
5883 1
5888 0
5892 0
5895 1
5897 1
5899 1
5900 1
5902 0
5907 0
5909 1
5913 1
5914 1
5915 0
5916 1
5922 1
5925 0
5927 1
5928 0
5930 0
5932 0
5933 1
5934 1
5936 0
5940 1
5941 1
5947 1
5949 1
5950 1
5953 1
5956 1
5957 0
5958 1
5962 1
5966 0
5969 1
5970 1
5971 0
5973 1
5979 1
5981 1
5982 1
5983 1
5985 0
5988 1
5991 1
5994 1
5995 1
5999 1
6003 1
6004 1
6005 0
6008 1
6010 1
6011 1
6012 0
6017 0
6020 0
6021 1
6024 1
6026 1
6028 0
6032 1
6035 1
6036 0
6044 1
6045 1
6047 1
6048 1
6049 0
6050 1
6051 1
6053 1
6054 1
6057 0
6063 0
6067 0
6068 1
6070 1
6071 1
6074 0
6076 1
5561 1
5563 1
5565 0
5568 1
5570 0
5571 0
5573 1
5574 1
5576 1
5578 1
5580 0
5582 1
5586 1
5589 0
5590 1
5591 1
5594 1
5595 1
5598 1
5601 0
5602 1
5604 1
5605 0
5606 1
5610 0
5615 1
5616 1
5617 1
5621 1
5624 1
5625 0
5627 1
5629 1
5632 1
5633 1
5637 1
5638 1
5641 1
5642 1
5643 1
5644 1
5648 1
5651 1
5652 1
5658 1
5659 1
5660 1
5661 1
5662 1
5664 1
5668 1
5671 0
5674 0
5680 1
5681 1
5682 0
5683 1
5690 1
5691 0
5696 1
5697 1
5699 1
5700 1
5708 1
5714 0
5715 1
5716 1
5723 1
5724 1
5727 0
5730 1
5731 1
5732 0
5738 1
5740 0
5744 1
5747 1
5750 1
5751 1
5752 1
5753 1
5754 0
5755 1
5756 0
5757 1
5759 0
5760 0
5762 1
5768 1
5769 0
5772 1
5773 1
5778 1
5780 0
5784 1
5791 0
5792 1
5794 1
5796 1
5798 1
5801 0
5806 0
5807 1
5808 1
5814 1
5295 1
5297 0
5299 1
5301 1
5304 1
5307 1
5308 1
5310 0
5312 1
5315 1
5318 1
5321 0
5323 0
5324 0
5327 0
5329 0
5331 0
5332 1
5336 1
5337 1
5339 1
5341 0
5342 1
5343 1
5346 0
5348 0
5349 1
5351 1
5353 1
5357 1
5359 0
5360 1
5365 0
5366 0
5370 0
5371 1
5374 1
5375 0
5381 1
5386 1
5389 0
5390 0
5392 1
5398 1
5401 0
5408 1
5409 1
5411 1
5412 1
5418 1
5421 1
5422 0
5423 0
5430 1
5434 1
5436 1
5437 1
5438 1
5441 1
5446 0
5448 1
5450 1
5451 1
5452 0
5453 1
5459 1
5466 1
5467 1
5468 0
5471 0
5472 1
5475 1
5476 1
5480 1
5484 1
5487 1
5490 1
5492 1
5493 1
5497 1
5506 1
5509 1
5513 1
5514 1
5515 1
5516 1
5519 1
5520 1
5521 1
5522 1
5523 1
5528 1
5532 0
5541 1
5542 0
5543 0
5545 1
5546 1
5548 1
5549 1
5552 0
5555 0
5035 1
5036 1
5039 1
5041 1
5043 0
5045 1
5048 1
5051 1
5056 1
5058 0
5059 0
5062 1
5064 1
5071 1
5073 0
5076 1
5077 1
5079 1
5084 1
5088 1
5090 1
5094 1
5096 0
5097 1
5105 1
5106 1
5107 1
5110 1
5113 1
5114 1
5115 1
5120 1
5121 1
5124 1
5125 1
5128 0
5132 1
5135 0
5136 1
5137 0
5138 1
5143 1
5145 1
5147 0
5149 0
5152 0
5154 0
5156 1
5158 0
5161 1
5166 1
5170 1
5171 1
5172 0
5174 1
5176 1
5178 1
5181 1
5183 1
5185 1
5186 1
5190 0
5193 1
5194 1
5203 0
5204 0
5206 0
5207 1
5208 1
5209 1
5212 1
5213 1
5214 1
5216 1
5221 1
5223 1
5226 1
5227 1
5228 1
5230 1
5231 1
5234 1
5240 0
5246 1
5247 1
5248 1
5250 1
5257 1
5260 1
5264 1
5270 1
5272 1
5274 1
5279 1
5281 1
5283 0
5286 1
5288 0
5294 1
4776 1
4789 1
4790 1
4791 1
4792 1
4793 1
4795 1
4796 0
4798 0
4800 1
4801 1
4806 0
4808 1
4813 0
4816 1
4819 1
4821 1
4827 0
4828 0
4829 1
4831 1
4833 1
4835 1
4836 1
4839 1
4844 1
4845 1
4849 1
4852 1
4857 0
4858 1
4859 1
4860 1
4863 0
4867 1
4868 1
4870 1
4871 0
4872 1
4873 1
4877 1
4880 0
4882 1
4883 1
4884 1
4888 0
4893 0
4895 0
4896 1
4897 1
4898 1
4902 0
4904 1
4905 0
4911 1
4913 1
4914 0
4915 1
4916 1
4917 1
4919 1
4920 1
4923 1
4925 1
4926 1
4928 0
4930 0
4931 1
4935 1
4936 1
4940 1
4944 1
4945 1
4951 1
4953 1
4954 0
4964 1
4967 1
4968 1
4971 1
4972 1
4975 1
4976 0
4977 1
4978 0
4979 1
4980 1
4981 1
4982 0
4984 1
4986 1
4987 1
4989 1
4993 1
4997 1
4999 1
5000 1
5002 1
5005 1
5006 1
5007 0
5011 1
5013 1
5015 1
5019 1
5020 1
5022 0
5024 0
5028 0
5029 1
5030 1
5032 1
4513 1
4519 0
4520 1
4524 1
4525 0
4527 0
4528 0
4531 1
4533 1
4536 0
4542 1
4544 1
4547 0
4548 1
4549 1
4552 1
4554 1
4555 1
4557 1
4566 1
4571 1
4574 1
4576 1
4577 1
4578 1
4580 1
4581 1
4584 1
4585 0
4588 1
4589 0
4600 0
4601 1
4602 1
4604 1
4606 1
4607 0
4609 0
4610 1
4611 0
4612 1
4615 1
4617 0
4618 1
4620 1
4625 0
4627 1
4628 1
4631 0
4633 1
4634 0
4635 1
4637 1
4642 1
4644 0
4645 1
4646 1
4651 0
4661 1
4664 1
4665 0
4667 0
4668 1
4672 1
4675 0
4676 1
4677 0
4683 1
4685 1
4686 1
4687 1
4690 0
4691 0
4695 1
4696 1
4698 1
4700 1
4703 0
4704 1
4706 1
4708 1
4711 0
4712 1
4714 1
4715 1
4717 0
4720 1
4725 1
4726 1
4727 1
4734 0
4738 1
4739 1
4743 1
4745 1
4747 1
4750 1
4752 1
4757 0
4762 1
4763 1
4764 1
4765 1
4768 1
4773 1
4250 1
4253 1
4254 0
4255 1
4256 0
4260 0
4261 1
4263 1
4264 1
4265 1
4266 0
4267 1
4269 0
4271 1
4272 1
4275 1
4276 1
4282 1
4285 0
4292 1
4296 1
4300 1
4301 1
4307 1
4308 1
4309 1
4310 1
4311 1
4317 1
4319 0
4320 0
4322 1
4323 1
4324 0
4325 0
4326 1
4330 1
4331 1
4332 1
4338 1
4339 1
4340 1
4343 0
4344 1
4345 1
4347 1
4348 1
4349 0
4351 1
4352 1
4355 1
4363 1
4364 1
4369 0
4373 1
4375 0
4379 0
4382 0
4387 1
4389 1
4391 0
4393 0
4394 0
4396 1
4402 0
4403 1
4405 0
4411 1
4415 1
4420 1
4422 1
4424 0
4426 1
4428 1
4432 1
4433 1
4435 1
4442 1
4444 1
4446 0
4453 1
4454 1
4455 1
4456 1
4457 1
4459 1
4464 1
4468 1
4480 1
4482 1
4483 0
4484 1
4486 1
4488 1
4490 0
4493 1
4496 1
4501 0
4502 1
4503 1
4505 1
3992 0
3995 1
4000 0
4001 1
4002 1
4005 1
4008 1
4009 1
4010 1
4013 0
4014 0
4015 1
4017 1
4018 1
4019 1
4024 1
4026 1
4029 1
4030 0
4031 0
4032 1
4035 0
4036 1
4041 1
4044 1
4046 0
4048 0
4049 1
4050 0
4051 0
4053 1
4055 1
4056 1
4057 1
4060 0
4061 1
4062 0
4065 1
4066 1
4073 1
4079 1
4080 1
4081 1
4084 1
4085 0
4086 1
4087 1
4093 0
4094 0
4095 1
4096 0
4101 0
4102 1
4104 1
4106 1
4108 1
4110 0
4112 1
4113 1
4115 1
4128 0
4129 1
4130 1
4132 1
4134 1
4135 1
4136 1
4139 1
4141 1
4145 0
4148 1
4150 1
4151 1
4152 0
4156 1
4162 1
4166 1
4169 0
4170 1
4172 1
4174 1
4176 1
4177 1
4178 1
4180 1
4188 1
4193 1
4194 1
4195 0
4196 1
4197 1
4198 1
4200 1
4206 1
4208 1
4209 1
4212 0
4216 0
4219 1
4221 1
4223 1
4224 1
4225 1
4226 1
4228 0
4230 0
4236 1
4237 0
4240 0
4243 1
4244 1
4246 1
4247 1
4249 1
3734 1
3735 0
3740 1
3741 0
3742 1
3744 1
3747 1
3749 1
3751 1
3753 1
3755 0
3757 1
3759 0
3760 1
3765 1
3767 1
3769 1
3771 0
3772 1
3775 1
3776 1
3781 0
3784 1
3786 0
3789 1
3790 1
3792 1
3793 1
3797 1
3800 1
3802 1
3805 1
3807 1
3813 1
3814 0
3819 1
3825 1
3836 1
3838 1
3839 1
3842 1
3843 1
3847 1
3849 0
3850 1
3855 1
3856 1
3858 1
3860 0
3861 0
3867 1
3870 1
3875 1
3877 1
3883 1
3886 1
3887 1
3890 1
3891 1
3894 0
3895 1
3896 1
3901 1
3902 1
3907 0
3908 1
3909 1
3913 1
3916 1
3920 1
3921 0
3924 1
3925 0
3928 1
3930 1
3931 0
3933 0
3934 0
3937 1
3942 1
3943 1
3947 1
3955 1
3957 1
3958 0
3968 0
3973 1
3975 1
3978 1
3983 0
3984 1
3987 1
3480 1
3481 1
3482 1
3483 1
3486 1
3487 1
3495 0
3496 1
3497 0
3498 1
3504 1
3505 0
3509 0
3512 1
3513 1
3514 0
3515 1
3516 1
3520 1
3521 0
3525 1
3532 1
3534 1
3539 1
3542 0
3543 1
3544 0
3548 1
3551 0
3553 1
3554 1
3557 0
3559 1
3560 0
3562 1
3564 1
3565 1
3566 1
3571 1
3573 1
3579 1
3581 1
3582 1
3583 0
3585 1
3587 1
3591 1
3592 1
3593 0
3598 0
3600 1
3601 0
3602 1
3603 1
3604 1
3606 1
3608 0
3610 1
3613 1
3614 0
3615 1
3617 1
3619 0
3620 1
3622 1
3623 1
3626 1
3627 1
3628 1
3629 1
3634 1
3636 1
3638 1
3641 1
3642 0
3644 0
3648 1
3649 1
3650 0
3652 1
3657 1
3658 0
3659 0
3664 1
3665 1
3670 1
3671 1
3674 0
3677 1
3687 1
3688 0
3690 1
3692 0
3693 1
3703 1
3706 1
3707 0
3708 1
3711 1
3712 0
3713 0
3715 1
3718 1
3719 1
3720 1
3722 0
3723 1
3724 1
3725 0
3728 1
3729 1
3730 1
3731 0
3733 1
3217 0
3220 1
3221 1
3226 1
3229 0
3230 1
3235 1
3236 1
3241 1
3245 1
3246 1
3248 0
3250 1
3255 1
3259 1
3260 1
3261 1
3262 1
3266 1
3267 1
3268 1
3269 0
3273 1
3278 1
3280 1
3283 1
3286 1
3287 1
3288 1
3290 1
3291 0
3292 1
3293 1
3296 1
3297 1
3300 1
3302 0
3303 1
3304 1
3305 1
3306 0
3308 0
3310 1
3311 1
3315 1
3317 1
3321 1
3326 1
3330 1
3334 1
3335 0
3338 1
3343 1
3346 0
3348 1
3349 1
3351 1
3352 1
3353 0
3355 1
3356 0
3360 1
3361 1
3362 1
3370 0
3378 1
3379 1
3380 1
3382 1
3383 1
3384 1
3386 1
3388 1
3389 1
3390 1
3391 1
3394 0
3398 1
3400 0
3401 1
3404 1
3409 1
3410 0
3411 1
3412 1
3416 1
3418 1
3421 1
3424 1
3426 1
3434 0
3435 1
3438 1
3442 0
3444 0
3445 0
3448 1
3451 1
3454 1
3455 1
3458 1
3459 1
3464 1
3468 1
3470 1
3473 1
3475 0
2962 0
2967 1
2968 1
2969 1
2971 1
2973 1
2975 1
2976 1
2977 0
2979 1
2980 1
2984 1
2985 1
2986 0
2987 1
2988 1
2999 1
3001 1
3002 1
3003 1
3004 1
3005 0
3006 1
3016 1
3018 1
3019 1
3020 0
3023 0
3024 1
3027 0
3028 1
3032 1
3034 1
3036 1
3037 0
3038 1
3040 0
3041 1
3042 1
3044 1
3048 1
3051 1
3054 1
3056 1
3057 0
3060 1
3061 1
3062 1
3064 1
3066 1
3067 1
3070 1
3076 0
3078 1
3081 1
3084 1
3086 1
3087 0
3089 1
3097 0
3099 1
3109 1
3110 1
3121 1
3122 0
3130 1
3131 1
3133 1
3136 0
3139 1
3141 1
3143 1
3148 0
3150 0
3153 0
3154 1
3157 1
3162 1
3164 1
3166 1
3167 1
3168 1
3170 0
3171 1
3173 1
3175 0
3177 0
3179 1
3181 1
3183 1
3185 1
3189 1
3192 0
3194 1
3196 1
3198 0
3203 1
3204 1
3205 0
3206 0
3207 1
3210 1
3211 1
2698 1
2700 1
2701 1
2702 0
2703 1
2707 1
2711 1
2715 1
2717 0
2721 0
2723 1
2724 1
2725 1
2726 1
2727 0
2731 1
2733 0
2734 1
2738 1
2739 0
2740 1
2742 1
2750 0
2751 1
2752 0
2753 0
2755 1
2757 1
2758 1
2762 1
2763 1
2764 1
2768 0
2770 1
2772 0
2773 1
2777 1
2784 0
2787 1
2790 1
2793 1
2794 1
2795 0
2796 0
2799 1
2803 0
2804 1
2807 1
2808 0
2810 1
2812 1
2814 1
2816 0
2821 0
2823 0
2828 1
2829 1
2831 1
2833 1
2836 1
2837 1
2840 1
2844 1
2846 0
2848 1
2854 1
2855 1
2856 0
2858 1
2861 1
2863 0
2866 1
2869 1
2870 1
2872 1
2873 1
2874 1
2875 1
2876 0
2884 1
2889 1
2890 1
2894 0
2895 1
2896 0
2897 1
2898 1
2901 1
2902 1
2904 1
2907 1
2908 1
2909 1
2910 1
2911 1
2914 1
2915 0
2920 1
2922 0
2923 1
2928 0
2930 1
2931 1
2933 1
2934 1
2936 0
2937 1
2939 1
2942 1
2943 1
2945 0
2948 1
2951 0
2952 1
2953 1
2955 1
2956 0
2439 1
2441 1
2444 1
2447 1
2448 1
2449 1
2453 1
2461 1
2465 1
2467 0
2470 1
2472 1
2473 1
2474 1
2475 1
2476 1
2479 1
2481 1
2488 1
2490 1
2497 1
2502 1
2503 1
2504 1
2507 0
2508 1
2517 1
2518 1
2526 1
2528 1
2529 0
2530 1
2533 1
2535 1
2536 1
2541 1
2543 1
2549 1
2550 1
2552 1
2554 1
2555 0
2556 1
2558 1
2559 0
2560 1
2562 1
2567 1
2568 1
2569 1
2570 1
2571 1
2574 1
2577 0
2578 1
2580 0
2584 1
2590 0
2591 1
2594 1
2595 0
2596 0
2598 0
2601 1
2603 1
2604 1
2605 1
2606 1
2608 1
2610 1
2613 1
2621 1
2622 1
2623 1
2625 1
2630 1
2632 1
2633 0
2636 0
2642 0
2643 1
2644 1
2647 0
2649 0
2650 1
2651 0
2652 1
2654 1
2656 1
2657 1
2659 1
2660 1
2661 1
2665 1
2666 0
2669 0
2673 1
2678 1
2679 1
2680 0
2681 0
2682 1
2683 1
2687 1
2691 1
2694 1
2695 1
2696 1
2178 0
2185 1
2186 1
2187 0
2188 1
2190 0
2198 0
2199 0
2201 0
2204 1
2206 1
2208 0
2211 0
2213 0
2218 1
2220 1
2221 1
2223 1
2226 1
2227 0
2228 1
2229 1
2232 1
2233 1
2235 0
2246 1
2249 0
2250 1
2251 0
2259 1
2261 1
2265 1
2269 1
2273 1
2274 1
2275 1
2277 1
2281 1
2282 1
2285 1
2287 1
2293 1
2294 1
2301 1
2305 1
2306 1
2312 1
2313 1
2314 1
2315 0
2321 0
2323 1
2326 1
2327 1
2328 1
2334 1
2338 1
2339 0
2341 1
2343 1
2345 1
2347 1
2351 0
2362 0
2363 1
2365 1
2372 1
2376 0
2377 0
2381 1
2382 1
2384 1
2385 1
2386 1
2388 0
2389 1
2390 0
2391 1
2392 0
2394 1
2396 1
2399 0
2400 0
2407 0
2408 1
2411 1
2416 0
2419 1
2423 1
2424 1
2425 1
2426 1
2427 1
2431 0
2433 1
2434 1
1922 0
1924 1
1925 1
1926 1
1928 1
1929 1
1936 1
1937 1
1939 1
1943 1
1945 1
1949 1
1952 1
1953 1
1954 1
1955 1
1956 1
1959 0
1968 1
1971 0
1974 1
1979 1
1981 1
1984 0
1990 1
1992 0
1995 0
1997 1
2002 1
2003 1
2007 0
2009 1
2010 1
2012 1
2014 1
2018 1
2019 1
2021 1
2022 1
2025 1
2028 1
2030 1
2031 1
2032 0
2035 1
2037 1
2038 1
2046 1
2050 1
2054 1
2055 1
2056 1
2058 1
2059 1
2063 1
2065 1
2068 0
2070 1
2074 0
2075 1
2077 1
2081 1
2083 1
2088 1
2091 0
2096 1
2098 1
2100 0
2103 1
2104 1
2105 1
2109 1
2110 1
2111 1
2112 1
2116 1
2117 0
2119 1
2120 1
2122 1
2123 1
2125 0
2132 1
2134 1
2135 1
2139 1
2140 1
2141 1
2143 0
2145 1
2147 1
2152 0
2154 1
2158 0
2162 1
2166 1
2167 1
2169 0
2170 1
2174 1
1659 1
1675 1
1678 1
1679 1
1682 1
1687 1
1689 1
1693 0
1697 1
1699 0
1700 1
1704 1
1706 1
1709 0
1715 1
1716 0
1717 1
1718 0
1727 1
1729 1
1730 1
1731 1
1733 0
1734 1
1735 1
1738 1
1740 0
1743 1
1749 1
1750 1
1751 0
1754 1
1756 1
1764 1
1765 1
1766 1
1768 0
1772 1
1773 1
1774 1
1777 1
1779 1
1785 0
1786 1
1788 1
1792 0
1796 0
1797 1
1802 1
1806 1
1811 1
1812 1
1813 1
1816 0
1817 0
1822 1
1823 1
1825 1
1828 1
1833 1
1836 1
1840 1
1843 0
1844 1
1845 1
1849 0
1850 1
1851 0
1853 1
1856 1
1859 1
1861 1
1862 1
1863 1
1867 0
1869 1
1874 0
1875 0
1877 0
1885 1
1891 1
1892 1
1895 1
1898 0
1901 1
1904 1
1907 1
1908 1
1909 1
1911 1
1913 1
1918 1
1401 1
1403 0
1409 1
1411 1
1413 0
1414 1
1423 1
1425 1
1426 1
1427 1
1431 1
1432 1
1435 1
1437 1
1441 0
1442 0
1449 1
1456 0
1457 0
1459 1
1463 1
1464 0
1467 0
1468 1
1471 1
1472 0
1473 1
1477 1
1481 0
1483 1
1488 1
1490 1
1493 1
1494 1
1497 1
1502 0
1508 1
1514 0
1515 0
1516 1
1517 1
1519 1
1523 0
1524 0
1525 1
1526 1
1527 0
1528 1
1529 1
1534 1
1537 1
1539 1
1545 0
1546 1
1548 1
1550 1
1555 0
1556 0
1558 1
1563 1
1566 1
1567 1
1568 1
1569 1
1571 1
1574 0
1576 0
1578 1
1584 1
1588 1
1589 0
1593 1
1594 1
1599 1
1600 1
1606 1
1610 1
1613 0
1615 1
1617 1
1621 0
1622 1
1624 1
1625 1
1629 0
1631 1
1632 1
1633 1
1635 0
1637 1
1638 1
1643 1
1645 1
1647 1
1656 0
1139 1
1140 1
1141 1
1142 1
1143 0
1144 1
1146 0
1148 1
1149 1
1151 1
1152 1
1153 1
1154 1
1155 1
1156 1
1158 1
1159 1
1160 1
1164 1
1170 1
1172 0
1179 0
1185 1
1186 1
1189 1
1191 1
1194 0
1196 1
1198 1
1199 1
1201 1
1202 0
1203 0
1205 0
1209 1
1210 0
1214 1
1215 1
1217 0
1223 1
1224 0
1226 1
1227 1
1228 1
1230 1
1232 1
1234 1
1236 0
1238 0
1240 1
1243 1
1245 1
1246 0
1247 1
1248 0
1249 1
1250 0
1251 1
1254 1
1255 0
1257 1
1258 1
1260 1
1261 0
1262 1
1271 0
1272 1
1275 0
1277 1
1280 0
1282 0
1286 1
1288 1
1294 0
1295 0
1297 1
1312 1
1315 1
1317 1
1318 1
1319 1
1320 0
1321 0
1322 0
1323 1
1324 1
1328 1
1329 0
1330 1
1331 0
1334 1
1335 1
1338 1
1339 1
1340 1
1341 1
1342 1
1343 1
1344 0
1346 1
1347 1
1355 1
1358 1
1359 1
1360 1
1361 1
1366 0
1370 1
1372 1
1374 1
1375 0
1378 0
1381 1
1382 1
1386 1
1388 1
1392 1
881 1
883 1
885 1
887 0
890 1
896 1
897 1
898 1
899 0
902 1
908 1
910 1
918 0
919 1
920 1
922 0
929 0
931 1
937 0
938 1
945 1
947 0
948 1
953 1
954 1
956 1
958 1
961 0
965 0
970 1
974 1
975 1
977 1
982 0
984 1
989 1
995 1
998 1
999 0
1002 1
1005 0
1014 1
1015 1
1016 1
1020 1
1022 1
1023 1
1024 1
1026 1
1027 1
1030 1
1033 1
1034 1
1035 1
1036 1
1037 1
1038 0
1040 0
1041 1
1042 1
1045 1
1046 0
1052 0
1053 1
1056 0
1058 0
1059 1
1060 1
1061 0
1062 1
1063 0
1066 0
1067 0
1070 1
1075 1
1076 1
1077 0
1081 0
1089 1
1090 1
1091 1
1100 1
1105 1
1108 1
1111 1
1113 0
1114 1
1115 0
1116 1
1117 1
1120 1
1122 1
1127 1
1128 1
1129 0
1130 1
1133 0
1135 1
617 1
619 0
620 1
621 0
624 1
625 1
631 1
633 1
637 1
642 0
644 1
647 1
649 1
650 1
653 1
655 1
657 1
658 1
659 1
660 0
662 1
663 1
666 1
675 0
676 1
677 1
678 1
681 1
683 1
686 0
689 0
690 0
691 1
692 0
696 0
699 1
702 1
706 1
711 1
712 1
713 1
715 1
716 1
717 1
722 1
724 1
728 1
730 1
731 1
733 1
734 1
735 1
736 1
737 0
741 1
742 1
743 1
744 1
746 0
747 1
748 0
752 1
753 1
755 1
761 1
765 1
770 0
774 1
775 1
776 1
778 1
779 1
781 0
783 1
784 1
785 0
791 1
792 0
794 0
795 1
796 1
798 0
799 1
802 1
804 1
807 1
811 1
814 1
817 0
822 1
824 1
825 1
826 1
829 0
831 1
838 0
839 1
841 1
842 1
843 1
846 0
855 1
859 0
860 1
861 1
862 0
863 0
864 1
865 1
870 1
875 0
879 1
880 1
357 1
358 0
359 1
360 1
366 1
368 1
370 0
373 1
379 1
380 1
381 1
386 1
387 1
389 1
390 0
392 0
393 1
396 1
400 1
403 1
408 1
410 0
411 1
412 1
414 1
417 1
421 1
423 1
426 1
427 0
431 1
436 1
438 1
440 0
444 1
447 1
448 1
451 0
454 1
459 1
460 1
462 1
467 1
468 1
469 0
471 1
473 1
476 0
477 1
478 1
479 1
481 0
482 1
483 0
484 0
489 1
490 1
491 1
495 1
497 1
500 1
501 1
502 1
503 1
505 1
508 0
509 1
510 1
511 1
512 0
514 1
515 0
517 1
519 1
522 1
525 1
526 1
527 1
530 0
531 1
532 1
534 1
538 0
542 1
547 1
550 1
554 0
555 1
562 1
568 0
573 0
575 1
579 1
581 1
582 1
583 1
584 1
586 0
591 1
593 0
595 0
598 0
600 1
601 0
607 0
609 1
610 1
95 1
98 1
100 1
107 1
112 0
114 1
116 1
123 1
126 1
129 1
133 1
135 1
137 1
139 1
141 1
142 1
143 0
159 1
161 0
165 1
167 0
170 1
171 0
173 1
174 0
176 1
177 1
178 1
181 1
182 1
185 0
191 1
194 1
201 1
202 1
203 1
204 0
205 0
208 0
210 1
214 1
216 1
221 1
223 1
224 1
226 1
227 0
234 0
235 1
239 1
240 1
241 0
249 0
251 0
257 1
258 1
259 0
262 1
264 0
271 0
272 1
273 0
276 0
277 0
279 1
283 1
284 1
291 1
294 0
295 1
296 1
298 1
299 0
300 1
304 1
310 1
311 1
313 1
314 1
319 1
323 1
325 1
326 1
331 0
335 1
341 1
344 1
349 1
350 0
351 0
352 1
354 1
45759 1
45762 1
45763 1
45764 1
45766 1
45767 1
45772 1
45773 1
45774 1
45776 1
45777 1
45780 1
45782 1
45783 1
45784 1
45785 1
45788 1
45794 1
45796 1
45801 1
45803 1
45806 0
45807 0
45809 0
45810 0
45812 1
45817 1
45818 1
45819 1
45820 1
45821 1
45822 1
45824 1
45826 1
45827 1
45829 1
45833 1
45837 1
45843 1
45848 1
45850 1
45855 1
45856 0
45857 1
45859 1
45863 0
45865 0
45866 1
45867 0
45869 1
45870 1
45872 0
45873 1
45874 1
45879 1
45880 1
45884 0
45888 0
45893 0
45903 0
45904 1
45908 1
45914 0
45921 1
45923 0
45925 0
45926 0
2 1
7 1
11 1
16 0
19 1
20 1
21 1
23 1
24 1
26 1
28 0
38 0
39 1
40 1
44 1
45 1
46 1
49 1
51 1
52 1
53 1
56 1
58 1
60 1
63 1
66 1
67 1
72 1
80 1
81 1
84 1
89 1
93 1
46028 1
46030 0
46037 0
46039 1
46040 1
46041 1
46042 0
46044 1
46046 1
46047 1
46050 0
46051 0
46052 1
46054 1
46056 1
46062 1
46069 1
46071 1
46072 0
46076 1
46077 1
46078 1
46080 1
46081 1
46082 1
46085 1
46086 1
46088 1
46089 1
46090 1
46092 0
46096 1
46097 1
46100 0
46106 1
46108 1
46109 1
46110 1
46115 0
46117 1
46120 1
46123 0
46124 1
46131 1
46132 1
46133 1
46135 1
46139 1
46140 1
46141 1
46142 1
46147 1
46148 1
46149 0
46153 1
46159 1
46160 1
46162 1
46164 1
46167 0
46168 0
46171 1
46174 1
46181 1
46183 0
46185 0
46186 1
46188 1
46189 1
45663 0
45671 1
45672 1
45675 0
45676 1
45677 1
45678 1
45679 1
45681 1
45682 0
45688 0
45691 1
45692 1
45695 1
45697 1
45698 1
45701 1
45703 1
45705 1
45715 1
45718 1
45720 1
45721 1
45726 0
45727 0
45731 1
45732 0
45735 1
45736 1
45737 1
45741 1
45743 1
45745 1
45757 1
45758 1
46294 1
46295 1
46296 0
46298 1
46299 1
46305 1
46306 1
46308 1
46309 1
46311 1
46312 1
46313 1
46315 1
46317 1
46319 1
46321 1
46325 1
46326 1
46328 0
46330 1
46333 1
46336 1
46337 1
46338 1
46339 1
46340 1
46342 1
46345 0
46346 1
46349 1
46351 0
46358 1
46362 1
46365 1
46366 0
46373 1
46376 1
46377 1
46378 1
46379 1
46384 0
46386 1
46388 0
46390 1
46391 1
46393 1
46394 1
46397 1
46401 0
46402 0
46405 1
46413 1
46416 0
46417 1
46419 1
46420 0
46423 0
46424 1
46425 1
46426 0
46428 1
46429 0
46433 1
46436 1
46437 1
46441 0
46449 0
46450 1
46451 1
45928 1
45936 0
45938 1
45939 1
45941 1
45943 1
45944 1
45947 0
45949 1
45954 1
45959 1
45960 1
45961 1
45962 1
45963 1
45966 1
45967 1
45968 1
45969 1
45973 1
45974 1
45975 1
45976 1
45980 1
45982 1
45984 0
45986 1
45987 0
45995 1
45998 1
46006 0
46007 1
46008 0
46009 1
46012 0
46013 0
46014 1
46015 1
46016 1
46018 0
46020 0
46023 1
46027 0
46562 0
46563 1
46565 1
46568 1
46570 1
46576 0
46580 1
46582 1
46583 1
46586 1
46589 1
46594 1
46607 0
46610 1
46613 0
46614 1
46615 1
46624 0
46625 1
46628 1
46634 0
46637 0
46641 0
46643 0
46644 1
46646 1
46647 1
46656 1
46657 0
46658 1
46660 1
46661 1
46666 1
46668 1
46670 1
46677 1
46685 0
46692 0
46693 1
46697 1
46701 1
46704 1
46705 1
46706 0
46707 1
46710 1
46711 1
46713 1
46715 1
46717 1
46191 1
46194 1
46195 1
46196 1
46198 1
46202 0
46205 1
46206 1
46208 1
46209 1
46211 1
46213 1
46214 1
46217 1
46218 1
46221 0
46222 1
46223 1
46224 0
46227 1
46231 0
46232 1
46233 1
46235 0
46239 1
46240 1
46243 0
46247 1
46250 0
46252 1
46258 1
46261 1
46263 1
46264 1
46267 0
46269 0
46270 0
46272 1
46274 1
46276 1
46277 1
46280 1
46281 1
46286 1
46287 1
46288 1
46290 1
46291 0
46831 1
46832 1
46835 1
46837 1
46847 1
46849 0
46852 1
46853 1
46857 0
46858 1
46861 1
46862 1
46863 0
46865 1
46870 0
46872 1
46874 1
46878 1
46880 0
46882 1
46883 1
46886 1
46888 1
46889 1
46894 1
46904 0
46906 1
46908 0
46909 1
46911 1
46912 1
46918 1
46919 1
46924 1
46929 0
46930 1
46933 1
46934 0
46938 1
46940 0
46941 1
46944 1
46946 1
46950 1
46954 1
46955 1
46957 1
46958 1
46961 1
46965 1
46968 0
46969 0
46970 0
46972 1
46973 0
46974 1
46975 1
46980 1
46458 1
46460 1
46462 0
46465 1
46470 1
46472 1
46480 0
46482 1
46483 0
46485 1
46487 1
46490 1
46492 1
46497 1
46498 1
46502 1
46504 1
46508 1
46509 1
46513 0
46515 1
46516 0
46520 0
46521 0
46523 0
46524 1
46525 0
46528 0
46529 1
46530 1
46531 1
46533 0
46536 1
46543 1
46546 0
46547 1
46548 1
46549 1
46550 1
46551 1
46555 0
46556 0
47097 1
47098 1
47100 1
47103 1
47104 1
47106 1
47107 1
47111 1
47112 1
47114 1
47116 1
47117 1
47121 0
47125 1
47129 1
47130 1
47132 1
47133 0
47135 1
47137 1
47139 1
47141 1
47143 1
47147 1
47149 1
47150 1
47152 0
47153 1
47154 1
47159 1
47161 1
47162 1
47163 1
47169 1
47170 1
47172 1
47173 1
47174 0
47176 1
47177 0
47178 1
47179 1
47182 1
47186 1
47188 0
47192 1
47197 0
47198 0
47199 1
47200 1
47203 1
47206 1
47207 0
47208 1
47214 1
47215 0
47219 1
47220 0
47221 0
47222 1
47224 0
47227 1
47228 1
47229 1
47230 1
47232 1
47234 1
47237 1
47238 0
47239 1
47240 1
47243 1
47244 1
47245 1
46719 1
46721 0
46724 1
46726 1
46729 1
46730 0
46735 1
46738 0
46742 1
46743 0
46744 0
46745 0
46747 0
46748 1
46752 0
46757 1
46760 1
46764 1
46766 1
46768 1
46771 1
46773 1
46775 0
46778 0
46780 0
46782 0
46785 0
46787 0
46793 1
46794 1
46795 1
46796 1
46801 1
46809 1
46811 1
46812 0
46816 1
46821 1
46826 1
46829 1
47365 1
47366 1
47368 1
47370 1
47371 0
47375 1
47379 0
47381 0
47388 0
47389 1
47395 1
47396 1
47397 1
47403 1
47405 1
47408 0
47411 1
47420 1
47422 0
47423 1
47424 1
47425 1
47426 1
47428 0
47429 1
47432 0
47435 1
47437 1
47439 1
47440 0
47442 0
47446 1
47447 1
47448 1
47449 0
47452 1
47454 0
47458 0
47460 0
47464 1
47467 1
47468 1
47469 1
47477 1
47479 1
47484 1
47486 0
47490 1
47495 1
47499 1
47502 0
47504 1
47506 1
47507 1
47510 1
46987 0
46992 0
46994 0
46995 1
46996 0
46997 1
46999 1
47000 1
47007 1
47008 0
47012 1
47014 1
47017 1
47021 0
47022 0
47023 1
47024 0
47027 1
47028 1
47029 1
47030 1
47034 0
47040 1
47041 1
47044 1
47045 0
47047 1
47048 1
47051 0
47052 0
47058 1
47060 1
47064 1
47066 1
47075 1
47079 0
47084 1
47085 1
47086 0
47087 0
47088 1
47090 1
47093 1
47094 0
47633 1
47639 0
47642 1
47643 1
47644 1
47647 1
47648 1
47651 1
47653 1
47655 1
47659 1
47660 1
47667 1
47669 1
47671 1
47672 0
47673 1
47675 1
47677 0
47680 1
47683 1
47686 1
47689 1
47690 1
47691 1
47695 0
47699 0
47702 1
47708 1
47709 0
47710 1
47711 0
47716 1
47719 1
47720 1
47722 1
47729 1
47730 0
47732 1
47733 1
47734 0
47738 1
47739 1
47741 1
47743 1
47744 0
47745 1
47749 0
47750 1
47756 0
47758 1
47759 1
47762 1
47763 0
47768 0
47769 1
47771 1
47772 1
47248 1
47250 1
47252 1
47254 1
47257 1
47262 0
47263 1
47266 1
47270 1
47273 0
47274 0
47275 1
47276 1
47280 1
47282 1
47286 0
47287 1
47289 1
47300 1
47301 1
47305 1
47306 0
47308 0
47309 1
47311 0
47314 0
47315 1
47321 1
47323 1
47324 1
47325 1
47326 1
47327 1
47328 1
47332 1
47334 1
47337 1
47338 1
47341 1
47342 1
47344 0
47347 1
47348 1
47349 0
47352 0
47353 1
47356 1
47357 0
47359 1
47361 1
47899 0
47900 0
47904 1
47905 1
47906 1
47909 1
47914 1
47916 0
47917 0
47918 1
47922 1
47924 1
47925 0
47927 1
47931 0
47932 1
47935 1
47936 1
47937 1
47941 1
47945 0
47946 1
47948 0
47949 1
47951 1
47952 1
47953 0
47954 1
47961 0
47962 1
47963 0
47964 1
47965 1
47967 1
47968 1
47970 1
47974 0
47980 0
47981 1
47984 1
47987 1
47988 1
47989 1
47990 1
47993 0
47994 0
47995 1
47997 1
47998 1
48000 1
48003 1
48005 1
48007 0
48008 1
48010 1
48012 1
48019 1
48020 1
48021 1
48022 1
48024 1
48026 1
48031 0
48033 0
48037 1
47511 0
47512 1
47514 0
47515 1
47517 0
47518 1
47519 1
47523 0
47529 0
47537 1
47542 0
47545 1
47551 0
47552 1
47555 1
47556 1
47565 1
47566 1
47569 1
47571 1
47575 1
47578 1
47581 1
47584 0
47585 0
47587 1
47588 1
47591 1
47592 1
47593 1
47595 1
47598 0
47601 0
47603 1
47607 1
47608 1
47609 1
47610 1
47611 1
47612 0
47614 1
47616 1
47618 1
47619 0
47623 0
47625 1
47626 1
47628 1
47629 1
48170 1
48171 1
48174 1
48180 1
48185 0
48187 1
48188 1
48189 1
48190 1
48191 1
48194 1
48196 0
48198 1
48200 1
48201 1
48204 0
48207 1
48210 1
48211 0
48212 1
48215 1
48216 0
48217 1
48221 1
48224 1
48230 1
48234 1
48238 1
48243 1
48246 1
48247 0
48249 0
48250 1
48251 1
48253 1
48255 1
48256 0
48259 1
48260 1
48264 1
48265 0
48268 0
48271 1
48272 1
48275 1
48277 1
48284 1
48291 1
48297 1
48301 1
48302 1
47777 0
47778 1
47780 1
47783 1
47784 1
47786 1
47791 1
47794 0
47796 0
47798 1
47801 1
47802 1
47803 0
47805 0
47808 0
47809 1
47810 0
47815 0
47819 1
47821 1
47823 1
47824 1
47827 1
47831 1
47833 1
47834 1
47835 1
47838 1
47839 1
47841 1
47844 0
47845 0
47846 0
47851 0
47853 1
47856 1
47863 1
47869 0
47871 1
47872 1
47875 0
47876 1
47880 1
47885 1
47890 1
47892 1
47893 0
47895 0
47896 1
48432 1
48433 1
48434 1
48436 1
48440 1
48442 1
48443 1
48445 1
48450 1
48452 1
48454 1
48458 0
48460 1
48461 1
48463 1
48465 1
48466 1
48469 0
48470 1
48475 0
48476 1
48484 0
48488 0
48491 0
48495 1
48496 1
48497 0
48503 1
48508 1
48513 0
48514 1
48516 1
48517 1
48518 1
48519 1
48521 0
48523 1
48524 1
48525 1
48526 1
48527 1
48528 1
48529 1
48530 1
48532 1
48533 1
48535 1
48537 1
48538 1
48539 0
48541 1
48542 1
48543 0
48546 1
48551 0
48552 1
48554 1
48555 0
48556 1
48557 1
48563 1
48565 1
48044 0
48046 0
48047 0
48048 0
48051 1
48056 1
48057 0
48060 1
48063 1
48071 1
48081 1
48085 0
48086 0
48090 1
48094 0
48099 1
48103 1
48104 1
48105 0
48106 0
48113 1
48115 1
48116 0
48117 1
48121 1
48122 1
48125 1
48128 0
48130 0
48131 1
48133 0
48138 0
48144 1
48146 1
48147 1
48148 1
48154 1
48155 0
48157 1
48159 1
48162 1
48700 1
48701 0
48702 1
48703 1
48707 1
48709 1
48721 1
48725 1
48727 1
48728 1
48729 1
48739 1
48741 1
48743 1
48747 0
48751 1
48752 1
48753 1
48755 1
48757 1
48763 1
48765 1
48769 0
48770 1
48771 1
48774 1
48779 0
48783 0
48784 1
48785 1
48787 0
48788 1
48789 1
48791 1
48792 1
48794 1
48798 0
48802 0
48805 1
48808 1
48811 1
48823 1
48824 1
48826 1
48827 0
48828 1
48303 1
48304 1
48307 1
48308 1
48315 1
48316 1
48317 1
48319 0
48321 0
48325 0
48327 1
48329 1
48334 1
48338 1
48339 0
48340 1
48341 1
48343 0
48346 1
48349 1
48352 1
48354 1
48356 0
48359 1
48364 1
48369 1
48371 0
48372 0
48373 1
48374 0
48376 1
48377 0
48378 1
48379 1
48380 1
48382 1
48383 1
48388 1
48389 1
48390 0
48394 1
48399 1
48402 1
48404 1
48407 1
48408 1
48410 1
48413 0
48416 1
48418 0
48419 0
48421 1
48425 1
48428 1
48430 1
48965 1
48966 1
48971 1
48972 1
48973 1
48974 1
48981 0
48982 1
48984 1
48986 1
48987 0
48988 1
48990 1
48991 0
48994 0
48995 1
49001 1
49005 0
49008 1
49009 1
49016 1
49019 1
49020 1
49024 1
49030 1
49031 1
49032 1
49034 0
49038 1
49040 1
49041 1
49044 1
49045 1
49046 0
49048 0
49050 1
49054 1
49056 1
49057 1
49059 0
49061 0
49065 1
49068 0
49069 0
49070 1
49072 1
49077 1
49078 1
49079 1
49080 1
49082 1
49083 0
49084 1
49086 1
49089 1
49091 1
49094 1
48569 1
48570 1
48571 1
48572 1
48574 1
48575 1
48581 0
48582 1
48584 0
48585 1
48588 1
48595 0
48596 1
48597 1
48600 0
48601 1
48602 0
48605 0
48606 1
48608 1
48613 1
48614 1
48615 0
48619 1
48620 1
48623 1
48625 0
48628 1
48631 1
48634 1
48635 1
48637 1
48639 1
48640 1
48641 0
48643 0
48645 1
48649 1
48651 1
48652 1
48660 1
48662 1
48666 0
48669 1
48671 0
48673 1
48676 1
48678 1
48679 1
48680 0
48682 1
48685 1
48692 1
48693 0
48697 1
48698 0
49236 1
49243 1
49245 1
49246 1
49247 1
49248 1
49249 0
49250 1
49252 1
49255 1
49257 1
49258 1
49260 0
49261 0
49268 1
49269 1
49273 1
49278 1
49281 0
49282 1
49284 1
49286 0
49288 1
49290 1
49291 1
49292 0
49293 1
49295 1
49298 1
49301 0
49304 1
49309 1
49310 0
49314 1
49318 1
49320 0
49324 1
49326 1
49327 1
49332 0
49336 0
49337 1
49340 1
49345 1
49346 0
49350 1
49352 1
49356 1
48832 1
48838 0
48839 1
48841 1
48844 1
48848 1
48854 1
48858 0
48859 1
48863 1
48864 1
48865 1
48866 1
48867 1
48871 1
48874 1
48875 1
48876 1
48881 0
48882 1
48884 1
48889 1
48890 0
48891 0
48895 1
48899 1
48903 0
48913 1
48915 1
48918 1
48919 1
48920 1
48921 1
48924 1
48925 1
48926 1
48928 0
48929 1
48930 0
48933 1
48936 1
48937 1
48939 1
48941 0
48945 1
48946 1
48949 1
48952 1
48955 1
48958 0
48960 1
48961 1
48963 1
48964 1
49502 0
49504 0
49506 1
49507 1
49508 1
49509 1
49510 1
49511 1
49515 1
49516 1
49520 1
49522 0
49523 0
49526 1
49528 1
49531 0
49536 1
49537 1
49538 0
49540 0
49541 1
49549 0
49550 1
49554 1
49564 1
49565 1
49566 1
49567 1
49568 1
49570 1
49571 1
49574 0
49576 0
49583 1
49584 0
49587 0
49589 1
49590 1
49591 1
49594 1
49595 1
49598 1
49599 1
49600 0
49604 0
49606 1
49610 1
49613 1
49615 1
49616 1
49617 1
49620 1
49095 1
49096 1
49097 0
49098 1
49100 1
49101 1
49106 0
49107 1
49108 1
49109 1
49110 1
49112 1
49114 1
49115 0
49119 0
49121 1
49125 1
49126 1
49130 1
49131 1
49132 1
49134 0
49136 1
49137 1
49140 1
49142 1
49143 1
49146 0
49147 0
49152 1
49153 1
49156 0
49159 1
49163 1
49164 1
49166 1
49167 1
49171 1
49172 1
49173 1
49174 1
49175 0
49176 1
49177 1
49185 0
49187 1
49188 1
49189 0
49191 1
49192 1
49195 1
49199 1
49200 1
49202 1
49203 1
49205 1
49207 1
49210 0
49212 1
49215 1
49217 0
49218 1
49221 1
49223 1
49224 1
49229 1
49231 1
49770 0
49771 1
49772 0
49773 1
49774 1
49778 1
49780 1
49781 0
49786 0
49787 0
49790 1
49796 1
49797 0
49798 1
49799 1
49800 0
49803 1
49805 1
49807 0
49809 0
49811 0
49818 1
49819 0
49820 1
49822 1
49823 1
49826 0
49827 1
